question_id,intent,rewritten_intent,snippet,idx,time_batch,cluster,gradual_batch,gradual_new,recurring_batch,rec_new,sudden_batch,sudden_new
1476,express binary literals,convert binary string '01010101111' to integer,"int('01010101111', 2)",4,0,5,51,0,51,0,51,0
1854,What OS am I running on,get the name of the OS,print(os.name),8,0,4,51,1,45,1,51,0
22676,download a file over HTTP,download a file 'http://www.example.com/' over HTTP,"response = urllib.request.urlopen('http://www.example.com/')
html = response.read()",17,0,9,62,1,57,0,51,0
1015142,Running Python code contained in a string,"run the code contained in string ""print('Hello')""","eval(""print('Hello')"")",398,1,8,0,0,14,0,51,0
1024847,Add key to a dictionary,Add key 'a' to dictionary `data` with value 1,"data.update({'a': 1, })",400,1,1,29,0,24,0,51,0
1064335,"In Python 2.5, how do I kill a subprocess?",kill a process with id `process.pid`,"os.kill(process.pid, signal.SIGKILL)",411,1,4,61,1,11,1,51,0
1196074,How to start a background process in Python?,run shell command 'rm -r some.file' in the background,"subprocess.Popen(['rm', '-r', 'some.file'])",428,2,9,34,1,32,0,51,0
1246444,convert string to dict using list comprehension in python,convert string `x'  to dictionary splitted by `=` using list comprehension,dict([x.split('=') for x in s.split()]),434,2,1,9,0,38,0,51,0
1303243,find out if a Python object is a string,check if object `o` is a string,(type(o) is str),442,2,0,24,0,51,0,51,0
1348026,How do I create a file in python without overwriting an existing file,create file 'x' if file 'x' does not exist,"fd = os.open('x', os.O_WRONLY | os.O_CREAT | os.O_EXCL)",445,2,9,30,1,49,0,51,0
2597932,"how to change [1,2,3,4] to '1234' using python","join list of numbers `[1,2,3,4] ` to string of numbers.",""""""""""""".join([1, 2, 3, 4])",624,7,7,21,1,1,0,51,0
3559559,How to delete a character from a string using python?,How to delete a character from a string using python?,"newstr = oldstr.replace('M', '')",791,11,8,45,0,30,0,51,0
4233476,Sort a list by multiple attributes?,sort a list of lists `s` by second and third element in each list.,"s.sort(key=operator.itemgetter(1, 2))",901,14,7,64,1,5,0,51,0
4906977,Access environment variables,get value of the environment variable 'HOME' with default value '/home/username/',"print(os.environ.get('HOME', '/home/username/'))",1013,17,4,33,1,46,1,51,0
4940032,Search for string in txt file,Search for string 'blabla' in txt file 'example.txt',"if ('blabla' in open('example.txt').read()):
    pass",1023,17,0,7,0,29,0,51,0
5555063,Unescaping Characters in a String with Python,un-escaping characters in a string with python,"""""""\\u003Cp\\u003E"""""".decode('unicode-escape')",1076,18,8,35,0,34,0,51,0
6159313,Can Python test the membership of multiple values in a list?,"Check if all the values in a list `['a', 'b']` are present in another list `['b', 'a', 'foo', 'bar']`","all(x in ['b', 'a', 'foo', 'bar'] for x in ['a', 'b'])",1124,20,7,34,1,31,0,51,0
6250046,How can I remove the fragment identifier from a URL?,remove the fragment identifier `#something` from a url `http://www.address.com/something#something`,urlparse.urldefrag('http://www.address.com/something#something'),1129,20,4,30,1,12,1,51,0
6740311,Combining NumPy arrays,join Numpy array `b` with Numpy array 'a' along axis 0,"b = np.concatenate((a, a), axis=0)",1175,21,6,1,0,36,0,51,0
8247792,Python - How to cut a string in Python?,get all characters in string 'foobar' up to the fourth index,"""""""foobar""""""[:4]",1307,24,0,22,0,23,0,51,0
8249836,how to get all possible combination of items from 2-dimensional list in python?,get all possible combination of items from 2-dimensional list `a`,list(itertools.product(*a)),1309,24,7,46,1,53,0,51,0
10194713,Sorting a defaultdict by value in python,sorting a defaultdict `d` by value,"sorted(list(d.items()), key=lambda k_v: k_v[1])",1473,29,1,46,0,61,0,51,0
12666897,Removing an item from list matching a substring - Python,Remove all strings from a list a strings `sents` where the values starts with `@$\t` or `#`,[x for x in sents if not x.startswith('@$\t') and not x.startswith('#')],1663,33,8,0,0,15,0,51,0
13291539,convert double to float in Python,convert double 0.00582811585976 to float,"struct.unpack('f', struct.pack('f', 0.00582811585976))",1726,35,5,30,0,18,0,51,0
15392730,"In Python, is it possible to escape newline characters when printing a string?",Print new line character as `\n` in a string `foo\nbar`,print('foo\nbar'.encode('string_escape')),1919,40,8,0,0,61,0,51,0
18116235,Removing letters from a list of both numbers and letters,Get only digits from a string `strs`,""""""""""""".join([c for c in strs if c.isdigit()])",2105,45,0,5,0,20,0,51,0
18397805,How do I delete a row in a numpy array which contains a zero?,delete all rows in a numpy array `a` where any value in a row is zero `0`,"a[np.all(a != 0, axis=1)]",2127,45,6,31,0,31,0,51,0
19156472,Sorting numpy array on multiple columns in Python,"Sort a structured numpy array 'df' on multiple columns 'year', 'month' and 'day'.","df.sort(['year', 'month', 'day'])",2184,47,3,6,0,60,0,51,0
20056548,printing double quotes around a variable,Print a string `word` with string format,"print('""{}""'.format(word))",2239,48,8,54,0,23,0,51,0
21822054,How to force os.system() to use bash instead of shell,Run a command `echo hello world` in bash instead of shell,"os.system('/bin/bash -c ""echo hello world""')",2328,50,9,61,1,23,0,51,0
26720916,Faster way to rank rows in subgroups in pandas dataframe,"Get rank of rows from highest to lowest of dataframe `df`, grouped by value in column `group`, according to value in column `value`",df.groupby('group')['value'].rank(ascending=False),2447,54,3,46,0,7,0,51,0
29877663,Finding multiple attributes within the span tag in Python,BeautifulSoup find all 'span' elements in HTML string `soup` with class of 'starGryB sp',"soup.find_all('span', {'class': 'starGryB sp'})",2533,56,4,35,1,12,1,51,0
31385363,how to export a table dataframe in pyspark to csv?,export a table dataframe `df` in pyspark to csv 'mycsv.csv',df.toPandas().to_csv('mycsv.csv'),2582,57,3,25,0,7,0,51,0
31465002,Python regex findall alternation behavior,"find all digits in string '6,7)' and put them to a list","re.findall('\\d|\\d,\\d\\)', '6,7)')",2584,57,5,13,0,53,0,51,0
34158494,Variants of string concatenation?,"concatenate array of strings `['A', 'B', 'C', 'D']` into a string",""""""""""""".join(['A', 'B', 'C', 'D'])",2658,59,8,0,0,60,0,51,0
34338341,Regex for getting all digits in a string after a character,get all digits in a string `s` after a '[' character,"re.findall('\\d+(?=[^[]+$)', s)",2661,59,0,17,0,35,0,51,0
37878946,Indexing one array by another in numpy,create a NumPy array containing elements of array `A` as pointed to by index in array `B`,"A[np.arange(A.shape[0])[:, (None)], B]",2729,61,6,53,0,36,0,51,0
39816795,How to add a specific number of characters to the end of string in Pandas?,"Initialize a pandas series object `s` with columns `['A', 'B', 'A1R', 'B2', 'AABB4']`","s = pd.Series(['A', 'B', 'A1R', 'B2', 'AABB4'])",2775,62,3,23,0,53,0,51,0
41552839,How can I convert literal escape sequences in a string to the corresponding bytes?,"convert and escape string ""\\xc3\\x85あ"" to UTF-8 code","""""""\\xc3\\x85あ"""""".encode('utf-8').decode('unicode_escape')",2841,64,8,0,0,51,0,51,0
