question_id,intent,rewritten_intent,snippet,idx,time_batch,cluster,gradual_batch,gradual_new
209840,Map two lists into a dictionary in Python,map two lists `keys` and `values` into a dictionary,"new_dict = {k: v for k, v in zip(keys, values)}",96,0,1,9,0
319426,case insensitive string comparison,case insensitive string comparison between `first` and `second`,(first.lower() == second.lower()),143,0,0,9,0
642154,convert strings into integers,"convert string ""1"" into integer",int('1'),258,0,5,9,0
674509,"How do I iterate over a Python dictionary, ordered by values?","iterate over a python dictionary, ordered by values","sorted(list(dictionary.items()), key=lambda x: x[1])",271,0,1,9,0
674764,string find,find the index of sub string 'df' in string 'sdfasdf','sdfasdf'.index('df'),279,0,3,9,0
783897,Truncating floats in Python,truncate float 1.923328437452 to 3 decimal places,"round(1.923328437452, 3)",327,0,5,9,0
1246444,convert string to dict using list comprehension in python,convert string `x'  to dictionary splitted by `=` using list comprehension,dict([x.split('=') for x in s.split()]),434,2,1,9,0
2150739,ISO Time (ISO 8601) in Python,get current datetime in ISO format,datetime.datetime.now().isoformat(),557,5,2,9,0
4484690,How to filter a dictionary in Python?,update all values associated with key `i` to string 'updated' if value `j` is not equal to 'None' in dictionary `d`,"{i: 'updated' for i, j in list(d.items()) if j != 'None'}",940,15,1,9,0
4690366,Creating a list from a Scipy matrix,"create a matrix from a list `[1, 2, 3]`","x = scipy.matrix([1, 2, 3]).transpose()",972,16,6,9,0
5844672,Delete an element from a dictionary,Delete an element with key `key` dictionary `r`,del r[key],1097,19,1,9,0
8303993,Elegant way to transform a list of dict into a dict of dicts,convert a list of dictionaries `listofdict into a dictionary of dictionaries,"dict((d['name'], d) for d in listofdict)",1316,25,1,9,0
8425046,The best way to filter a dictionary in Python,Remove all items from a dictionary `d` where the values are less than `1`,"d = dict((k, v) for k, v in d.items() if v > 0)",1329,25,1,9,0
9775731,Clamping floating numbers in Python?,clamping floating number `my_value` to be between `min_value` and `max_value`,"max(min(my_value, max_value), min_value)",1451,28,5,9,0
10974932,python split string based on regular expression,python split string based on regular expression,"re.findall('\\S+', str1)",1538,30,0,9,0
12005558,Python - find digits in a string,get digits in string `my_string`,""""""""""""".join(c for c in my_string if c.isdigit())",1621,32,5,9,0
12211944,How to match beginning of string or character in Python,find float number proceeding sub-string `par` in string `dir`,"float(re.findall('(?:^|_)' + par + '(\\d+\\.\\d*)', dir)[0])",1630,33,5,9,0
13237941,sorting list of nested dictionaries in python,sort list of nested dictionaries `yourdata` in reverse order of 'key' and 'subkey',"yourdata.sort(key=lambda e: e['key']['subkey'], reverse=True)",1717,35,1,9,0
13413590,How to drop rows of Pandas DataFrame whose value in certain columns is NaN,"Drop rows of pandas dataframe `df` having NaN in column at index ""1""",df.dropna(subset=[1]),1743,35,3,9,0
13462365,Python 2.7 Counting number of dictionary items with given value,count the number of pairs in dictionary `d` whose value equal to `chosen_value`,sum(x == chosen_value for x in list(d.values())),1747,36,1,9,0
13636592,How to sort a Pandas DataFrame according to multiple criteria?,sort a pandas data frame according to column `Peak` in ascending and `Weeks` in descending order,"df.sort_values(['Peak', 'Weeks'], ascending=[True, False], inplace=True)",1764,36,3,9,0
14358567,Finding consecutive segments in a pandas data frame,find consecutive segments from a column 'A' in a pandas data frame 'df',df.reset_index().groupby('A')['index'].apply(np.array),1826,38,3,9,0
14507794,Python Pandas - How to flatten a hierarchical index in columns,Collapse hierarchical column index to level 0 in dataframe `df`,df.columns = df.columns.get_level_values(0),1837,38,3,9,0
14925239,Python: How to get attribute of attribute of an object with getattr?,Evaluate a nested dictionary `myobject.id.number` to get `number` if `myobject` is present with getattr,"getattr(getattr(myobject, 'id', None), 'number', None)",1871,39,1,9,0
15411107,Delete a dictionary item if the key exists,Delete an item with key `key` from `mydict`,del mydict[key],1921,40,1,9,0
15752422,Python Pandas - Date Column to Column index,set dataframe `df` index using column 'month',df.set_index('month'),1942,41,3,9,0
16228248,Python: simplest way to get list of values from dict?,Retrieve list of values from dictionary 'd',list(d.values()),1977,41,1,9,0
17071871,Select rows from a DataFrame based on values in a column in pandas,"Select rows whose value of the ""B"" column is ""one"" or ""three"" in the DataFrame `df`","print(df.loc[df['B'].isin(['one', 'three'])])",2027,43,3,9,0
18684397,"How to create datetime object from ""16SEP2012"" in python","create datetime object from ""16sep2012""","datetime.datetime.strptime('16Sep2012', '%d%b%Y')",2152,46,2,9,0
20180210,Python how to combine two matrices in numpy,Create new matrix object  by concatenating data from matrix A and matrix B,"np.concatenate((A, B))",2249,48,6,9,0
21164910,Delete Column in Pandas based on Condition,delete all columns in  DataFrame `df` that do not hold a non-zero value in its records,"df.loc[:, ((df != 0).any(axis=0))]",2297,50,3,9,0
27905295,How to replace NaNs by preceding values in pandas DataFrame?,replace nans by preceding values in pandas dataframe `df`,"df.fillna(method='ffill', inplace=True)",2477,54,3,9,0
27946742,Regular expression in Python sentence extractor,Regular expression in Python sentence extractor,"re.split('\\.\\s', re.sub('\\.\\s*$', '', text))",2478,54,0,9,0
29370211,pandas split string into columns,Unpack column 'stats' in dataframe `df` into a series of columns,df['stats'].apply(pd.Series),2514,55,3,9,0
36661837,How to retrieve only arabic texts from a string using regular expression?,retrieve arabic texts from string `my_string`,"print(re.findall('[\\u0600-\\u06FF]+', my_string))",2715,60,0,9,0
38152389,Coalesce values from 2 columns into a single column in a pandas dataframe,combine values from column 'b' and column 'a' of dataframe `df`  into column 'c' of datafram `df`,"df['c'] = np.where(df['a'].isnull, df['b'], df['a'])",2736,61,3,9,0
38426168,How to remove multiple columns that end with same text in Pandas?,get a dataframe `df2` that contains all the columns of dataframe `df` that do not end in `prefix`,"df2 = df.ix[:, (~df.columns.str.endswith('prefix'))]",2743,61,3,9,0
39719140,Pyhon - Best way to find the 1d center of mass in a binary numpy array,calculate the mean of the nonzero values' indices of dataframe `df`,np.flatnonzero(x).mean(),2773,62,3,9,0
41923906,Align numpy array according to another array,align values in array `b` to the order of corresponding values in array `a`,"a[np.in1d(a, b)]",2854,64,6,9,0
