question_id,intent,rewritten_intent,snippet,idx,time_batch,cluster,gradual_batch,gradual_new
176918,Finding the index of an item given a list containing it in Python,"finding the index of an item 'foo' given a list `['foo', 'bar', 'baz']` containing it","[i for i, j in enumerate(['foo', 'bar', 'baz']) if j == 'foo']",79,0,7,37,1
237079,get file creation & modification date/times in,get the creation time of file `file`,print(('created: %s' % time.ctime(os.path.getctime(file)))),106,0,9,37,1
300445,How to unquote a urlencoded unicode string in python?,unquote a urlencoded unicode string '%0a',urllib.parse.unquote('%0a'),133,0,8,37,0
402504,determine the variable type,determine the type of variable `v`,type(v),179,0,4,37,1
517355,String formatting in Python,Display `1 2 3` as a list of string,"print('[{0}, {1}, {2}]'.format(1, 2, 3))",221,0,5,37,0
518021,Getting the length of an array,Getting the length of array `l`,len(l),223,0,6,37,0
598398,Searching a list of objects in Python,"get elements from list `myList`, that have a field `n` value 30",[x for x in myList if x.n == 30],242,0,7,37,1
674764,string find,find the index of sub string 'a' in string `str`,str.find('a'),278,0,0,37,0
1303243,find out if a Python object is a string,check if object `o` is a string,"isinstance(o, str)",440,2,0,37,0
2186656,How can I remove all instances of an element from a list in Python?,"remove all instances of [1, 1] from list `a`","a[:] = [x for x in a if x != [1, 1]]",567,5,7,37,1
2545397,Converting a string into a list in Python,Get a list of integers `lst` from a file `filename.txt`,"lst = map(int, open('filename.txt').readlines())",614,7,9,37,1
2764586,Get current URL in Python,get current requested url,self.request.url,655,8,4,37,1
3207219,list all files of a directory,"list all "".txt"" files of a directory ""/home/adam/""",print(glob.glob('/home/adam/*.txt')),714,9,9,37,1
3460161,Remove adjacent duplicate elements from a list,"remove adjacent duplicate elements from a list `[1, 2, 2, 3, 2, 2, 4]`","[k for k, g in itertools.groupby([1, 2, 2, 3, 2, 2, 4])]",768,10,7,37,1
4048964,printing tab-separated values of a list,print elements of list `list` seperated by tabs `\t`,"print('\t'.join(map(str, list)))",872,13,7,37,1
4695143,Regex. Match words that contain special characters or 'http://',replace each occurrence of the pattern '(http://\\S+|\\S*[^\\w\\s]\\S*)' within `a` with '',"re.sub('(http://\\S+|\\S*[^\\w\\s]\\S*)', '', a)",973,16,0,37,0
7284952,Django redirect to root from a view,django redirect to view 'Home.views.index',redirect('Home.views.index'),1218,22,4,37,1
7670226,python/numpy: how to get 2D array column length?,get second array column length of array `a`,a.shape[1],1251,23,6,37,0
8092877,Split a list of tuples into sub-lists of the same tuple field,split a list of tuples `data` into sub-lists of the same tuple field using itertools,"[list(group) for key, group in itertools.groupby(data, operator.itemgetter(1))]",1280,24,7,37,1
8194156,How to subtract two lists in python,subtract elements of list `List1` from elements of list `List2`,"[(x1 - x2) for x1, x2 in zip(List1, List2)]",1294,24,7,37,1
8970524,Python regex search AND split,search and split string 'aaa bbb ccc ddd eee fff' by delimiter '(ddd)',"re.split('(ddd)', 'aaa bbb ccc ddd eee fff', 1)",1377,26,0,37,0
9759820,How to get a list of variables in specific Python module?,get a list of variables from module 'adfix.py' in current module.,print([item for item in dir(adfix) if not item.startswith('__')]),1447,28,4,37,1
10543303,number of values in a list greater than a certain number,get the number of values in list `j` that is greater than 5,len([1 for i in j if (i > 5)]),1499,29,7,37,1
10543303,number of values in a list greater than a certain number,get the number of values in list `j` that is greater than `i`,"j = np.array(j)
sum((j > i))",1501,29,7,37,1
13022385,How to properly quit a program in python,properly quit a program,sys.exit(0),1691,34,4,37,1
13168252,Comparing elements between elements in two lists of tuples,Get a list comparing two lists of tuples `l1` and `l2` if any first value in `l1` matches with first value in `l2`,[x[0] for x in l1 if any(x[0] == y[0] for y in l2)],1711,35,7,37,1
13840379,How can I multiply all items in a list together with Python?,"multiply all items in a list `[1, 2, 3, 4, 5, 6]` together","from functools import reduce
reduce(lambda x, y: x * y, [1, 2, 3, 4, 5, 6])",1781,36,7,37,1
15282189,Setting matplotlib colorbar range,Set colorbar range from `0` to `15` for pyplot object `quadmesh` in matplotlib,"quadmesh.set_clim(vmin=0, vmax=15)",1906,40,4,37,1
15313250,Python BeautifulSoup Extract specific URLs,find all anchors with a hyperlink that matches the pattern '^(?!(?:[a-zA-Z][a-zA-Z0-9+.-]*:|//))',"soup.find_all('a', href=re.compile('^(?!(?:[a-zA-Z][a-zA-Z0-9+.-]*:|//))'))",1911,40,0,37,0
16138015,Checking if any elements in one list are in another,check if any elements in one list `list1` are in another list `list2`,len(set(list1).intersection(list2)) > 0,1971,41,7,37,1
17109608,change figure size and figure format in matplotlib,change figure size to 3 by 4 in matplotlib,"plt.figure(figsize=(3, 4))",2031,43,4,37,1
18524642,Convert list of lists to list of integers,combine elements of each list in list `L` into digits of a single integer,[''.join(str(d) for d in x) for x in L],2139,46,7,37,1
20461165,How to convert pandas index in a dataframe to a column?,convert pandas index in a dataframe to columns,"df.reset_index(level=['tick', 'obs'])",2264,49,3,37,0
20573459,Getting the date of 7 days ago from current date in python,get the date 7 days before the current date,(datetime.datetime.now() - datetime.timedelta(days=7)).date(),2270,49,2,37,0
21822054,How to force os.system() to use bash instead of shell,force bash interpreter '/bin/bash' to be used instead of shell,"os.system('GREPDB=""echo 123""; /bin/bash -c ""$GREPDB""')",2327,50,9,37,1
34437284,Sum of product of combinations in a list,sum of product of combinations in a list `l`,"sum([(i * j) for i, j in list(itertools.combinations(l, 2))])",2666,59,7,37,1
34776651,Concatenate rows of pandas DataFrame with same id,group rows of pandas dataframe `df` with same 'id',df.groupby('id').agg(lambda x: x.tolist()),2676,59,3,37,0
35269374,get count of values associated with key in dict python,get the sum of values associated with the key ‘success’ for a list of dictionaries `s`,sum(d['success'] for d in s),2691,60,1,37,0
39112645,Save line in file to list,Retrieve each line from a file 'File.txt' as a list,[line.split() for line in open('File.txt')],2751,61,9,37,1
