question_id,intent,rewritten_intent,snippet,idx,time_batch,cluster,gradual_batch,gradual_new,recurring_batch,rec_new,sudden_batch,sudden_new
367155,Splitting a string into words and punctuation,split a unicode string `text` into a list of words and punctuation characters with a regex,"re.findall('\\w+|[^\\w\\s]', text, re.UNICODE)",168,0,8,0,0,9,0,18,0
379906,Parse String to Float or Int,Parse String `s` to Float or Int,"try:
    return int(s)
except ValueError:
    return float(s)",173,0,5,2,0,31,0,18,0
730764,do a try-except without handling the exception,call `doSomething()` in a try-except without handling the exception,"try:
    doSomething()
except Exception:
    pass",299,0,4,17,1,26,1,18,0
930397,Getting the last element of a list,Getting the last element of list `some_list`,some_list[(-1)],364,0,7,17,1,9,0,18,0
1514553,declare an array,declare an array with element 'i',intarray = array('i'),466,3,6,32,0,29,0,18,0
1849375,How do I INSERT INTO t1 (SELECT * FROM t2) in SQLAlchemy?,How do I INSERT INTO t1 (SELECT * FROM t2) in SQLAlchemy?,session.execute('INSERT INTO t1 (SELECT * FROM t2)'),513,4,4,16,1,28,1,18,0
2407398,merge lists into a list of tuples,merge lists `a` and `a` into a list of tuples,"list(zip(a, b))",600,6,7,18,1,62,0,18,0
3294889,Iterating over dictionaries using for loops,Iterating over a dictionary `d` using for loops,"for (key, value) in d.items():
    pass",743,10,1,22,0,21,0,18,0
3590165,Joining a list that has Integer values with Python,print a list of integers `list_of_ints` using string formatting,"print(', '.join(str(x) for x in list_of_ints))",793,11,5,3,0,41,0,18,0
4476373,Simple URL GET/POST,make an HTTP post request with data `post_data`,"post_response = requests.post(url='http://httpbin.org/post', json=post_data)",934,15,4,26,1,27,1,18,0
4588628,Find indices of elements equal to zero from numpy array,Find indices of elements equal to zero from numpy array `x`,numpy.where((x == 0))[0],952,15,6,51,0,64,0,18,0
4906977,Access environment variables,get value of the environment variable 'KEY_THAT_MIGHT_EXIST',print(os.environ.get('KEY_THAT_MIGHT_EXIST')),1011,17,4,60,1,45,1,18,0
4979542,Python - use list as function parameters,unpack the arguments out of list `params` to function `some_func`,some_func(*params),1025,17,7,43,1,60,0,18,0
5352546,best way to extract subset of key-value pairs from python dictionary object,"Extract subset of key value pair for keys 'l', 'm', 'n' from `bigdict` in python 3","{k: bigdict[k] for k in ('l', 'm', 'n')}",1062,18,1,41,0,52,0,18,0
5801945,Non-consuming regular expression split in Python,"Split a string `text` with comma, question mark or exclamation by non-consuming regex using look-behind","re.split('(?<=[\\.\\?!]) ', text)",1091,19,0,9,0,31,0,18,0
7126916,Perform a string operation for every element in a Python list,formate each string cin list `elements` into pattern '%{0}%',elements = ['%{0}%'.format(element) for element in elements],1196,21,8,0,0,52,0,18,0
8440117,How do I print a Celsius symbol with matplotlib?,Print a celsius symbol with matplotlib,ax.set_xlabel('Temperature ($^\\circ$C)'),1331,25,4,36,1,25,1,18,0
11764260,How to find the minimum value in a numpy matrix?,find the minimum value in a numpy array `arr` excluding 0,arr[arr != 0].min(),1603,32,6,34,0,3,0,18,0
13557937,How to convert decimal to binary list in python,convert decimal 8 to a list of its binary values,list('{0:0b}'.format(8)),1755,36,5,57,0,44,0,18,0
13945749,String Formatting in Python 3,"format string ""({} goals, ${})"" with variables `goals` and `penalties`","""""""({} goals, ${})"""""".format(self.goals, self.penalties)",1793,37,8,0,0,52,0,18,0
14507794,Python Pandas - How to flatten a hierarchical index in columns,Collapse hierarchical column index to level 0 in dataframe `df`,df.columns = df.columns.get_level_values(0),1837,38,3,9,0,3,0,18,0
14956683,Finding the minimum value in a numpy array and the corresponding values for the rest of that array's row,Get the value of the minimum element in the second column of array `a`,"a[np.argmin(a[:, (1)])]",1878,39,6,23,0,9,0,18,0
15313250,Python BeautifulSoup Extract specific URLs,find all anchors with a hyperlink that matches the pattern '^(?!(?:[a-zA-Z][a-zA-Z0-9+.-]*:|//))',"soup.find_all('a', href=re.compile('^(?!(?:[a-zA-Z][a-zA-Z0-9+.-]*:|//))'))",1911,40,0,60,0,61,0,18,0
15571267,Python: A4 size for a plot,"set size of `figure` to landscape A4 i.e. `11.69, 8.27` inches","figure(figsize=(11.69, 8.27))",1935,40,4,61,1,25,1,18,0
17166601,Summing across rows of Pandas Dataframe,"sum the column `positions` along the  other columns `stock`, `same1`, `same2` in a pandas data frame `df`","df.groupby(['stock', 'same1', 'same2'], as_index=False)['positions'].sum()",2043,43,3,63,0,55,0,18,0
17467504,Python re.findall print all patterns,Get all matching patterns 'a.*?a' from a string 'a 1 a 2 a 3 a 4 a'.,"re.findall('(?=(a.*?a))', 'a 1 a 2 a 3 a 4 a')",2061,44,0,10,0,35,0,18,0
17895835,format strings and named arguments in Python,"replace placeholders in string '{1} {ham} {0} {foo} {1}' with arguments `(10, 20, foo='bar', ham='spam')`","""""""{1} {ham} {0} {foo} {1}"""""".format(10, 20, foo='bar', ham='spam')",2091,44,8,0,0,30,0,18,0
18432823,how to create similarity matrix in numpy python?,Convert array `x` into a correlation matrix,np.corrcoef(x),2128,45,6,31,0,2,0,18,0
18742657,Execute Shell Script from python with variable,Execute Shell Script from python with variable,"subprocess.call(['test.sh', str(domid)])",2161,46,4,64,1,46,1,18,0
20477190,Get top biggest values from each column of the pandas.DataFrame,get biggest 3 values from each column of the pandas dataframe `data`,"data.apply(lambda x: sorted(x, 3))",2265,49,3,10,0,57,0,18,0
20638006,Convert list of dictionaries to Dataframe,convert a list of dictionaries `d` to pandas data frame,pd.DataFrame(d),2273,49,3,45,0,9,0,18,0
20865487,Pandas (python) plot() without a legend,plot dataframe `df` without a legend,df.plot(legend=False),2285,49,3,12,0,58,0,18,0
22625616,listing files from a directory using glob python,List all the files that doesn't contain the name `hello`,glob.glob('[!hello]*.txt'),2358,51,9,60,1,18,0,18,0
23887881,How to repeat Pandas data frame?,Get a repeated pandas data frame object `x` by `5` times,pd.concat([x] * 5),2393,52,3,34,0,17,0,18,0
25698710,Replace all occurrences of a string in a pandas dataframe (Python),replace all occurences of newlines `\n` with `<br>` in dataframe `df`,"df.replace({'\n': '<br>'}, regex=True)",2428,53,3,23,0,2,0,18,0
32533944,Preserving Column Order - Python Pandas and Column Concat,Convert CSV file `Result.csv` to Pandas dataframe using separator ' ',"df.to_csv('Result.csv', index=False, sep=' ')",2626,58,3,8,0,38,0,18,0
35711059,Extract dictionary value from column in data frame,extract dictionary values by key 'Feature3' from data frame `df`,feature3 = [d.get('Feature3') for d in df.dic],2699,60,3,1,0,49,0,18,0
36402748,How to sort a Dataframe by the ocurrences in a column in Python (pandas),How to sort a Dataframe by the ocurrences in a column in Python (pandas),"df.groupby('prots').sum().sort('scores', ascending=False)",2710,60,3,15,0,17,0,18,0
40156469,How to check if any value of a column is in a range in Pandas?,select all rows in dataframe `df` where the values of column 'columnX' is bigger than or equal to `x` and smaller than or equal to `y`,df[(x <= df['columnX']) & (df['columnX'] <= y)],2788,62,3,4,0,18,0,18,0
