question_id,intent,rewritten_intent,snippet,idx,time_batch,cluster,gradual_batch,gradual_new,recurring_batch,rec_new,sudden_batch,sudden_new
510348,make a time delay,make a 60 seconds time delay,time.sleep(60),216,0,4,49,1,26,1,47,0
674519,How can I convert a Python dictionary to a list of tuples?,convert python 2 dictionary `a` to a list of tuples where the value is the first tuple element and the key is the second tuple element,"[(v, k) for k, v in a.items()]",274,0,1,37,0,40,0,47,0
761804,Trimming a string,"right trimming ""\n\t"" from string `myString`",myString.rstrip('\n\t'),313,0,8,0,0,37,0,47,0
761804,Trimming a string,"Trimming a string "" Hello """,' Hello '.strip(),318,0,8,0,0,57,0,47,0
798854,All combinations of a list of lists,create a list containing all cartesian products of elements in list `a`,list(itertools.product(*a)),329,0,7,53,1,15,0,47,0
988228,Convert a String representation of a Dictionary to a dictionary?,"build a dict of key:value pairs from a string representation of a dict, `{'muffin' : 'lolz', 'foo' : 'kitty'}`","ast.literal_eval(""{'muffin' : 'lolz', 'foo' : 'kitty'}"")",394,1,1,5,0,42,0,47,0
1197600,Matching blank lines with regular expressions,match blank lines in `s` with regular expressions,"re.split('\n\\s*\n', s)",429,2,0,9,0,34,0,47,0
1580270,What's the best way to search for a Python dictionary value in a list of dictionaries?,What's the best way to search for a Python dictionary value in a list of dictionaries?,any(d['site'] == 'Superuser' for d in data),476,3,1,11,0,6,0,47,0
1666700,How to count the number of times something occurs inside a certain string?,count number of times string 'brown' occurred in string 'The big brown fox is brown',"""""""The big brown fox is brown"""""".count('brown')",484,3,0,4,0,6,0,47,0
2052390,Manually raising (throwing) an exception,throw a runtime error with message 'specific message',raise RuntimeError('specific message'),544,5,4,53,1,26,1,47,0
2111163,Selecting specific column in each row from array,get element at index 0 of first row and element at index 1 of second row in array `A`,"A[[0, 1], [0, 1]]",554,5,6,9,0,20,0,47,0
2990121,loop through a Python list by twos,loop through 0 to 10 with step 2,"for i in range(0, 10, 2):
    pass",692,9,5,32,0,38,0,47,0
3160752,Removing backslashes from a string in Python,replace backslashes in string `result` with empty string '',"result = result.replace('\\', '')",710,9,8,0,0,8,0,47,0
4127344,Transforming the string representation of a dictionary into a real dictionary,transforming the string `s` into dictionary,"dict(map(int, x.split(':')) for x in s.split(','))",882,13,8,0,0,2,0,47,0
4231345,Zip and apply a list of functions over a list of values in Python,apply a list of functions named 'functions' over a list of values named 'values',"[x(y) for x, y in zip(functions, values)]",899,14,7,44,1,41,0,47,0
4484690,How to filter a dictionary in Python?,update all values associated with key `i` to string 'updated' if value `j` is not equal to 'None' in dictionary `d`,"{i: 'updated' for i, j in list(d.items()) if j != 'None'}",940,15,1,31,0,52,0,47,0
5180365,Python Add Comma Into Number String,format floating point number  `TotalAmount` to be rounded off to two decimal places and have a comma thousands' seperator,"print('Total cost is: ${:,.2f}'.format(TotalAmount))",1042,18,5,41,0,59,0,47,0
5486725,How to execute a command prompt command from python,execute a command in the command prompt to list directory contents of the c drive `c:\\',os.system('dir c:\\'),1070,18,9,16,1,51,0,47,0
6278847,Is it possible to kill a process on Windows from within Python?,kill a process `make.exe` from python script on windows,os.system('taskkill /im make.exe'),1132,20,4,52,1,48,1,47,0
6504200,How to decode unicode raw literals to readable string?,decode unicode string `s` into a readable unicode literal,s.decode('unicode_escape'),1154,20,8,0,0,22,0,47,0
7356042,Pythonic way to populate numpy array,Create 2D numpy array from the data provided in 'somefile.csv' with each row in the file having same number of values,"X = numpy.loadtxt('somefile.csv', delimiter=',')",1229,22,6,6,0,20,0,47,0
9402255,Drawing a huge graph with networkX and matplotlib,save current figure to file 'graph.png' with resolution of 1000 dpi,"plt.savefig('graph.png', dpi=1000)",1412,27,9,56,1,56,0,47,0
9590965,Convert an IP string to a number and vice versa,convert a number 2130706433 to ip string,"socket.inet_ntoa(struct.pack('!L', 2130706433))",1431,27,5,21,0,3,0,47,0
9618050,Python regular expression with codons,match regex pattern 'TAA(?:[ATGC]{3})+?TAA' on string `seq`,"re.findall('TAA(?:[ATGC]{3})+?TAA', seq)",1433,28,0,10,0,13,0,47,0
10484261,Find dictionary items whose key matches a substring,create a list of values from the dictionary `programs` that have a key with a case insensitive match to 'new york',"[value for key, value in list(programs.items()) if 'new york' in key.lower()]",1493,29,1,22,0,62,0,47,0
11300383,How to find the count of a word in a string?,find the count of a word 'Hello' in a string `input_string`,input_string.count('Hello'),1559,31,0,18,0,32,0,47,0
11303225,How to remove multiple indexes from a list at the same time?,remove multiple values from a list `my_list` at the same time with index starting at `2` and ending just before `6`.,del my_list[2:6],1560,31,7,40,1,5,0,47,0
13794532,Python regular expression for Beautiful Soup,Find all `div` tags whose classes has the value `comment-` in a beautiful soup object `soup`,"soup.find_all('div', class_=re.compile('comment-'))",1778,36,4,62,1,28,1,47,0
14406214,Moving x-axis to the top of a plot in matplotlib,move an x-axis label to the top of a plot `ax` in matplotlib,ax.xaxis.set_label_position('top'),1828,38,4,18,1,12,1,47,0
14991195,How to remove rows with null values from kth column onward in python,"remove all null values from columns 'three', 'four' and 'five' of dataframe `df2`","df2.dropna(subset=['three', 'four', 'five'], how='all')",1883,39,3,10,0,42,0,47,0
18071222,Working with set_index in Pandas DataFrame,"set columns `['race_date', 'track_code', 'race_number']` as indexes in dataframe `rdata`","rdata.set_index(['race_date', 'track_code', 'race_number'])",2100,45,3,10,0,8,0,47,0
18358938,Get index values of Pandas DataFrame as list?,get index values of pandas dataframe `df` as list,df.index.values.tolist(),2123,45,3,55,0,16,0,47,0
20062565,Splitting a string by using two substrings in Python,search for regex pattern 'Test(.*)print' in string `testStr` including new line character '\n',"re.search('Test(.*)print', testStr, re.DOTALL)",2241,48,0,54,0,53,0,47,0
27867754,Python get focused entry name,get the widget which has currently the focus in tkinter instance `window2`,"print(('focus object class:', window2.focus_get().__class__))",2472,54,4,34,1,12,1,47,0
30357276,Pandas - FillNa with another column,fill missing value in one column 'Cat1' with the value of another column 'Cat2',df['Cat1'].fillna(df['Cat2']),2548,56,3,40,0,13,0,47,0
30994370,How can I add a comment to a YAML file in Python,Write a comment `# Data for Class A\n` to a file object `f`,f.write('# Data for Class A\n'),2570,57,9,29,1,24,0,47,0
31818050,round number to nearest integer,round number 8.005 up to 2 decimal places,"round(8.005, 2)",2602,58,5,13,0,1,0,47,0
39299703,How to check if character exists in DataFrame cell,check if character '-' exists in a dataframe `df` cell 'a',df['a'].str.contains('-'),2758,62,3,48,0,54,0,47,0
39381222,How to print/show an expression in rational number form in python,print a rational number `3/2`,print('\n\x1b[4m' + '3' + '\x1b[0m' + '\n2'),2762,62,5,15,0,35,0,47,0
