question_id,intent,rewritten_intent,snippet,idx,time_batch,cluster,gradual_batch,gradual_new,recurring_batch,rec_new,sudden_batch,sudden_new
72899,How do I sort a list of dictionaries by values of the dictionary in Python?,sort a list of dictionaries `l` by values in key `name` in descending order,"newlist = sorted(l, key=itemgetter('name'), reverse=True)",40,0,1,38,0,37,0,35,0
258746,Slicing URL with Python,"Slice `url` with '&' as delimiter  to get  ""http://www.domainname.com/page?CONTENT_ITEM_ID=1234"" from url ""http://www.domainname.com/page?CONTENT_ITEM_ID=1234&param2&param3
""",url.split('&'),114,0,8,0,0,24,0,35,0
306400,randomly select an item from a list,randomly select an item from list `foo`,random.choice(foo),136,0,7,30,1,24,0,35,0
931092,Reverse a string,Reverse a string `s`,''.join(reversed(s)),367,0,8,0,0,21,0,35,0
931092,Reverse a string,"Reverse a string ""foo""",'foo'[::(-1)],370,0,8,0,0,44,0,35,0
1712227,get the size of a list,function to get the size of object,len(),490,3,4,55,1,26,1,35,0
2553354,How to get a variable name as a string in Python?,"get a dict of variable names `['some', 'list', 'of', 'vars']` as a string and their values","dict((name, eval(name)) for name in ['some', 'list', 'of', 'vars'])",615,7,1,54,0,19,0,35,0
3494906,How do I merge a list of dicts into a single dict?,merge a list of dictionaries in list `L` into a single dict,"{k: v for d in L for k, v in list(d.items())}",777,11,1,8,0,36,0,35,0
3939361,Remove specific characters from a string,Remove character `char` from a string `a`,"a = a.replace(char, '')",844,12,8,0,0,42,0,35,0
4004550,Converting string series to float list,Converting string lists `s` to float list,floats = [float(x) for x in s.split()],868,13,5,29,0,4,0,35,0
4008546,How to pad with n characters in Python,pad 'dog' up to a length of 5 characters with 'x',"""""""{s:{c}^{n}}"""""".format(s='dog', n=5, c='x')",869,13,8,0,0,20,0,35,0
4664850,Find all occurrences of a substring in Python,find indexes of all occurrences of a substring `tt` in a string `ttt`,"[m.start() for m in re.finditer('(?=tt)', 'ttt')]",965,16,0,19,0,41,0,35,0
5843518,"Remove all special characters, punctuation and spaces from string","remove all special characters, punctuation and spaces from a string `mystring` using regex","re.sub('[^A-Za-z0-9]+', '', mystring)",1095,19,8,0,0,55,0,35,0
6280978,how to uniqify a list of dict in python,how to uniqify a list of dict in python,[dict(y) for y in set(tuple(x.items()) for x in d)],1133,20,1,39,0,36,0,35,0
9210525,convert hex to decimal,convert hex string 'deadbeef' to decimal,"int('deadbeef', 16)",1398,27,5,34,0,7,0,35,0
9354127,How to grab one random item from a database in Django/postgreSQL?,grab one random item from a database `model` in django/postgresql,model.objects.all().order_by('?')[0],1409,27,4,46,1,45,1,35,0
9427163,Remove duplicate dict in list in Python,remove duplicate dict in list `l`,[dict(t) for t in set([tuple(d.items()) for d in l])],1413,27,1,8,0,56,0,35,0
9573244,check if the string is empty,check if string `my_string` is empty,"if some_string:
    pass",1427,27,0,12,0,40,0,35,0
9969684,How do I add space between two variables after a print in Python,Print variable `count` and variable `conv` with space string '    ' in between,print(str(count) + '    ' + str(conv)),1462,28,8,0,0,60,0,35,0
10487278,Python - How to declare and add items to an array?,add an item with key 'third_key' and value 1 to an dictionary `my_dict`,my_dict.update({'third_key': 1}),1495,29,1,5,0,17,0,35,0
10569438,How to print Unicode character in Python?,print unicode characters in a string `\u0420\u043e\u0441\u0441\u0438\u044f`,print('\u0420\u043e\u0441\u0441\u0438\u044f'),1506,29,8,0,0,29,0,35,0
11399384,Extract all keys from a list of dictionaries,create a set containing all keys names from list of dictionaries `LoD`,set([i for s in [list(d.keys()) for d in LoD] for i in s]),1575,31,1,6,0,59,0,35,0
13114512,Calculating difference between two rows in Python / Pandas,calculat the difference between each row and the row previous to it in dataframe `data`,data.set_index('Date').diff(),1702,34,3,10,0,31,0,35,0
13368659,loop through an IP address range,"loop through the IP address range ""192.168.x.x""","for i in range(256):
    for j in range(256):
        ip = ('192.168.%d.%d' % (i, j))
        print(ip)",1732,35,4,42,1,26,1,35,0
15271907,"Python mySQL Update, Working but not updating table",commit all the changes after executing a query.,dbb.commit(),1905,40,4,26,1,45,1,35,0
17815945,Convert generator object to a dictionary,convert generator object to a dictionary,{i: (i * 2) for i in range(10)},2086,44,1,61,0,23,0,35,0
17972020,How to execute raw SQL in SQLAlchemy-flask app,execute raw sql queue '<sql here>' in database `db` in sqlalchemy-flask app,result = db.engine.execute('<sql here>'),2096,45,4,26,1,11,1,35,0
18524112,Norm along row in pandas,normalize the dataframe `df` along the rows,np.sqrt(np.square(df).sum(axis=1)),2138,46,3,58,0,19,0,35,0
18663644,How to account for accent characters for regex in Python?,"match a sharp, followed by letters (including accent characters) in string `str1` using a regex","hashtags = re.findall('#(\\w+)', str1, re.UNICODE)",2150,46,0,11,0,29,0,35,0
19153328,How to dynamically assign values to class properties in Python?,assign value in `group` dynamically to class property `attr`,"setattr(self, attr, group)",2183,47,4,42,1,28,1,35,0
22963263,Creating a zero-filled pandas data frame,create a dataframe `d` filled with zeros with indices from 0 to length of `data` and column names from `feature_list`,"d = pd.DataFrame(0, index=np.arange(len(data)), columns=feature_list)",2370,52,3,63,0,61,0,35,0
26724275,Removing the first folder in a path,remove first directory from path '/First/Second/Third/Fourth/Fifth',os.path.join(*x.split(os.path.sep)[2:]),2448,54,9,46,1,42,0,35,0
28161356,Sort Pandas Dataframe by Date,Sort Pandas Dataframe by Date,df.sort_values(by='Date'),2483,54,3,12,0,8,0,35,0
28780956,how to get the context of a search in BeautifulSoup?,get the context of a search by keyword 'My keywords' in beautifulsoup `soup`,k = soup.find(text=re.compile('My keywords')).parent.text,2502,55,4,59,1,11,1,35,0
30551576,Using Regular Expressions to extract specific urls in python,match urls whose domain doesn't start with `t` from string `document` using regex,"re.findall('http://[^t][^s""]+\\.html', document)",2554,56,0,5,0,16,0,35,0
33218968,How do you call a python file that requires a command line argument from within another python file?,Run 'test2.py' file with python location 'path/to/python' and arguments 'neededArgumetGoHere' as a subprocess,"call(['path/to/python', 'test2.py', 'neededArgumetGoHere'])",2645,59,9,62,1,8,0,35,0
36542169,Extract first and last row of a dataframe in pandas,extract first and last row of a dataframe `df`,"pd.concat([df.head(1), df.tail(1)])",2713,60,3,56,0,37,0,35,0
37619348,Summing 2nd list items in a list of lists of lists,Get a list of lists with summing the values of the second element from each list of lists `data`,[[sum([x[1] for x in i])] for i in data],2726,61,7,50,1,57,0,35,0
40582103,using regular expression to split string in python,use regular expression '((\\d)(?:[()]*\\2*[()]*)*)' to split string `s`,"[i[0] for i in re.findall('((\\d)(?:[()]*\\2*[()]*)*)', s)]",2806,63,0,53,0,37,0,35,0
