question_id,intent,rewritten_intent,snippet,idx,time_batch,cluster,gradual_batch,gradual_new,recurring_batch,rec_new,sudden_batch,sudden_new
172439,How do I split a multi-line string into multiple lines?,split a multi-line string `inputString` into separate strings,inputString.split('\n'),77,0,8,0,0,23,0,22,0
247770,Retrieving python module path,get the path of the python module `amodule`,path = os.path.abspath(amodule.__file__),111,0,4,31,1,47,1,22,0
783897,Truncating floats in Python,truncate float 1.923328437452 to 3 decimal places,"round(1.923328437452, 3)",327,0,5,46,0,18,0,22,0
845058,get line count,get line count of file 'myfile.txt',sum((1 for line in open('myfile.txt'))),343,0,9,58,1,2,0,22,0
1012185,"In Python, how do I index a list with another list?",index a list `L` with another list `Idx`,T = [L[i] for i in Idx],397,1,7,29,1,61,0,22,0
1712227,get the size of a list,get the size of object `items`,items.__len__(),489,3,4,15,1,46,1,22,0
2212433,Counting the Number of keywords in a dictionary in python,count the number of keys in dictionary `yourdictfile`,len(set(open(yourdictfile).read().split())),573,5,1,15,0,42,0,22,0
3518778,read csv into record array,read csv file 'myfile.csv' into array,"np.genfromtxt('myfile.csv', delimiter=',', dtype=None)",785,11,6,16,0,44,0,22,0
3548673,How to replace (or strip) an extension from a filename in Python?,replace extension '.txt' in basename '/home/user/somefile.txt' with extension '.jpg',print(os.path.splitext('/home/user/somefile.txt')[0] + '.jpg'),789,11,9,22,1,17,0,22,0
3805958,How to delete a record in Django models?,How to delete a record in Django models?,SomeModel.objects.filter(id=id).delete(),817,12,4,62,1,27,1,22,0
3933478,accessing python dictionary,get the value associated with unicode key 'from_user' of first dictionary in list `result`,result[0]['from_user'],843,12,1,55,0,42,0,22,0
4108561,How to exclude a character from a regex group?,How to exclude a character from a regex group?,re.compile('[^a-zA-Z0-9-]+'),876,13,0,12,0,20,0,22,0
4112265,How to zip lists in a list,"zip lists `[1, 2], [3, 4], [5, 6]` in a list","zip(*[[1, 2], [3, 4], [5, 6]])",879,13,7,57,1,39,0,22,0
4265988,Generate random numbers with a given (numerical) distribution,"generate a random number in 1 to 7 with a given distribution [0.1, 0.05, 0.05, 0.2, 0.4, 0.2]","numpy.random.choice(numpy.arange(1, 7), p=[0.1, 0.05, 0.05, 0.2, 0.4, 0.2])",903,14,5,34,0,17,0,22,0
4484690,How to filter a dictionary in Python?,Filter a dictionary `d` to remove keys with value None and replace other values with 'updated',"dict((k, 'updated') for k, v in d.items() if v is None)",939,15,1,3,0,64,0,22,0
5022066,How to serialize SqlAlchemy result to JSON?,serialise SqlAlchemy RowProxy object `row` to a json object,json.dumps([dict(list(row.items())) for row in rs]),1028,17,4,48,1,46,1,22,0
5333244,How to display a jpg file in Python?,Display a image file `pathToFile`,Image.open('pathToFile').show(),1058,18,9,51,1,31,0,22,0
6996603,Delete a file or folder,delete an empty directory,os.rmdir(),1191,21,9,54,1,38,0,22,0
7351270,Control a print format when printing a list in Python,print numbers in list `list` with precision of 3 decimal places,"print('[%s]' % ', '.join('%.3f' % val for val in list))",1226,22,5,29,0,56,0,22,0
8306171,Python: Extract variables out of namespace,update the `globals()` dictionary with the contents of the `vars(args)` dictionary,globals().update(vars(args)),1318,25,1,23,0,23,0,22,0
8735312,How to change folder names in python?,"Rename a folder `Joe Blow` to `Blow, Joe`","os.rename('Joe Blow', 'Blow, Joe')",1357,26,9,42,1,38,0,22,0
9304408,How to add an integer to each element in a list?,Add 1 to each integer value in list `my_list`,new_list = [(x + 1) for x in my_list],1403,27,7,14,1,34,0,22,0
10565598,Numpy: How to check if array contains certain numbers?,numpy:  check if array 'a' contains all the numbers in array 'b'.,numpy.array([(x in a) for x in b]),1504,29,6,50,0,13,0,22,0
11066400,Remove punctuation from Unicode formatted strings,substitute occurrences of unicode regex pattern u'\\p{P}+' with empty string '' in string `text`,"return re.sub('\\p{P}+', '', text)",1545,30,8,0,0,50,0,22,0
12309976,convert list into string with spaces in python,convert a list `my_list` into string with values separated by spaces,""""""" """""".join(my_list)",1636,33,8,0,0,8,0,22,0
15459217,how to set cookie in python mechanize,"Add header `('Cookie', 'cookiename=cookie value')` to mechanize browser `br`","br.addheaders = [('Cookie', 'cookiename=cookie value')]",1928,40,4,15,1,46,1,22,0
17238587,python regular expression to remove repeated words,Remove duplicate words from a string `text` using regex,"text = re.sub('\\b(\\w+)( \\1\\b)+', '\\1', text)",2046,43,0,48,0,58,0,22,0
19954469,How to get the resolution of a monitor in Pygame?,Set the resolution of a monitor as `FULLSCREEN` in pygame,"pygame.display.set_mode((0, 0), pygame.FULLSCREEN)",2234,48,4,64,1,28,1,22,0
20876077,Python: unescape special characters without splitting data,"unescape special characters without splitting data in array of strings `['I ', u'<', '3s U ', u'&', ' you luvz me']`",""""""""""""".join(['I ', '<', '3s U ', '&', ' you luvz me'])",2286,49,8,0,0,63,0,22,0
21206395,write to csv from DataFrame python pandas,Write column 'sum' of DataFrame `a` to csv file 'test.csv',"a.to_csv('test.csv', cols=['sum'])",2300,50,3,9,0,24,0,22,0
28669459,How to print variables without spaces between values,print variable `value ` without spaces,"print('Value is ""' + str(value) + '""')",2495,55,8,0,0,56,0,22,0
29983106,How can i set proxy with authentication in selenium chrome web driver using python,navigate to webpage given by url `http://www.python.org` using Selenium,driver.get('http://www.google.com.br'),2538,56,4,20,1,12,1,22,0
31405409,How to remove parentheses only around single words in a string,remove parentheses only around single words in a string `s` using regex,"re.sub('\\((\\w+)\\)', '\\1', s)",2583,57,0,3,0,1,0,22,0
32296933,removing duplicates of a list of sets,remove all duplicates from a list of sets `L`,list(set(frozenset(item) for item in L)),2619,58,7,21,1,21,0,22,0
35883459,Creating a list of dictionaries in python,Creating a list of dictionaries in python,"[{'A': 1, 'C': 4, 'B': 2, 'D': 4}, {'A': 1, 'C': 4, 'B': 1, 'D': 5}]",2703,60,1,2,0,38,0,22,0
39268928,Python: how to get rid of spaces in str(dict)?,convert dictionary `dict` into a string formatted object,"'{' + ','.join('{0!r}:{1!r}'.format(*x) for x in list(dct.items())) + '}'",2755,61,1,63,0,50,0,22,0
40144769,How to select the last column of dataframe,select the last column of dataframe `df`,df[df.columns[-1]],2787,62,3,1,0,14,0,22,0
41192805,Pandas - Sorting By Column,Concatenate dataframe `df_1` to dataframe `df_2` sorted by values of the column 'y',"pd.concat([df_1, df_2.sort_values('y')])",2830,63,3,11,0,18,0,22,0
42260840,Python - Remove dictionary from list if key is equal to value,remove dictionary from list `a` if the value associated with its key 'link' is in list `b`,a = [x for x in a if x['link'] not in b],2865,64,1,62,0,13,0,22,0
