question_id,intent,rewritten_intent,snippet,idx,time_batch,cluster,gradual_batch,gradual_new,recurring_batch,rec_new,sudden_batch,sudden_new
199059,I'm looking for a pythonic way to insert a space before capital letters,insert spaces before capital letters in string `text`,"re.sub('([a-z](?=[A-Z])|[A-Z](?=[A-Z][a-z]))', '\\1 ', text)",86,0,8,0,0,29,0,15,0
237079,get file creation & modification date/times in,get modification time of file `filename`,t = os.path.getmtime(filename),103,0,9,28,1,5,0,15,0
307305,Play a Sound with Python,play the wav file 'sound.wav',"winsound.PlaySound('sound.wav', winsound.SND_FILENAME)",137,0,9,15,1,60,0,15,0
364519,iterate over a dictionary in sorted order,iterate over a dictionary `foo` sorted by the key,"for k in sorted(foo.keys()):
    pass",156,0,1,39,0,23,0,15,0
455612,Limiting floats to two decimal points,print float `a` with two decimal points,"print(('%.2f' % round(a, 2)))",202,0,5,1,0,49,0,15,0
867866,Convert unicode codepoint to UTF8 hex in python,convert Unicode codepoint to utf8 hex,"chr(int('fd9b', 16)).encode('utf-8')",349,0,8,0,0,53,0,15,0
1207457,Convert a Unicode string to a string,Convert a Unicode string `a` to a 'ascii' string,"a.encode('ascii', 'ignore')",431,2,8,0,0,52,0,15,0
1246444,convert string to dict using list comprehension in python,convert string `x'  to dictionary splitted by `=` using list comprehension,dict([x.split('=') for x in s.split()]),434,2,1,51,0,51,0,15,0
1800187,replace values in an array,replace NaN values in array `a` with zeros,"b = np.where(np.isnan(a), 0, a)",506,4,6,47,0,22,0,15,0
1962795,How to get alpha value of a PNG image with PIL?,get alpha value `alpha` of a png image `img`,alpha = img.split()[-1],531,4,4,45,1,11,1,15,0
2805231,"How can I do DNS lookups in Python, including referring to /etc/hosts?",fetch address information for host 'google.com' ion port 80,"print(socket.getaddrinfo('google.com', 80))",668,8,4,55,1,26,1,15,0
2849286,"Python, Matplotlib, subplot: How to set the axis range?","set the y axis range to `0, 1000` in subplot using pylab","pylab.ylim([0, 1000])",674,8,4,47,1,11,1,15,0
4454298,Prepend a line to an existing file in Python,prepend the line '#test firstline\n' to the contents of file 'infile' and save as the file 'outfile',"open('outfile', 'w').write('#test firstline\n' + open('infile').read())",932,15,9,27,1,31,0,15,0
4690094,Sorting dictionary keys based on their values,sort keys of dictionary 'd' based on their values,"sorted(d, key=lambda k: d[k][1])",971,16,1,37,0,51,0,15,0
5507948,How can I insert NULL data into MySQL database with Python?,insert row into mysql database with column 'column1' set to the value `value`,"cursor.execute('INSERT INTO table (`column1`) VALUES (%s)', (value,))",1074,18,4,63,1,46,1,15,0
7635237,"numpy: syntax/idiom to cast (n,) array to a (n, 1) array?",add a new axis to array `a`,"a[:, (np.newaxis)]",1247,23,6,10,0,50,0,15,0
7794208,How can I remove duplicate words in a string with Python?,Keep only unique words in list of words `words` and join into string,"print(' '.join(sorted(set(words), key=words.index)))",1261,23,0,50,0,58,0,15,0
8905864,URL encoding in python,URL encoding in python,urllib.parse.quote_plus('a b'),1368,26,4,35,1,11,1,15,0
10037742,Replace part of a string in Python?,replace string ' and ' in string `stuff` with character '/',"stuff.replace(' and ', '/')",1464,28,8,0,0,42,0,15,0
11073609,How to group DataFrame by a period of time?,group dataframe `df` based on minute interval,df.groupby(df.index.map(lambda t: t.minute)),1547,30,3,11,0,23,0,15,0
11620914,Removing nan values from an array,remove Nan values from array `x`,x = x[numpy.logical_not(numpy.isnan(x))],1590,32,6,25,0,57,0,15,0
12329853,How to rearrange Pandas column sequence?,"Rearrange the columns 'a','b','x','y' of pandas DataFrame `df` in mentioned sequence 'x' ,'y','a' ,'b'","df = df[['x', 'y', 'a', 'b']]",1640,33,3,3,0,44,0,15,0
12723751,Replacing instances of a character in a string,Replace `;` with `:` in a string `line`,"line = line.replace(';', ':')",1667,34,8,0,0,33,0,15,0
13838405,Custom sorting in pandas dataframe,sort column `m` in panda dataframe `df`,df.sort('m'),1780,36,3,52,0,55,0,15,0
14401047,Numpy - Averaging multiple columns of a 2D array,average each two columns of array `data`,"data.reshape(-1, j).mean(axis=1).reshape(data.shape[0], -1)",1827,38,6,6,0,36,0,15,0
15103484,"How to use regular expression to separate numbers and characters in strings like ""30M1000N20M""",separate numbers and characters in string '20M10000N80M',"re.findall('([0-9]+|[A-Z])', '20M10000N80M')",1894,39,5,32,0,6,0,15,0
17166601,Summing across rows of Pandas Dataframe,Summing across rows of Pandas Dataframe,"df.groupby(['stock', 'same1', 'same2'])['positions'].sum().reset_index()",2042,43,3,48,0,7,0,15,0
17424182,Extracting all rows from pandas Dataframe that have certain value in a specific column,extract all rows from dataframe `data` where the value of column 'Value' is True,data[data['Value'] == True],2055,43,3,50,0,7,0,15,0
18594469,Normalizing a pandas DataFrame by row,normalize a pandas dataframe `df` by row,"df.div(df.sum(axis=1), axis=0)",2143,46,3,34,0,2,0,15,0
19602931,http file downloading and saving,"download file from http url ""http://randomsite.com/file.gz"" and save as ""file.gz""","urllib.request.urlretrieve('http://randomsite.com/file.gz', 'file.gz')",2210,47,9,32,1,17,0,15,0
19672101,Storing a collection of integers in a list,"store integer 3, 4, 1 and 2 in a list","[3, 4, 1, 2]",2217,48,7,55,1,16,0,15,0
22733642,how to write a unicode csv in Python 2.7,how to write a unicode csv in Python 2.7,self.writer.writerow([str(s).encode('utf-8') for s in row]),2361,51,4,20,1,47,1,15,0
24492327,Python Embedding in C++ : ImportError: No module named pyfunction,insert directory './path/to/your/modules/' to current directory,"sys.path.insert(0, './path/to/your/modules/')",2405,52,9,51,1,16,0,15,0
24642040,Using Python Requests to send file and JSON in single request,send multipart encoded file `files` to url `url` with headers `headers` and metadata `data`,"r = requests.post(url, files=files, headers=headers, data=data)",2407,53,9,58,1,32,0,15,0
29386995,How to get http headers in flask?,get http header of the key 'your-header-name' in flask,request.headers['your-header-name'],2517,55,4,61,1,47,1,15,0
30787901,How to get a value from a Pandas DataFrame and not the index and object type,get the first value from dataframe `df` where column 'Letters' is equal to 'C',"df.loc[df['Letters'] == 'C', 'Letters'].values[0]",2567,57,3,59,0,59,0,15,0
34197047,sorting list of list in python,sorting the lists in list of lists `data`,[sorted(item) for item in data],2659,59,7,64,1,60,0,15,0
36875258,copying one file's contents to another in python,copy the content of file 'file.txt' to file 'file2.txt',"shutil.copy('file.txt', 'file2.txt')",2717,60,9,35,1,56,0,15,0
38147259,How to work with surrogate pairs in Python?,Print a emoji from a string `\\ud83d\\ude4f` having surrogate pairs,"""""""\\ud83d\\ude4f"""""".encode('utf-16', 'surrogatepass').decode('utf-16')",2732,61,8,0,0,36,0,15,0
