question_id,intent,rewritten_intent,snippet,idx,time_batch,cluster,gradual_batch,gradual_new,recurring_batch,rec_new,sudden_batch,sudden_new
1476,express binary literals,convert binary string '010101' to integer,"int('010101', 2)",3,0,5,50,0,50,0,50,0
187455,Counting array elements in Python,count the number of elements in array `myArray`,len(myArray),85,0,6,59,0,3,0,50,0
663171,substring a string,get a new string including all but the last character of string `x`,x[:(-2)],264,0,8,0,0,35,0,50,0
739993,get a list of locally installed Python modules,get a list of locally installed Python modules,help('modules'),300,0,4,52,1,27,1,50,0
849674,Simple threading in Python 2.6 using thread.start_new_thread(),start a new thread for `myfunction` with parameters 'MyStringHere' and 1,"thread.start_new_thread(myfunction, ('MyStringHere', 1))",344,0,4,17,1,47,1,50,0
1038824,remove a substring from the end of a string,"remove a substring "".com"" from the end of string `url`","if url.endswith('.com'):
    url = url[:(-4)]",407,1,8,0,0,54,0,50,0
1269217,Calling a base class's classmethod in Python,Call a base class's class method `do` from derived class `Derived`,"super(Derived, cls).do(a)",437,2,4,47,1,46,1,50,0
3430372,How to get full path of current file's directory in Python?,get full path of current directory,os.path.dirname(os.path.abspath(__file__)),761,10,9,45,1,17,0,50,0
4060221,How to reliably open a file in the same directory as a Python script,open a file 'bundled-resource.jpg' in the same directory as a python script,"f = open(os.path.join(__location__, 'bundled-resource.jpg'))",874,13,9,47,1,14,0,50,0
4915920,How to delete an item in a list if it exists?,delete an item `thing` in a list `some_list` if it exists,cleaned_list = [x for x in some_list if x is not thing],1015,17,7,34,1,33,0,50,0
5137497,Find current directory,Find the full path of current directory,full_path = os.path.realpath(__file__),1037,17,9,42,1,15,0,50,0
5212870,Sorting a Python list by two criteria,Sorting a Python list by two criteria,"sorted(list, key=lambda x: (x[0], -x[1]))",1046,18,7,26,1,13,0,50,0
6378889,How to convert a string list into an integer in python,Get a list of integers by splitting  a string `user` with comma,"[int(s) for s in user.split(',')]",1141,20,5,61,0,51,0,50,0
6740311,Combining NumPy arrays,join Numpy array `b` with Numpy array 'a' along axis 0,"b = np.concatenate((a, a), axis=0)",1175,21,6,39,0,2,0,50,0
6740865,Convert Unicode to UTF-8 Python,print a unicode string `text`,print(text.encode('windows-1252')),1176,21,8,0,0,61,0,50,0
7856296,Parsing CSV / tab-delimited txt file with Python,parse tab-delimited CSV file 'text.txt' into a list,"lol = list(csv.reader(open('text.txt', 'rb'), delimiter='\t'))",1264,23,8,0,0,15,0,50,0
8134602,psycopg2: insert multiple rows with one query,"execute sql query 'INSERT INTO table VALUES(%s,%s,%s,%s,%s,%s,%s,%s,%s)' with all parameters in list `tup`","cur.executemany('INSERT INTO table VALUES(%s,%s,%s,%s,%s,%s,%s,%s,%s)', tup)",1283,24,7,14,1,59,0,50,0
8218032,How to turn a boolean array into index array in numpy,Get all indexes of boolean numpy array where boolean value `mask` is True,numpy.where(mask),1302,24,6,32,0,35,0,50,0
8751653,How can I convert a binary to a float number,convert string representation `s2` of binary string rep of integer to floating point number,"struct.unpack('d', struct.pack('Q', int(s2, 0)))[0]",1359,26,5,35,0,60,0,50,0
10697757,Python regular expression split() string,Split a string `s` by space with `4` splits,"s.split(' ', 4)",1520,30,8,0,0,50,0,50,0
10973614,Convert JSON array to Python list,Convert JSON array `array` to Python object,data = json.loads(array),1535,30,6,13,0,1,0,50,0
11066874,beautifulsoup can't find href in file using regular expression,find href value that has string 'follow?page' inside it,"print(soup.find('a', href=re.compile('.*follow\\?page.*')))",1546,30,0,38,0,39,0,50,0
11277432,How to remove a key from a python dictionary?,remove a key 'key' from a dictionary `my_dict`,"my_dict.pop('key', None)",1557,31,1,12,0,39,0,50,0
12426043,Can I read and write file in one line with Python?,write the content of file `xxx.mp4` to file `f`,"f.write(open('xxx.mp4', 'rb').read())",1648,33,9,31,1,61,0,50,0
13837848,Converting byte string in unicode string,converting byte string `c` in unicode string,c.decode('unicode_escape'),1779,36,8,0,0,52,0,50,0
14332141,Dumping subprcess output in a file in append mode,Move the cursor of file pointer `fh1` at the end of the file.,fh1.seek(2),1825,38,9,62,1,57,0,50,0
15650538,Sub matrix of a list of lists (without numpy),"Create sub matrix of a list of lists `[[2, 3, 4], [2, 3, 4], [2, 3, 4]]` (without numpy)","[[2, 3, 4], [2, 3, 4], [2, 3, 4]]",1937,40,6,36,0,60,0,50,0
18397805,How do I delete a row in a numpy array which contains a zero?,delete all rows in a numpy array `a` where any value in a row is zero `0`,"a[np.all(a != 0, axis=1)]",2127,45,6,6,0,57,0,50,0
19939084,how to plot arbitrary markers on a pandas data series?,plot point marker '.' on series `ts`,ts.plot(marker='.'),2232,48,4,30,1,11,1,50,0
30328646,Python Pandas : group by in group by and average?,Do group by on `cluster` column in `df` and get its mean,df.groupby(['cluster']).mean(),2547,56,3,4,0,48,0,50,0
31767173,How do I vectorize this loop in numpy?,find the index of the maximum value in the array `arr` where the boolean condition in array `cond` is true,"np.ma.array(np.tile(arr, 2).reshape(2, 3), mask=~cond).argmax(axis=1)",2593,57,6,33,0,36,0,50,0
32296933,removing duplicates of a list of sets,remove duplicates from a list of sets 'L',[set(item) for item in set(frozenset(item) for item in L)],2620,58,7,19,1,56,0,50,0
34410358,Splitting a string based on a certain set of words,split string 'happy_hats_for_cats' using string '_for_',"re.split('_for_', 'happy_hats_for_cats')",2663,59,8,0,0,38,0,50,0
35097130,Django order by highest number of likes,sort objects in `Articles` in descending order of counts of `likes`,Article.objects.annotate(like_count=Count('likes')).order_by('-like_count'),2686,60,7,36,1,2,0,50,0
35269374,get count of values associated with key in dict python,get the sum of values associated with the key ‘success’ for a list of dictionaries `s`,sum(d['success'] for d in s),2691,60,1,30,0,13,0,50,0
38152389,Coalesce values from 2 columns into a single column in a pandas dataframe,combine values from column 'b' and column 'a' of dataframe `df`  into column 'c' of datafram `df`,"df['c'] = np.where(df['a'].isnull, df['b'], df['a'])",2736,61,3,40,0,58,0,50,0
40851413,MITM proxy over SSL hangs on wrap_socket with client,send data 'HTTP/1.0 200 OK\r\n\r\n' to socket `connection`,connection.send('HTTP/1.0 200 established\r\n\r\n'),2815,63,4,24,1,26,1,50,0
41861705,Merging two pandas dataframes,"Create new DataFrame object by merging columns ""key"" of  dataframes `split_df` and `csv_df` and rename the columns from dataframes `split_df` and `csv_df` with suffix `_left` and `_right` respectively","pd.merge(split_df, csv_df, on=['key'], suffixes=('_left', '_right'))",2850,64,3,50,0,50,0,50,0
42100344,How to convert efficiently a dataframe column of string type into datetime in Python?,"convert a dataframe `df`'s column `ID` into datetime, after removing the first and last 3 letters",pd.to_datetime(df.ID.str[1:-3]),2859,64,3,1,0,34,0,50,0
