question_id,intent,rewritten_intent,snippet,idx,time_batch,cluster,gradual_batch,gradual_new,recurring_batch,rec_new,sudden_batch,sudden_new
186857,"Splitting a semicolon-separated string to a dictionary, in Python",split a string `s` by ';' and convert to a dictionary,dict(item.split('=') for item in s.split(';')),84,0,8,0,0,2,0,34,0
498106,How do I compile a Visual Studio project from the command-line?,compile Visual Studio project `project.sln` from the command line through python,os.system('msbuild project.sln /p:Configuration=Debug'),211,0,4,32,1,11,1,34,0
663171,substring a string,select a substring of `s` beginning at `beginning` of length `LENGTH`,s = s[beginning:(beginning + LENGTH)],268,0,0,36,0,36,0,34,0
674764,string find,find the index of sub string 's' in string `str` starting from index 16,"str.find('s', 16)",280,0,0,13,0,1,0,34,0
677656,How to extract from a list of objects a list of specific attribute?,extract attribute `my_attr` from each object in list `my_list`,[o.my_attr for o in my_list],288,0,7,48,1,41,0,34,0
761804,Trimming a string,"Trimming a string "" Hello""",' Hello'.strip(),317,0,8,0,0,48,0,34,0
845058,get line count,get line count of file `filename`,"def bufcount(filename):
    f = open(filename)
    lines = 0
    buf_size = (1024 * 1024)
    read_f = f.read
    buf = read_f(buf_size)
    while buf:
        lines += buf.count('\n')
        buf = read_f(buf_size)
    return lines",342,0,9,47,1,38,0,34,0
973473,Getting a list of all subdirectories in the current directory,getting a list of all subdirectories in the directory `directory`,os.walk(directory),388,1,9,16,1,21,0,34,0
1555968,Efficient way to find the largest key in a dictionary with non-zero value,find the key associated with the largest value in dictionary `x` whilst key is non-zero value,"max(k for k, v in x.items() if v != 0)",475,3,1,40,0,52,0,34,0
1749466,What's the most pythonic way of normalizing lineends in a string?,Normalize line ends in a string 'mixed',"mixed.replace('\r\n', '\n').replace('\r', '\n')",499,4,8,0,0,41,0,34,0
2051744,Reverse Y-Axis in PyPlot,reverse y-axis in pyplot,plt.gca().invert_yaxis(),538,5,4,11,1,46,1,34,0
2793324,delete a list element by value,delete the element 6 from list `a`,a.remove(6),660,8,7,57,1,23,0,34,0
2847272,"Python string formatting when string contains ""%s"" without escaping","replace fields delimited by braces {} in string ""Day old bread, 50% sale {0}"" with string 'today'","""""""Day old bread, 50% sale {0}"""""".format('today')",673,8,8,0,0,55,0,34,0
3241594,Printing numbers in python,printing numbers rounding up to third decimal place,print('%.3f' % 3.1415),721,9,5,36,0,18,0,34,0
3277503,read a file line by line into a list,read file 'filename' line by line into a list `lines`,lines = [line.rstrip('\n') for line in open('filename')],729,9,9,20,1,6,0,34,0
4302027,how to open a url in python,webbrowser open url 'http://example.com',webbrowser.open('http://example.com'),915,14,4,25,1,11,1,34,0
4628618,Replace first occurence of string,replace only first occurence of string `TEST` from a string `longlongTESTstringTEST`,"'longlongTESTstringTEST'.replace('TEST', '?', 1)",956,15,0,23,0,43,0,34,0
4695143,Regex. Match words that contain special characters or 'http://',replace each occurrence of the pattern '(http://\\S+|\\S*[^\\w\\s]\\S*)' within `a` with '',"re.sub('(http://\\S+|\\S*[^\\w\\s]\\S*)', '', a)",973,16,0,50,0,52,0,34,0
4877844,How would I check a string for a certain letter in Python?,"check if string 'x' is  in list `['x', 'd', 'a', 's', 'd', 's']`","'x' in ['x', 'd', 'a', 's', 'd', 's']",1002,16,0,18,0,50,0,34,0
5577501,How to tell if string starts with a number?,"Check if string `strg` starts with any of the elements in list ('0', '1', '2', '3', '4', '5', '6', '7', '8', '9')","strg.startswith(('0', '1', '2', '3', '4', '5', '6', '7', '8', '9'))",1079,18,0,3,0,50,0,34,0
6797984,convert string to lowercase,convert string `s` to lowercase,s.lower(),1178,21,8,0,0,1,0,34,0
7349646,Sorting a dictionary of tuples in Python,Sort a list of tuples `b` by third item in the tuple,b.sort(key=lambda x: x[1][2]),1225,22,7,41,1,60,0,34,0
8270092,remove all whitespace in a string,remove all whitespace in a string `sentence`,"pattern = re.compile('\\s+')
sentence = re.sub(pattern, '', sentence)",1313,24,8,0,0,49,0,34,0
9507819,Can I have a non-greedy regex with dotall?,match regex pattern 'a*?bc*?' on string 'aabcc' with DOTALL enabled,"re.findall('a*?bc*?', 'aabcc', re.DOTALL)",1419,27,0,49,0,33,0,34,0
9561243,How to check if something exists in a postgresql database using django?,Django check if an object with criteria `name` equal to 'name' and criteria `title` equal to 'title' exists in model `Entry`,"Entry.objects.filter(name='name', title='title').exists()",1426,27,4,19,1,46,1,34,0
9647586,Getting a request parameter in Jinja2,get a request parameter `a` in jinja2,{{request.args.get('a')}},1438,28,4,27,1,12,1,34,0
9755538,How do I create a LIST of unique random numbers?,How do I create a LIST of unique random numbers?,"random.sample(list(range(100)), 10)",1445,28,7,63,1,32,0,34,0
10586778,test a boolean expression in a Python string,evaluate the expression '20<30',eval('20<30'),1507,29,5,47,0,24,0,34,0
12337583,"Saving dictionary whose keys are tuples with json, python",Serialize dictionary `data` and its keys to a JSON formatted string,"json.dumps({str(k): v for k, v in data.items()})",1642,33,1,64,0,49,0,34,0
13636592,How to sort a Pandas DataFrame according to multiple criteria?,sort a pandas data frame according to column `Peak` in ascending and `Weeks` in descending order,"df.sort_values(['Peak', 'Weeks'], ascending=[True, False], inplace=True)",1764,36,3,9,0,57,0,34,0
14657241,How do I get a list of all the duplicate items using pandas in python?,get a list of all the duplicate items in dataframe `df` using pandas,"pd.concat(g for _, g in df.groupby('ID') if len(g) > 1)",1845,38,3,26,0,63,0,34,0
14793098,How to use Flask-Security register view?,change flask security register url to `/create_account`,app.config['SECURITY_REGISTER_URL'] = '/create_account',1865,39,4,40,1,12,1,34,0
15666169,python + pymongo: how to insert a new field on an existing document in mongo from a for loop,insert a new field 'geolocCountry' on an existing document  'b' using pymongo,"db.Doc.update({'_id': b['_id']}, {'$set': {'geolocCountry': myGeolocCountry}})",1939,41,4,41,1,45,1,34,0
15769246,Pythonic way to print list items,print list of items `myList`,print('\n'.join(str(p) for p in myList)),1943,41,7,24,1,37,0,34,0
16436133,How can i create the empty json object in python,Create a default empty json object if no json is available in request parameter `mydata`,"json.loads(request.POST.get('mydata', '{}'))",1991,42,4,16,1,26,1,34,0
19555472,Change a string of integers separated by spaces to a list of int,convert a string of integers `x` separated by spaces to a list of integers,x = [int(i) for i in x.split()],2204,47,5,17,0,51,0,34,0
26541968,Delete every non utf-8 symbols froms string,delete every non `utf-8` characters from a string `line`,"line = line.decode('utf-8', 'ignore').encode('utf-8')",2444,53,8,0,0,9,0,34,0
28773683,Combine two Pandas dataframes with the same index,Combine two Pandas dataframes with the same index,"pandas.concat([df1, df2], axis=1)",2501,55,3,52,0,3,0,34,0
42765620,How to sort a dictionary in python by value when the value is a list and I want to sort it by the first index of that list,How to sort a dictionary in python by value when the value is a list and I want to sort it by the first index of that list,"sorted(list(data.items()), key=lambda x: x[1][0])",2878,65,1,34,0,21,0,34,0
