question_id,intent,rewritten_intent,snippet,idx,time_batch,cluster,gradual_batch,gradual_new,recurring_batch,rec_new,sudden_batch,sudden_new
209840,Map two lists into a dictionary in Python,map two lists `keys` and `values` into a dictionary,"dict((k, v) for k, v in zip(keys, values))",95,0,1,9,0,21,0,29,0
275018,remove (chomp) a newline,remove newline in string `s` on the left side,s.lstrip(),128,0,8,0,0,21,0,29,0
300445,How to unquote a urlencoded unicode string in python?,decode url `url` from UTF-16 code to UTF-8 code,urllib.parse.unquote(url).decode('utf8'),134,0,8,0,0,21,0,29,0
354038,check if a string is a number,function to check if a string is a number,isdigit(),150,0,0,13,0,34,0,29,0
931092,Reverse a string,Reverse a string `a_string`,"def reversed_string(a_string):
    return a_string[::(-1)]",368,0,8,0,0,43,0,29,0
1217251,Python: sorting a dictionary of lists,sort dictionary of lists `myDict` by the third item in each list,"sorted(list(myDict.items()), key=lambda e: e[1][2])",432,2,1,51,0,1,0,29,0
1348026,How do I create a file in python without overwriting an existing file,create file 'x' if file 'x' does not exist,"fd = os.open('x', os.O_WRONLY | os.O_CREAT | os.O_EXCL)",445,2,9,51,1,8,0,29,0
1773805,parse a YAML file,"parse a YAML file ""example.yaml""","with open('example.yaml', 'r') as stream:
    try:
        print((yaml.load(stream)))
    except yaml.YAMLError as exc:
        print(exc)",502,4,9,17,1,4,0,29,0
2759067,Rename Files,Rename file from `src` to `dst`,"os.rename(src, dst)",651,7,9,55,1,16,0,29,0
3294889,Iterating over dictionaries using for loops,Iterating over a dictionary `d` using for loops,"for (key, value) in list(d.items()):
    pass",741,10,1,3,0,20,0,29,0
4476373,Simple URL GET/POST function,request http url `url` with parameters `payload`,"r = requests.get(url, params=payload)",936,15,4,40,1,27,1,29,0
4706499,append to a file,append to file 'test' content 'koko',"open('test', 'a+b').write('koko')",981,16,9,47,1,15,0,29,0
5061582,Setting stacksize in a python script,Setting stacksize in a python script,os.system('ulimit -s unlimited; some_executable'),1030,17,4,18,1,45,1,29,0
5183533,How to make List from Numpy Matrix in Python,Convert array `a` into a list,numpy.array(a).reshape(-1).tolist(),1043,18,6,41,0,58,0,29,0
5352546,best way to extract subset of key-value pairs from python dictionary object,"extract subset of key-value pairs with keys as `('l', 'm', 'n')` from dictionary object `bigdict`","dict((k, bigdict[k]) for k in ('l', 'm', 'n'))",1061,18,1,19,0,61,0,29,0
5404665,Accessing elements of python dictionary,access value associated with key 'American' of key 'Apple' from dictionary `dict`,dict['Apple']['American'],1067,18,1,46,0,14,0,29,0
6375343,Reading unicode elements into numpy array,load data containing `utf-8` from file `new.txt` into numpy array `arr`,"arr = numpy.fromiter(codecs.open('new.txt', encoding='utf-8'), dtype='<U2')",1138,20,6,3,0,32,0,29,0
7011291,how to get a single result from a SQLite query in python?,how to get a single result from a SQLite query in python?,cursor.fetchone()[0],1192,21,4,38,1,28,1,29,0
7768859,Python: for loop in index assignment,Convert integer elements in list `wordids` to strings,[str(wi) for wi in wordids],1260,23,5,54,0,20,0,29,0
7831371,Is there a way to get a list of column names in sqlite?,SQLite get a list of column names from cursor object `cursor`,"names = list(map(lambda x: x[0], cursor.description))",1262,23,4,63,1,45,1,29,0
9206964,How to split string into words that do not contain whitespaces in python?,"split string ""This is a string"" into words that do not contain whitespaces","""""""This is a string"""""".split()",1393,27,8,0,0,49,0,29,0
9323749,Python: Check if one dictionary is a subset of another larger dictionary,check if dictionary `subset` is a subset of dictionary `superset`,all(item in list(superset.items()) for item in list(subset.items())),1406,27,1,5,0,38,0,29,0
12323403,How do I find an element that contains specific text in Selenium Webdriver (Python)?,How do I find an element that contains specific text in Selenium Webdriver (Python)?,"driver.find_elements_by_xpath(""//*[contains(text(), 'My Button')]"")",1638,33,4,14,1,45,1,29,0
12717716,Python: updating a large dictionary using another large dictionary,"update dictionary `b`, overwriting values where keys are identical, with contents of dictionary `d`",b.update(d),1666,34,1,57,0,16,0,29,0
13223737,how to read a file in other directory in python,open file '5_1.txt' in directory `direct`,"x_file = open(os.path.join(direct, '5_1.txt'), 'r')",1714,35,9,45,1,58,0,29,0
13237941,sorting list of nested dictionaries in python,sort list of nested dictionaries `yourdata` in reverse based on values associated with each dictionary's key 'subkey',"sorted(yourdata, key=lambda d: d.get('key', {}).get('subkey'), reverse=True)",1715,35,1,9,0,2,0,29,0
13902805,List of all unique characters in a string?,create a list of all unique characters in string 'aaabcabccd',""""""""""""".join(list(OrderedDict.fromkeys('aaabcabccd').keys()))",1786,37,0,56,0,61,0,29,0
14262654,Numpy: Get random set of rows from 2D array,create a new 2 dimensional array containing two random rows from array `A`,"A[(np.random.randint(A.shape[0], size=2)), :]",1817,37,6,32,0,43,0,29,0
16296643,Convert tuple to list,Convert tuple `t` to list,list(t),1980,42,7,28,1,39,0,29,0
17734779,how do I sort a python list of dictionaries given a list of ids with the desired order?,sort list `users` using values associated with key 'id' according to elements in list `order`,users.sort(key=lambda x: order.index(x['id'])),2081,44,7,42,1,5,0,29,0
19546911,How to get a 16bit Unsigned integer in python,Convert integer `number` into an unassigned integer,"struct.unpack('H', struct.pack('h', number))",2202,47,5,25,0,22,0,29,0
21350605,python selenium click on button,python selenium click on button,driver.find_element_by_css_selector('.button .c_button .s_button').click(),2305,50,4,61,1,27,1,29,0
25698710,Replace all occurrences of a string in a pandas dataframe (Python),replace all occurrences of a string `\n` by string `<br>` in a pandas data frame `df`,"df.replace({'\n': '<br>'}, regex=True)",2429,53,3,8,0,62,0,29,0
28667684,Python Requests getting SSLerror,request url 'https://www.reporo.com/' without verifying SSL certificates,"requests.get('https://www.reporo.com/', verify=False)",2494,55,4,48,1,27,1,29,0
30009948,How to reorder indexed rows based on a list in Pandas data frame,"reorder indexed rows `['Z', 'C', 'A']` based on a list in pandas data frame `df`","df.reindex(['Z', 'C', 'A'])",2539,56,3,21,0,62,0,29,0
30015665,How to check whether the system is FreeBSD in a python script?,get the platform OS name,platform.system(),2540,56,4,57,1,48,1,29,0
31385363,how to export a table dataframe in pyspark to csv?,export a table dataframe `df` in pyspark to csv 'mycsv.csv',df.toPandas().to_csv('mycsv.csv'),2582,57,3,64,0,42,0,29,0
34015615,Python reversing an UTF-8 string,reverse a UTF-8 string 'a',b = a.decode('utf8')[::-1].encode('utf8'),2653,59,8,0,0,14,0,29,0
39112645,Save line in file to list,Retrieve each line from a file 'File.txt' as a list,[line.split() for line in open('File.txt')],2751,61,9,37,1,55,0,29,0
