question_id,intent,rewritten_intent,snippet,idx,time_batch,cluster,gradual_batch,gradual_new,recurring_batch,rec_new,sudden_batch,sudden_new
1476,express binary literals,convert 21 to binary string,bin(21),1,0,5,55,0,55,0,55,0
53513,check if a list is empty,check if list `seq` is empty,"if (not seq):
    pass",35,0,7,25,1,58,0,55,0
113655,Is there a function in python to split a word into a list?,split string `Word to Split` into a list of characters,list('Word to Split'),68,0,8,0,0,41,0,55,0
510348,make a time delay,make a 0.1 seconds time delay,time.sleep(0.1),215,0,4,15,1,26,1,55,0
701402,Best way to choose a random file from a directory,"choose a random file from the directory contents of the C drive, `C:\\`",random.choice(os.listdir('C:\\')),292,0,9,34,1,60,0,55,0
1249786,Is there a string-collapse library function in python?,split string `my_string` on white spaces,""""""" """""".join(my_string.split())",436,2,8,0,0,61,0,55,0
1450393,read from stdin,read line by line from stdin,"for line in fileinput.input():
    pass",459,3,9,51,1,50,0,55,0
2972212,Creating an empty list,Creating an empty list `l`,l = list(),688,8,7,34,1,6,0,55,0
3097866,Access an arbitrary element in a dictionary in Python,Retrieve an arbitrary value from dictionary `dict`,next(iter(dict.values())),703,9,1,1,0,15,0,55,0
3108042,Get max key in dictionary,get max key in dictionary `MyCount`,"max(list(MyCount.keys()), key=int)",705,9,1,38,0,38,0,55,0
3160752,Removing backslashes from a string in Python,remove backslashes from string `result`,"result.replace('\\', '')",709,9,8,0,0,29,0,55,0
3847472,get index of character in python list,"get index of character 'b' in list '['a', 'b']'","['a', 'b'].index('b')",824,12,7,47,1,59,0,55,0
4338032,replacing all regex matches in single line,"match string 'this is my string' with regex '\\b(this|string)\\b'
then replace it with regex '<markup>\\1</markup>'","re.sub('\\b(this|string)\\b', '<markup>\\1</markup>', 'this is my string')",920,14,0,44,0,33,0,55,0
5285181,IO Error while storing data in pickle,open a file `/home/user/test/wsservice/data.pkl` in binary write mode,"output = open('/home/user/test/wsservice/data.pkl', 'wb')",1054,18,9,23,1,33,0,55,0
5618878,convert list to string,concatenating values in `list1` to a string,str1 = ''.join(list1),1081,19,7,40,1,14,0,55,0
6494508,"How do you pick ""x"" number of unique numbers from a list in Python?",Get `3` unique items from a list,"random.sample(list(range(1, 16)), 3)",1153,20,7,60,1,22,0,55,0
7522533,How can I turn a string into a list in Python?,Convert a string into a list,list('hello'),1239,23,8,17,0,23,0,55,0
8081545,convert list of tuples to multiple lists in Python,convert list of tuples to multiple lists in Python,"zip(*[(1, 2), (3, 4), (5, 6)])",1279,24,7,57,1,63,0,55,0
8654637,"Pythonic way to fetch all elements in a dictionary, falling between two keys?","fetch all elements in a dictionary `parent_dict`, falling between two keys 2 and 4","dict((k, v) for k, v in parent_dict.items() if 2 < k < 4)",1345,25,1,5,0,35,0,55,0
8936030,Using BeautifulSoup to search html for string,searche in HTML string for elements that have text 'Python',soup.body.findAll(text='Python'),1374,26,0,63,0,42,0,55,0
9775731,Clamping floating numbers in Python?,clamping floating number `my_value` to be between `min_value` and `max_value`,"max(min(my_value, max_value), min_value)",1451,28,5,9,0,49,0,55,0
13550423,Python printing without commas,concatenate items of list `l` with a space ' ',"print(' '.join(map(str, l)))",1754,36,7,19,1,34,0,55,0
13902805,List of all unique characters in a string?,get list of all unique characters in a string 'aaabcabccd',list(set('aaabcabccd')),1787,37,0,13,0,3,0,55,0
15390374,Python 3: How do I get a string literal representation of a byte string?,get a utf-8 string literal representation of byte string `x`,"""""""x = {}"""""".format(x.decode('utf8')).encode('utf8')",1918,40,8,0,0,3,0,55,0
16344756,Auto reloading python Flask app upon code changes,enable debug mode on Flask application `app`,app.run(debug=True),1984,42,4,25,1,28,1,55,0
17498027,Clicking a link using selenium using python,Clicking a link using selenium using python,driver.find_element_by_xpath('xpath').click(),2064,44,4,19,1,28,1,55,0
18730044,Converting two lists into a matrix,"converting two lists `[1, 2, 3]` and `[4, 5, 6]` into a matrix","np.column_stack(([1, 2, 3], [4, 5, 6]))",2160,46,6,6,0,39,0,55,0
18837262,Convert Python dict into a dataframe,converting dictionary `d` into a dataframe `pd` with keys as data for column 'Date' and the corresponding values as data for column 'DateValue',"pd.DataFrame(list(d.items()), columns=['Date', 'DateValue'])",2165,46,3,59,0,59,0,55,0
19334374,Python - converting a string of numbers into a list of int,Convert a string of numbers 'example_string' separated by comma into a list of numbers,"[int(s) for s in example_string.split(',')]",2191,47,5,10,0,36,0,55,0
19334374,Python - converting a string of numbers into a list of int,"Convert a string of numbers `example_string` separated by `,` into a list of integers","map(int, example_string.split(','))",2192,47,5,6,0,19,0,55,0
20490274,How to reset index in a pandas data frame?,reset index to default in dataframe `df`,df = df.reset_index(drop=True),2266,49,3,37,0,9,0,55,0
20512297,How can I concatenate a Series onto a DataFrame with Pandas?,concatenate a series `students` onto a dataframe `marks` with pandas,"pd.concat([students, pd.DataFrame(marks)], axis=1)",2268,49,3,16,0,13,0,55,0
29370211,pandas split string into columns,Unpack column 'stats' in dataframe `df` into a series of columns,df['stats'].apply(pd.Series),2514,55,3,1,0,49,0,55,0
30759776,Extracting specific src attributes from script tags,"extract attributes 'src=""js/([^""]*\\bjquery\\b[^""]*)""' from string `data`","re.findall('src=""js/([^""]*\\bjquery\\b[^""]*)""', data)",2565,57,0,1,0,63,0,55,0
31958637,BeautifulSoup - search by text inside a tag,BeautifulSoup search string 'Elsie' inside tag 'a',"soup.find_all('a', string='Elsie')",2612,58,0,22,0,32,0,55,0
35414625,pandas: how to run a pivot with a multi-index?,"Convert dataframe `df` to a pivot table using column 'year', 'month', and 'item' as indexes","df.set_index(['year', 'month', 'item']).unstack(level=-1)",2692,60,3,10,0,40,0,55,0
37084812,How to remove decimal points in pandas,remove decimal points in pandas data frame using round,df.round(),2722,61,3,43,0,63,0,55,0
40682209,Pandas: Fill missing values by mean in each group faster than transfrom,Replace NaN values in  column 'value' with the mean of data in column 'group' of dataframe `df`,df[['value']].fillna(df.groupby('group').transform('mean')),2811,63,3,5,0,49,0,55,0
41572822,How to swap a group of column headings with their values in Pandas,Sort the values of the dataframe `df` and align the columns accordingly based on the obtained indices after np.argsort.,"pd.DataFrame(df.columns[np.argsort(df.values)], df.index, np.unique(df.values))",2842,64,3,13,0,55,0,55,0
