question_id,intent,rewritten_intent,snippet,idx,time_batch,cluster,gradual_batch,gradual_new,recurring_batch,rec_new,sudden_batch,sudden_new
237079,get file creation & modification date/times in,get the creation time of file `path_to_file`,return os.path.getctime(path_to_file),105,0,9,37,1,6,0,37,0
275018,remove (chomp) a newline,remove newline in string `s` on the right side,s.rstrip(),123,0,8,0,0,14,0,37,0
319426,case insensitive string comparison,case insensitive comparison between strings `first` and `second`,(first.upper() == second.upper()),147,0,0,11,0,61,0,37,0
455612,Limiting floats to two decimal points,print float `a` with two decimal points,print(('%.2f' % a)),204,0,5,6,0,36,0,37,0
583557,What is the best way to print a table with delimiters in Python,print a 2 dimensional list `tab` as a table with delimiters,print('\n'.join('\t'.join(str(col) for col in row) for row in tab)),238,0,7,19,1,58,0,37,0
587345,Python regular expression matching a multiline block of text,"regular expression ""^(.+)\\n((?:\\n.+)+)"" matching a multiline block of text","re.compile('^(.+)\\n((?:\\n.+)+)', re.MULTILINE)",240,0,0,5,0,31,0,37,0
642154,convert strings into integers,"convert string ""1"" into integer",int('1'),258,0,5,45,0,30,0,37,0
674519,How can I convert a Python dictionary to a list of tuples?,convert dictionary of pairs `d` to a list of tuples,"[(v, k) for k, v in d.items()]",277,0,1,6,0,33,0,37,0
1010961,String Slicing Python,"remove last comma character ',' in string `s`",""""""""""""".join(s.rsplit(',', 1))",396,1,8,0,0,61,0,37,0
2094176,split a string in python,split a string `a` with new line character,a.split('\n')[:-1],550,5,8,0,0,7,0,37,0
2597099,Sorting numbers in string format with Python,Sort a list of integers `keys` where each value is in string format,keys.sort(key=lambda x: [int(y) for y in x.split('.')]),621,7,1,21,0,9,0,37,0
3008992,case sensitive string replacement in Python,replace a string `Abc` in case sensitive way using maketrans,"""""""Abc"""""".translate(maketrans('abcABC', 'defDEF'))",693,9,8,0,0,9,0,37,0
3329386,Limit the number of sentences in a string,"Extract first two substrings in string `phrase` that end in `.`, `?` or `!`","re.match('(.*?[.?!](?:\\s+.*?[.?!]){0,1})', phrase).group(1)",748,10,0,17,0,1,0,37,0
3817529,syntax for creating a dictionary into another dictionary in python,"create a dictionary `{'spam': 5, 'ham': 6}` into another dictionary `d` field 'dict3'","d['dict3'] = {'spam': 5, 'ham': 6}",819,12,1,42,0,1,0,37,0
4476373,Simple URL GET/POST function,request http url `url`,r = requests.get(url),935,15,4,13,1,45,1,37,0
5137497,Find current directory,Find name of current directory,dir_path = os.path.dirname(os.path.realpath(__file__)),1036,17,9,44,1,14,0,37,0
7717380,how to convert 2d list to 2d numpy array?,Convert array `a` to numpy array,a = np.array(a),1252,23,6,2,0,24,0,37,0
8172861,Python Regex replace,Replace comma with dot in a string `original_string` using regex,"new_string = re.sub('""(\\d+),(\\d+)""', '\\1.\\2', original_string)",1288,24,8,0,0,51,0,37,0
8383213,Python Regex for hyphenated words,python regex for hyphenated words in `text`,"re.findall('\\w+(?:-\\w+)+', text)",1325,25,0,55,0,17,0,37,0
8586738,Get required fields from Document in mongoengine?,Get a list of all fields in class `User` that are marked `required`,"[k for k, v in User._fields.items() if v.required]",1342,25,4,29,1,27,1,37,0
9505526,Split string into strings of repeating elements,split string `s` into strings of repeating elements,"print([a for a, b in re.findall('((\\w)\\2*)', s)])",1418,27,8,0,0,33,0,37,0
10487278,Python - How to declare and add items to an array?,declare an array,my_list = [],1496,29,6,62,0,57,0,37,0
11174790,Convert unicode string to byte string,convert unicode string '\xd0\xbc\xd0\xb0\xd1\x80\xd0\xba\xd0\xb0' to byte string,'\xd0\xbc\xd0\xb0\xd1\x80\xd0\xba\xd0\xb0'.encode('latin-1'),1550,31,8,0,0,36,0,37,0
11264005,Using a RegEx to match IP addresses in Python,Validate IP address using Regex,"pat = re.compile('^\\d{1,3}\\.\\d{1,3}\\.\\d{1,3}\\.\\d{1,3}$')",1555,31,0,40,0,1,0,37,0
13411544,Delete column from pandas DataFrame,delete a column `column_name` without having to reassign from pandas data frame `df`,"df.drop('column_name', axis=1, inplace=True)",1740,35,3,55,0,56,0,37,0
13567345,How to calculate the sum of all columns of a 2D numpy array (efficiently),Calculate sum over all rows of 2D numpy array,a.sum(axis=1),1758,36,6,64,0,31,0,37,0
14442636,How can I check if a checkbox is checked in Selenium Python Webdriver?,determine if checkbox with id '<check_box_id>' is checked in selenium python webdriver,driver.find_element_by_id('<check_box_id>').is_selected(),1834,38,4,21,1,47,1,37,0
16114333,getting the opposite diagonal of a numpy array,get the opposite diagonal of a numpy array `array`,np.diag(np.rot90(array)),1966,41,6,36,0,32,0,37,0
16128833,Using inheritance in python,inherit from class `Executive`,"super(Executive, self).__init__(*args)",1970,41,4,54,1,12,1,37,0
17138464,Subscripting text in matplotlib labels,subscript text 'H20' with '2' as subscripted in matplotlib labels for arrays 'x' and 'y'.,"plt.plot(x, y, label='$H_2O$')",2036,43,4,51,1,26,1,37,0
18131741,Python: find out whether a list of integers is coherent,check if elements in list `my_list` are coherent in order,"return my_list == list(range(my_list[0], my_list[-1] + 1))",2107,45,7,54,1,8,0,37,0
19527279,Python - Unicode to ASCII conversion,convert unicode string `s` to ascii,s.encode('iso-8859-15'),2201,47,8,0,0,23,0,37,0
21558999,Pandas: How can I remove duplicate rows from DataFrame and calculate their frequency?,remove duplicate rows from dataframe `df1` and calculate their frequency,"df1.groupby(['key', 'year']).size().reset_index()",2310,50,3,17,0,56,0,37,0
21778118,Counting the number of non-NaN elements in a numpy ndarray matrix in Python,count the number of non-nan elements in a numpy ndarray matrix `data`,np.count_nonzero(~np.isnan(data)),2317,50,6,2,0,49,0,37,0
23531030,MultiValueDictKeyError in Django,"Get value for  ""username"" parameter in GET request  in Django","request.GET.get('username', '')",2380,52,4,58,1,45,1,37,0
34527388,How to click on the text button using selenium python,click on the text button 'section-select-all' using selenium python,browser.find_element_by_class_name('section-select-all').click(),2669,59,4,43,1,45,1,37,0
35078261,Sort a list of dictionary provided an order,sort a list of dictionaries `list_of_dct` by values in an order `order`,"sorted(list_of_dct, key=lambda x: order.index(list(x.values())[0]))",2685,60,1,10,0,6,0,37,0
35622945,"Regex, find pattern only in middle of string","regex, find ""n""s only in the middle of string `s`","re.findall('n(?<=[^n]n)n+(?=[^n])(?i)', s)",2697,60,0,49,0,22,0,37,0
39277638,Element-wise minimum of multiple vectors in numpy,get a numpy array that contains the element wise minimum of three 3x1 arrays,"np.array([np.arange(3), np.arange(2, -1, -1), np.ones((3,))]).min(axis=0)",2757,61,6,10,0,48,0,37,0
