question_id,intent,rewritten_intent,snippet,idx,time_batch,cluster,gradual_batch,gradual_new,recurring_batch,rec_new,sudden_batch,sudden_new
82831,check whether a file exists,"check whether a file ""/etc/password.txt"" exists",print(os.path.isfile('/etc/password.txt')),52,0,9,33,1,59,0,23,0
251464,How to get a function name as a string in Python?,How to get a function name as a string in Python?,my_function.__name__,113,0,4,29,1,25,1,23,0
817087,Call a function with argument list in python,call a function with argument list `args`,func(*args),331,0,4,19,1,45,1,23,0
1386811,Convert binary string to list of integers using Python,Convert binary string to list of integers using Python,"[int(s[i:i + 3], 2) for i in range(0, len(s), 3)]",447,2,5,41,0,51,0,23,0
1447575,Symlinks on windows?,create a symlink directory `D:\\testdirLink` for directory `D:\\testdir` with unicode support using ctypes library,"kdll.CreateSymbolicLinkW('D:\\testdirLink', 'D:\\testdir', 1)",458,3,9,26,1,15,0,23,0
2806611,What's the best way to aggregate the boolean values of a Python dictionary?,check if all boolean values in a python dictionary `dict` are true,all(dict.values()),669,8,1,53,0,39,0,23,0
3392354,python: append values to a set,"append values `[3, 4]` to a set `a`","a.update([3, 4])",754,10,6,46,0,9,0,23,0
3984539,Python: use regular expression to remove the white space from all lines,replace white spaces in string '  a\n b\n c\nd  e' with empty string '',"re.sub('(?m)^[^\\S\\n]+', '', '  a\n b\n c\nd  e')",861,13,8,0,0,57,0,23,0
3996904,Generate random integers between 0 and 9,Generate a random integer between 0 and 9,"randint(0, 9)",864,13,5,64,0,15,0,23,0
4296249,How do I convert a hex triplet to an RGB tuple and back?,convert hex triplet string `rgbstr` to rgb tuple,"struct.unpack('BBB', rgbstr.decode('hex'))",912,14,5,6,0,14,0,23,0
4302027,how to open a url in python,webbrowser open url `url`,webbrowser.open_new(url),916,14,4,13,1,28,1,23,0
4703390,How to extract a floating number from a string,extract floating point numbers from a string 'Current Level: -13.2 db or 14.2 or 3',"re.findall('[-+]?\\d*\\.\\d+|\\d+', 'Current Level: -13.2 db or 14.2 or 3')",977,16,5,5,0,2,0,23,0
4940032,Search for string in txt file,Search for string 'blabla' in txt file 'example.txt',"f = open('example.txt')
s = mmap.mmap(f.fileno(), 0, access=mmap.ACCESS_READ)
if (s.find('blabla') != (-1)):
    pass",1022,17,0,23,0,55,0,23,0
5744980,Taking the results of a bash command and using it in python,"Taking the results of a bash command ""awk '{print $10, $11}' test.txt > test2.txt""","os.system(""awk '{print $10, $11}' test.txt > test2.txt"")",1086,19,9,20,1,60,0,23,0
5932059,Partitioning a string in Python by a regular expression,split a string into a list of words and whitespace,"re.split('(\\W+)', s)",1111,19,8,0,0,40,0,23,0
5971312,How to set environment variables in Python,set environment variable 'DEBUSSY' to '1',os.environ['DEBUSSY'] = '1',1115,19,4,58,1,10,1,23,0
7287996,Python: Get relative path from comparing two absolute paths,get the common prefix from comparing two absolute paths '/usr/var' and '/usr/var2/log',"os.path.commonprefix(['/usr/var', '/usr/var2/log'])",1221,22,9,46,1,19,0,23,0
7323859,Python - How to call bash commands with pipe?,call bash command 'tar c my_dir | md5sum' with pipe,"subprocess.call('tar c my_dir | md5sum', shell=True)",1223,22,9,30,1,18,0,23,0
7555335,How to convert a string from CP-1251 to UTF-8?,How to convert a string from CP-1251 to UTF-8?,d.decode('cp1251').encode('utf8'),1240,23,8,0,0,64,0,23,0
8215686,Python - Bulk Select then Insert from one DB to another,"Insert records in bulk from ""table1"" of ""master"" DB to ""table1"" of  sqlite3 `cursor` object",cursor.execute('INSERT OR REPLACE INTO master.table1 SELECT * FROM table1'),1300,24,4,60,1,12,1,23,0
8751653,How can I convert a binary to a float number,convert a binary '-0b1110' to a float number,"float(int('-0b1110', 0))",1361,26,5,8,0,50,0,23,0
11391969,How to group pandas DataFrame entries by date in a non-unique column,group dataframe `data` entries by year value of the date in column 'date',data.groupby(data['date'].map(lambda x: x.year)),1572,31,3,8,0,13,0,23,0
13656519,Python . How to get rid of '\r' in string?,strip a string `line` of all carriage returns and newlines,line.strip(),1768,36,8,0,0,30,0,23,0
14745022,"Pandas DataFrame, how do i split a column into two",split column 'AB' in dataframe `df` into two columns by first whitespace ' ',"df['AB'].str.split(' ', 1, expand=True)",1856,38,3,63,0,34,0,23,0
14961562,How do I convert a string of hexadecimal values to a list of integers?,unpack hexadecimal string `s` to a list of integer values,"struct.unpack('11B', s)",1880,39,5,28,0,61,0,23,0
15012228,Splitting on last delimiter in Python string?,split a string `s` on last delimiter,"s.rsplit(',', 1)",1884,39,8,0,0,63,0,23,0
15548506,Node labels using networkx,Draw node labels `labels` on networkx graph `G ` at position `pos`,"networkx.draw_networkx_labels(G, pos, labels)",1934,40,4,54,1,12,1,23,0
17071871,Select rows from a DataFrame based on values in a column in pandas,"Select rows whose value of the ""B"" column is ""one"" or ""three"" in the DataFrame `df`","print(df.loc[df['B'].isin(['one', 'three'])])",2027,43,3,19,0,35,0,23,0
19758364,python: rename single column header in pandas dataframe,rename column 'gdp' in dataframe `data` to 'log(gdp)',"data.rename(columns={'gdp': 'log(gdp)'}, inplace=True)",2221,48,3,18,0,55,0,23,0
21899953,How to set window size using phantomjs and selenium webdriver in python,"Set a window size to `1400, 1000` using selenium webdriver","driver.set_window_size(1400, 1000)",2334,51,4,52,1,25,1,23,0
23612271,A sequence of empty lists of length n in Python?,a sequence of empty lists of length `n`,[[] for _ in range(n)],2383,52,7,64,1,4,0,23,0
27218543,How can I select 'last business day of the month' in Pandas?,select the last business day of the month for each month in 2014 in pandas,"pd.date_range('1/1/2014', periods=12, freq='BM')",2459,54,3,38,0,2,0,23,0
27868020,How to subset a data frame using Pandas based on a group criteria?,select records of dataframe `df` where the sum of column 'X' for each value in column 'User' is 0,df.groupby('User')['X'].filter(lambda x: x.sum() == 0),2473,54,3,2,0,14,0,23,0
28742436,Combining two numpy arrays to form an array with the largest value from each array,"create array containing the maximum value of respective elements of array `[2, 3, 4]` and array `[1, 5, 2]`","np.maximum([2, 3, 4], [1, 5, 2])",2498,55,6,60,0,53,0,23,0
30747705,Parsing string containing Unicode character names,Produce a string that is suitable as Unicode literal from string 'M\\N{AMPERSAND}M\\N{APOSTROPHE}s','M\\N{AMPERSAND}M\\N{APOSTROPHE}s'.encode().decode('unicode-escape'),2563,57,8,0,0,14,0,23,0
34945274,How to find all elements in a numpy 2-dimensional array that match a certain list?,"replace all elements in array `A` that are not present in array `[1, 3, 4]` with zeros","np.where(np.in1d(A, [1, 3, 4]).reshape(A.shape), A, 0)",2678,59,6,37,0,4,0,23,0
40055835,Removing elements from an array that are in another array,remove elements from an array `A` that are in array `B`,"A[np.all(np.any(A - B[:, (None)], axis=2), axis=0)]",2782,62,6,4,0,4,0,23,0
40076861,How to merge two DataFrames into single matching the column values,merge a pandas data frame `distancesDF` and column `dates` in pandas data frame `datesDF` into single,"pd.concat([distancesDF, datesDF.dates], axis=1)",2783,62,3,12,0,39,0,23,0
41178532,Percentage match in pandas Dataframe,get proportion of rows in dataframe `trace_df` whose values for column `ratio` are greater than 0,(trace_df['ratio'] > 0).mean(),2829,63,3,2,0,5,0,23,0
