question_id,intent,rewritten_intent,snippet,idx,time_batch,cluster,gradual_batch,gradual_new,recurring_batch,rec_new,sudden_batch,sudden_new
53513,check if a list is empty,check if list `li` is empty,"if (len(li) == 0):
    pass",36,0,7,26,1,14,0,58,0
120656,Directory listing,list all files in directory `path`,os.listdir(path),70,0,9,13,1,58,0,58,0
510357,read a single character from the user,read a single character from stdin,sys.stdin.read(1),219,0,8,0,0,39,0,58,0
610883,know if an object has an attribute,check if object `a` has property 'property',"if hasattr(a, 'property'):
    pass",245,0,4,27,1,11,1,58,0
761804,Trimming a string,"trim string "" Hello """,' Hello '.strip(),320,0,8,0,0,33,0,58,0
2173797,how to sort 2d array by row in python?,sort 2d array `matrix` by row with index 1,"sorted(matrix, key=itemgetter(1))",566,5,6,25,0,16,0,58,0
2428092,Creating a JSON response using Django and Python,create a json response `response_data`,"return HttpResponse(json.dumps(response_data), content_type='application/json')",605,6,4,28,1,47,1,58,0
3877491,deleting rows in numpy array,Delete third row in a numpy array `x`,"x = numpy.delete(x, 2, axis=1)",828,12,6,11,0,5,0,58,0
4706499,append to a file,append to file 'test1' content 'koko',"with open('test1', 'ab') as f:
    pass",979,16,9,19,1,14,0,58,0
4906977,Access environment variables,get value of the environment variable 'HOME' with default value '/home/username/',"print(os.environ.get('HOME', '/home/username/'))",1013,17,4,62,1,46,1,58,0
5826427,Can a python script execute a function inside a bash script?,call a function `otherfunc` inside a bash script `test.sh` using subprocess,subprocess.call('test.sh otherfunc'),1093,19,9,55,1,13,0,58,0
6633523,How can I convert a string with dot and comma into a float number in Python,"convert a string `123,456.908` with dot and comma into a floating number","float('123,456.908'.replace(',', ''))",1166,21,5,31,0,21,0,58,0
8177079,take the content of a list and append it to another list,append list `list1` to `list2`,list2.extend(list1),1290,24,7,18,1,2,0,58,0
8519599,"python: dictionary to string, custom format?","dictionary `d` to string, custom format","""""""<br/>"""""".join([('%s:: %s' % (key, value)) for key, value in list(d.items())])",1334,25,1,1,0,17,0,58,0
10020591,How to resample a dataframe with different functions applied to each column?,"Resample dataframe `frame` to resolution of 1 hour `1H` for timeseries index, summing values in the column `radiation` averaging those in column `tamb`","frame.resample('1H').agg({'radiation': np.sum, 'tamb': np.mean})",1463,28,3,13,0,43,0,58,0
10406130,Check if something is not in a list,"Check if 3 is not in a list [2, 3, 4]","(3 not in [2, 3, 4])",1485,29,7,50,1,30,0,58,0
11533274,How can I combine dictionaries with the same keys in python?,combine list of dictionaries `dicts` with the same keys in each list to a single dictionary,"dict((k, [d[k] for d in dicts]) for k in dicts[0])",1584,31,1,13,0,35,0,58,0
13411544,Delete column from pandas DataFrame,"delete 1st, 2nd and 4th columns from dataframe `df`","df.drop(df.columns[[0, 1, 3]], axis=1)",1742,35,3,31,0,14,0,58,0
13842088,Set value for particular cell in pandas DataFrame,set the value of cell `['x']['C']` equal to 10 in dataframe `df`,df['x']['C'] = 10,1783,37,3,8,0,8,0,58,0
14745022,"Pandas DataFrame, how do i split a column into two","pandas dataframe, how do i split a column 'AB' into two 'A' and 'B' on delimiter ' '","df['A'], df['B'] = df['AB'].str.split(' ', 1).str",1857,38,3,21,0,57,0,58,0
15534223,Python match string if it does not start with X,search for string that matches regular expression pattern '(?<!Distillr)\\\\AcroTray\\.exe' in string 'C:\\SomeDir\\AcroTray.exe',"re.search('(?<!Distillr)\\\\AcroTray\\.exe', 'C:\\SomeDir\\AcroTray.exe')",1933,40,0,3,0,16,0,58,0
15839491,How to clear Tkinter Canvas?,clear Tkinter Canvas `canvas`,canvas.delete('all'),1946,41,4,30,1,11,1,58,0
17552997,How to update a subset of a MultiIndexed pandas DataFrame,add a column 'day' with value 'sat' to dataframe `df`,"df.xs('sat', level='day', drop_level=False)",2065,44,3,26,0,22,0,58,0
19490064,Merge DataFrames in Pandas using the mean,merge rows from dataframe `df1` with rows from dataframe `df2` and calculate the mean for rows that have the same value of axis 1,"pd.concat((df1, df2), axis=1).mean(axis=1)",2200,47,3,16,0,62,0,58,0
20347766,Pythonically add header to a csv file,add field names as headers in csv constructor `writer`,writer.writeheader(),2256,49,4,59,1,46,1,58,0
20894525,How to remove parentheses and all data within using Pandas/Python?,replace parentheses and all data within it with empty string '' in column 'name' of dataframe `df`,"df['name'].str.replace('\\(.*\\)', '')",2287,49,3,8,0,18,0,58,0
22093471,pandas Subtract Dataframe with a row from another dataframe,pandas subtract a row from dataframe `df2` from dataframe `df`,"pd.DataFrame(df.values - df2.values, columns=df.columns)",2339,51,3,2,0,18,0,58,0
22245171,How to lowercase a python dataframe string column if it has missing values?,lowercase a python dataframe string in column 'x' if it has missing values in dataframe `df`,df['x'].str.lower(),2348,51,3,17,0,19,0,58,0
23354124,"How can I ""unpivot"" specific columns from a pandas DataFrame?",unpivot first 2 columns into new columns 'year' and 'value' from a pandas dataframe `x`,"pd.melt(x, id_vars=['farm', 'fruit'], var_name='year', value_name='value')",2377,52,3,5,0,64,0,58,0
24748445,Beautiful Soup Using Regex to Find Tags?,Find all the tags `a` and `div` from Beautiful Soup object `soup`,"soup.find_all(['a', 'div'])",2410,53,4,42,1,47,1,58,0
25817930,Fastest way to sort each row in a pandas dataframe,Fastest way to sort each row in a pandas dataframe,"df.sort(df.columns, axis=1, ascending=False)",2430,53,3,4,0,60,0,58,0
26897536,Python Pandas drop columns based on max value of column,drop all columns in dataframe `df` that holds a maximum value bigger than 0,df.columns[df.max() > 0],2453,54,3,45,0,2,0,58,0
27966626,how to clear/delete the Textbox in tkinter python on Ubuntu,clear the textbox `text` in tkinter,"tex.delete('1.0', END)",2480,54,4,32,1,47,1,58,0
29815129,Pandas DataFrame to List of Dictionaries,Create list of dictionaries from pandas dataframe `df`,df.to_dict('records'),2530,56,3,14,0,1,0,58,0
33147992,how to turn a string of letters embedded in squared brackets into embedded lists,convert a string `a` of letters embedded in squared brackets into embedded lists,"[i.split() for i in re.findall('\\[([^\\[\\]]+)\\]', a)]",2644,59,8,0,0,34,0,58,0
33565643,how to slice a dataframe having date field as index?,Set index equal to field 'TRX_DATE' in dataframe `df`,df = df.set_index(['TRX_DATE']),2647,59,3,10,0,2,0,58,0
36190533,python: check if an numpy array contains any element of another array,check if a numpy array `a1` contains any element of another array `a2`,"np.any(np.in1d(a1, a2))",2707,60,6,12,0,51,0,58,0
39816795,How to add a specific number of characters to the end of string in Pandas?,"Initialize a pandas series object `s` with columns `['A', 'B', 'A1R', 'B2', 'AABB4']`","s = pd.Series(['A', 'B', 'A1R', 'B2', 'AABB4'])",2775,62,3,23,0,53,0,58,0
42442428,Python - Choose a dictionary in list which key is closer to a global value,get a dictionary in list `dicts` which key 'ratio' is closer to a global value 1.77672955975,"min(dicts, key=lambda x: (abs(1.77672955975 - x['ratio']), -x['pixels']))",2872,64,1,11,0,40,0,58,0
