question_id,intent,rewritten_intent,snippet,idx,time_batch,cluster,gradual_batch,gradual_new,recurring_batch,rec_new,sudden_batch,sudden_new
163542,pass a string into subprocess.Popen,set the stdin of the process 'grep f' to be 'one\ntwo\nthree\nfour\nfive\nsix\n',"p = subprocess.Popen(['grep', 'f'], stdout=subprocess.PIPE, stdin=subprocess.PIPE)
p.stdin.write('one\ntwo\nthree\nfour\nfive\nsix\n')
p.communicate()[0]
p.stdin.close()",75,0,9,41,1,38,0,2,0
299446,How do I change directory back to my original working directory with Python?,change working directory to the directory `owd`,os.chdir(owd),132,0,9,37,1,34,0,2,0
364621,get item's position in a list,get the position of item 1 in `testlist`,"gen = (i for (i, x) in enumerate(testlist) if (x == 1))
for i in gen:
    pass",163,0,7,54,1,37,0,2,0
647515,How can I know python's path under windows?,get the path of Python executable under windows,os.path.dirname(sys.executable),261,0,9,47,1,43,0,2,0
674764,string find,find the index of sub string 'World' in `x`,x.find('World'),283,0,0,14,0,18,0,2,0
902761,Saving a Numpy array as an image,save a numpy array `image_array` as an image 'outfile.jpg',"scipy.misc.imsave('outfile.jpg', image_array)",358,0,6,5,0,18,0,2,0
1015142,Running Python code contained in a string,"run the code contained in string ""print('Hello')""","eval(""print('Hello')"")",398,1,8,0,0,15,0,2,0
1038824,remove a substring from the end of a string,"remove a substring "".com"" from the end of string `url`","url = re.sub('\\.com$', '', url)",408,1,8,0,0,52,0,2,0
1094717,Convert a string to integer with decimal in Python,convert a string `s` containing a decimal to an integer,int(Decimal(s)),416,1,5,54,0,14,0,2,0
2151517,Create Union of All Values Contained in Multiple Lists,get the union of values in list of lists `result_list`,return list(set(itertools.chain(*result_list))),558,5,7,19,1,56,0,2,0
2317134,How do I use a regular expression to match a name?,match regex '[a-zA-Z][\\w-]*$' on string '!A_B',"re.match('[a-zA-Z][\\w-]*$', '!A_B')",586,6,0,11,0,48,0,2,0
3411025,Summarizing a dictionary of arrays in Python,get top `3` items from a dictionary `mydict` with largest sum of values,"heapq.nlargest(3, iter(mydict.items()), key=lambda tup: sum(tup[1]))",759,10,1,13,0,40,0,2,0
3518778,read csv into record array in numpy,read csv file 'myfile.csv' into array,"df = pd.read_csv('myfile.csv', sep=',', header=None)",782,11,6,8,0,58,0,2,0
3878555,How to replace repeated instances of a character with a single instance of that character in python,"replace repeated instances of ""*"" with a single instance of ""*""","re.sub('\\*+', '*', text)",829,12,0,22,0,42,0,2,0
4928274,Iterate through PyMongo Cursor as key-value pair,get a dictionary `records` of key-value pairs in PyMongo cursor `cursor`,"records = dict((record['_id'], record) for record in cursor)",1018,17,1,7,0,39,0,2,0
7271482,python getting a list of value from list of dict,generate a list containing values associated with the key 'value' of each dictionary inside list `list_of_dicts`,[x['value'] for x in list_of_dicts],1217,22,1,37,0,22,0,2,0
8192379,How to read stdin to a 2d python array of integers?,Create array `a` containing integers from stdin,a.fromlist([int(val) for val in stdin.read().split()]),1293,24,6,62,0,16,0,2,0
8639973,How to plot with x-axis at the top of the figure?,How to plot with x-axis at the top of the figure?,ax.xaxis.set_ticks_position('top'),1343,25,4,24,1,46,1,2,0
8785554,How do I insert a list at the front of another list?,insert a list `k` at the front of list `a`,"a.insert(0, k)",1363,26,7,56,1,62,0,2,0
12985456,Replace all non-alphanumeric characters in a string,Replace all non-alphanumeric characters in a string,"re.sub('[^0-9a-zA-Z]+', '*', 'h^&ell`.,|o w]{+orld')",1688,34,8,0,0,24,0,2,0
13781828,Replace a string in list of lists,Truncate `\r\n` from each string in a list of string `example`,"example = [x.replace('\r\n', '') for x in example]",1775,36,8,0,0,38,0,2,0
14538885,How to get the index with the key in Python dictionary?,get index of key 'c' in dictionary `x`,list(x.keys()).index('c'),1840,38,1,64,0,63,0,2,0
14571103,Capturing emoticons using regular expression in python,fetch smilies matching regex pattern '(?::|;|=)(?:-)?(?:\\)|\\(|D|P)' in string `s`,"re.findall('(?::|;|=)(?:-)?(?:\\)|\\(|D|P)', s)",1841,38,0,12,0,37,0,2,0
15851568,how to get the last part of a string before a certain character?,Split a string `x` by last occurrence of character `-`,print(x.rpartition('-')[0]),1947,41,8,0,0,43,0,2,0
17141558,How to sort a dataFrame in python pandas by two or more columns?,sort a pandas data frame with column `a` in ascending and `b` in descending order,"df1.sort(['a', 'b'], ascending=[True, False], inplace=True)",2038,43,3,24,0,30,0,2,0
19894478,Regex punctuation split [Python],"split string 'Words, words, words.' on punctuation","re.split('\\W+', 'Words, words, words.')",2231,48,8,0,0,23,0,2,0
20180210,Python how to combine two matrices in numpy,Create new matrix object  by concatenating data from matrix A and matrix B,"np.concatenate((A, B))",2249,48,6,45,0,23,0,2,0
20400135,Simple way to append a pandas series with same index,append a pandas series `b` to the series `a` and get a continuous index,a.append(b).reset_index(drop=True),2259,49,3,29,0,7,0,2,0
23748995,Pandas DataFrame to list,pandas dataframe `df` column 'a' to list,df['a'].values.tolist(),2386,52,3,53,0,52,0,2,0
24659239,How to change QPushButton text and background color,set text color as `red` and background color as `#A3C1DA` in qpushbutton,setStyleSheet('QPushButton {background-color: #A3C1DA; color: red;}'),2408,53,4,44,1,46,1,2,0
24958010,get key by value in dictionary with same value in python?,get keys with same value in dictionary `d`,"print([key for key, value in d.items() if value == 1])",2413,53,1,46,0,36,0,2,0
27868020,How to subset a data frame using Pandas based on a group criteria?,Get data of dataframe `df` where the sum of column 'X' grouped by column 'User' is equal to 0,df.loc[df.groupby('User')['X'].transform(sum) == 0],2474,54,3,35,0,29,0,2,0
29696641,Find a specific pattern (regular expression) in a list of strings (Python),Get all matches with regex pattern `\\d+[xX]` in list of string `teststr`,"[i for i in teststr if re.search('\\d+[xX]', i)]",2526,56,0,53,0,51,0,2,0
29945684,Django - How to simply get domain name?,get domain/host name from request object in Django,request.META['HTTP_HOST'],2537,56,4,57,1,28,1,2,0
30190459,How to gracefully fallback to `NaN` value while reading integers from a CSV with Pandas?,read CSV file 'my.csv' into a dataframe `df` with datatype of float for column 'my_column' considering character 'n/a' as NaN value,"df = pd.read_csv('my.csv', dtype={'my_column': np.float64}, na_values=['n/a'])",2545,56,3,4,0,2,0,2,0
31247198,"Python, Pandas : write content of DataFrame into text File",write content of DataFrame `df` into text file 'c:\\data\\pandas.txt',"df.to_csv('c:\\data\\pandas.txt', header=None, index=None, sep=' ', mode='a')",2576,57,3,39,0,54,0,2,0
32283692,Adding a 1-D Array to a 3-D array in Numpy,"add array of shape `(6, 9, 20)` to array `[1, 2, 3, 4, 5, 6, 7, 8, 9]`","np.zeros((6, 9, 20)) + np.array([1, 2, 3, 4, 5, 6, 7, 8, 9]).reshape((1, 9, 1))",2617,58,6,18,0,52,0,2,0
38426168,How to remove multiple columns that end with same text in Pandas?,get a dataframe `df2` that contains all the columns of dataframe `df` that do not end in `prefix`,"df2 = df.ix[:, (~df.columns.str.endswith('prefix'))]",2743,61,3,43,0,53,0,2,0
41648246,Efficient computation of the least-squares algorithm in NumPy,solve for the least squares' solution of matrices `a` and `b`,"np.linalg.solve(np.dot(a.T, a), np.dot(a.T, b))",2843,64,6,28,0,50,0,2,0
