question_id,intent,rewritten_intent,snippet,idx,time_batch,cluster,gradual_batch,gradual_new,recurring_batch,rec_new,sudden_batch,sudden_new
53513,check if a list is empty,check if list `a` is empty,"if (not a):
    pass",37,0,7,59,1,15,0,56,0
123198,copy a file,"copy file ""/dir/file.ext"" to ""/new/dir/newname.ext""","shutil.copy2('/dir/file.ext', '/new/dir/newname.ext')",73,0,9,15,1,56,0,56,0
364519,iterate over a dictionary in sorted order,iterate over a dictionary `foo` in sorted order,"for (k, v) in sorted(foo.items()):
    pass",155,0,1,63,0,15,0,56,0
432842,get the logical xor of two variables,get logical xor of `a` and `b`,(bool(a) ^ bool(b)),189,0,0,40,0,30,0,56,0
652291,sorting a list of dictionary values by date in python,sort a list of dictionary values by 'date' in reverse order,"list.sort(key=lambda item: item['date'], reverse=True)",262,0,1,10,0,42,0,56,0
743806,Split string into a list,Split string `line` into a list by whitespace,line.split(),303,0,8,0,0,18,0,56,0
804995,How to use subprocess when multiple arguments contain spaces?,Call a subprocess with arguments `c:\\Program Files\\VMware\\VMware Server\\vmware-cmd.bat` that may contain spaces,subprocess.Popen(['c:\\Program Files\\VMware\\VMware Server\\vmware-cmd.bat']),330,0,9,12,1,18,0,56,0
2195340,Determining the unmatched portion of a string using a regex in Python,"split string 'Words, words, words.' using a regex '(\\W+)'","re.split('(\\W+)', 'Words, words, words.')",571,5,0,2,0,54,0,56,0
2212433,Counting the Number of keywords in a dictionary in python,get number of keys in dictionary `yourdict`,len(list(yourdict.keys())),572,5,1,44,0,64,0,56,0
3505831,in python how do I convert a single digit number into a double digits string?,pads string '5' on the left with 1 zero,print('{0}'.format('5'.zfill(2))),780,11,5,11,0,22,0,56,0
3945750,Find a specific tag with BeautifulSoup,BeautifulSoup find tag 'div' with styling 'width=300px;' in HTML string `soup`,"soup.findAll('div', style='width=300px;')",855,13,4,39,1,45,1,56,0
4627981,Creating a dictionary from a string,"Create a dictionary from string `e` separated by `-` and `,`","dict((k, int(v)) for k, v in (e.split(' - ') for e in s.split(',')))",955,15,1,11,0,51,0,56,0
7287996,Python: Get relative path from comparing two absolute paths,get relative path of path '/usr/var' regarding path '/usr/var/log/',"print(os.path.relpath('/usr/var/log/', '/usr/var'))",1222,22,9,17,1,32,0,56,0
8337004,"How to print +1 in Python, as +1 (with plus sign) instead of 1?",Print +1 using format '{0:+d}',print('{0:+d}'.format(score)),1320,25,5,62,0,61,0,56,0
9072844,How can I check if a string contains ANY letters from the alphabet?,check if string `the_string` contains any upper or lower-case ASCII letters,"re.search('[a-zA-Z]', the_string)",1387,26,0,38,0,62,0,56,0
9396706,How can I use a string with the same name of an object in Python to access the object itself?,get the attribute `x` from object `your_obj`,"getattr(your_obj, x)",1411,27,4,14,1,25,1,56,0
9875964,Python: converting radians to degrees,convert radians 1 to degrees,math.cos(math.radians(1)),1454,28,5,1,0,42,0,56,0
10115967,What's the most memory efficient way to generate the combinations of a set in python?,"generate the combinations of 3 from a set `{1, 2, 3, 4}`","print(list(itertools.combinations({1, 2, 3, 4}, 3)))",1468,28,7,38,1,3,0,56,0
10996140,How to remove specific elements in a numpy array,remove specific elements in a numpy array `a`,"numpy.delete(a, index)",1539,30,6,58,0,44,0,56,0
12030074,Generate list of numbers in specific format,generate list of numbers in specific format using string formatting precision.,[('%.2d' % i) for i in range(16)],1622,32,5,2,0,20,0,56,0
13628725,How to generate random numbers that are different?,generate six unique random numbers in the range of 1 to 49.,"random.sample(range(1, 50), 6)",1762,36,5,12,0,20,0,56,0
14591855,pandas HDFStore - how to reopen?,create dataframe `df` with content of hdf store file '/home/.../data.h5' with key of 'firstSet',"df1 = pd.read_hdf('/home/.../data.h5', 'firstSet')",1843,38,3,33,0,15,0,56,0
15411107,Delete a dictionary item if the key exists,Delete an item with key `key` from `mydict`,del mydict[key],1921,40,1,55,0,61,0,56,0
16050952,How to remove all the punctuation in a string? (Python),"remove the punctuation '!', '.', ':' from a string `asking`","out = ''.join(c for c in asking if c not in ('!', '.', ':'))",1961,41,8,0,0,40,0,56,0
17097236,How to replace values with None in Pandas data frame in Python?,replace '-' in pandas dataframe `df` with `np.nan`,"df.replace('-', np.nan)",2028,43,3,9,0,34,0,56,0
18524642,Convert list of lists to list of integers,convert a list of lists `L` to list of integers,L = [int(''.join([str(y) for y in x])) for x in L],2141,46,7,25,1,19,0,56,0
19069701,Python requests library how to pass Authorization header with single token,request URI '<MY_URI>' and pass authorization token 'TOK:<MY_TOKEN>' to the header,"r = requests.get('<MY_URI>', headers={'Authorization': 'TOK:<MY_TOKEN>'})",2178,47,4,28,1,25,1,56,0
20107570,Removing index column in pandas,"write dataframe `df`, excluding index, to a csv file","df.to_csv(filename, index=False)",2245,48,3,57,0,54,0,56,0
23351183,Django - Filter queryset by CharField value length,filter a Django model `MyModel` to have charfield length of max `255`,MyModel.objects.extra(where=['CHAR_LENGTH(text) > 254']),2376,52,4,53,1,27,1,56,0
27318022,Read a File from redirected stdin with python,read a file from redirected stdin and save to variable `result`,result = sys.stdin.read(),2460,54,9,29,1,54,0,56,0
28207743,Convert string to numpy array,convert a string 'mystr' to numpy array of integer values,"print(np.array(list(mystr), dtype=int))",2486,55,6,36,0,24,0,56,0
30062429,Python How to get every first element in 2 Dimensional List,get value of first index of each element in list `a`,[x[0] for x in a],2542,56,7,23,1,52,0,56,0
31793195,Most efficient way to get the integer index of a key in pandas,Get the integer location of a key `bob` in a pandas data frame,df.index.get_loc('bob'),2595,57,3,6,0,41,0,56,0
31957364,Numpy elementwise product of 3d array,elementwise product of 3d arrays `A` and `B`,"np.einsum('ijk,ikl->ijl', A, B)",2611,58,6,3,0,4,0,56,0
34705205,Sort a nested list by two elements,"sort a nested list by the inverse of element 2, then by element 1","sorted(l, key=lambda x: (-int(x[1]), x[0]))",2674,59,7,16,1,15,0,56,0
34750084,Regex and Octal Characters,Find octal characters matches from a string `str` using regex,"print(re.findall(""'\\\\[0-7]{1,3}'"", str))",2675,59,0,23,0,60,0,56,0
37497559,Python Pandas Identify Duplicated rows with Additional Column,identify duplicated rows in columns 'PplNum' and 'RoomNum' with additional column in dataframe `df`,"df.groupby(['PplNum', 'RoomNum']).cumcount() + 1",2724,61,3,54,0,33,0,56,0
38535931,Pandas: Delete rows based on multiple columns values,pandas: delete rows in dataframe `df` based on multiple columns values,"df.set_index(list('BC')).drop(tuples, errors='ignore').reset_index()",2745,61,3,38,0,59,0,56,0
40620804,How do I sort a list with positives coming before negatives with values sorted respectively?,sort list `lst` with positives coming before negatives with values sorted respectively,"sorted(lst, key=lambda x: (x < 0, x))",2808,63,7,46,1,18,0,56,0
