question_id,intent,rewritten_intent,snippet,idx,time_batch,cluster,gradual_batch,gradual_new,recurring_batch,rec_new,sudden_batch,sudden_new
3061,Calling a function of a module from a string with the function's name in Python,calling a function named 'myfunction' in the module,globals()['myfunction'](),9,0,4,57,1,46,1,57,0
22676,download a file over HTTP,"download a file `url` over HTTP and save to ""10MB""","response = requests.get(url, stream=True)
with open('10MB', 'wb') as handle:
    for data in tqdm(response.iter_content()):
        handle.write(data)",16,0,9,53,1,51,0,57,0
82831,check whether a file exists,"check whether a path ""/does/not/exist"" exists",print(os.path.exists('/does/not/exist')),55,0,9,50,1,17,0,57,0
510348,make a time delay,make a 60 seconds time delay,time.sleep(60),214,0,4,42,1,28,1,57,0
730764,do a try-except without handling the exception,call `doSomething()` in a try-except without handling the exception,"try:
    doSomething()
except:
    pass",298,0,4,42,1,26,1,57,0
1143379,Removing duplicates from list of lists in Python,remove duplicate elements from list 'L',"list(dict((x[0], x) for x in L).values())",419,2,7,46,1,32,0,57,0
3061761,Numpy array dimensions,get the dimensions of array `a`,N.shape(a),699,9,6,48,0,57,0,57,0
3182716,Python unicode string with UTF-8?,print unicode string '\xd0\xbf\xd1\x80\xd0\xb8' with utf-8,print('\xd0\xbf\xd1\x80\xd0\xb8'.encode('raw_unicode_escape')),713,9,8,0,0,50,0,57,0
3348825,How to round integers in python,round 1123.456789 to be an integer,"print(round(1123.456789, -1))",749,10,5,63,0,9,0,57,0
4284648,Converting lists of tuples to strings Python,convert elements of each tuple in list `l` into a string  separated by character `@`,""""""" """""".join([('%d@%d' % t) for t in l])",907,14,7,41,1,16,0,57,0
4356842,How do I return a 401 Unauthorized in Django?,return a 401 unauthorized in django,"return HttpResponse('Unauthorized', status=401)",921,14,4,64,1,48,1,57,0
4524723,Take screenshot in Python on Mac OS X,take screenshot 'screen.png' on mac os x,os.system('screencapture screen.png'),944,15,4,24,1,11,1,57,0
5971312,How to set environment variables in Python,set environment variable 'DEBUSSY' equal to 1,os.environ['DEBUSSY'] = '1',1113,19,4,52,1,47,1,57,0
8369219,How do I read a text file into a string variable in Python,read a text file 'very_Important.txt' into a string variable `str`,"str = open('very_Important.txt', 'r').read()",1322,25,9,54,1,58,0,57,0
8712332,Array indexing in numpy,retrieve all items in an numpy array 'x' except the item of the index 1,"x[(np.arange(x.shape[0]) != 1), :, :]",1355,26,6,29,0,9,0,57,0
10592674,"Updating a list of python dictionaries with a key, value pair from another list",update a list `l1` dictionaries with a key `count` and value from list `l2`,"[dict(d, count=n) for d, n in zip(l1, l2)]",1508,29,1,7,0,9,0,57,0
10974932,python split string based on regular expression,split string `str1` on one or more spaces with a regular expression,"re.split(' +', str1)",1537,30,8,0,0,13,0,57,0
11840111,Divide the values of two dictionaries in python,divide the values with same keys of two dictionary `d1` and `d2`,{k: (float(d2[k]) / d1[k]) for k in d2},1613,32,1,10,0,44,0,57,0
13209288,Python split string based on regex,Split string `input` at every space followed by an upper-case letter,"re.split('[ ](?=[A-Z])', input)",1712,35,8,0,0,32,0,57,0
13840883,Use of findall and parenthesis in Python,Find all words containing letters between A and Z in string `formula`,"re.findall('\\b[A-Z]', formula)",1782,36,0,7,0,44,0,57,0
13945749,String Formatting in Python 3,"format string ""({0.goals} goals, ${0.penalties})""","""""""({0.goals} goals, ${0.penalties})"""""".format(self)",1792,37,8,0,0,38,0,57,0
14162026,How to get the values from a NumPy array using multiple indices,"get the first row, second column; second row, first column, and first row third column values of numpy array `arr`","arr[[0, 1, 1], [1, 0, 2]]",1808,37,6,42,0,62,0,57,0
14637696,Length of longest word in a list,length of longest element in list `words`,"len(max(words, key=len))",1844,38,7,36,1,33,0,57,0
14764126,"How to make a python script which can logoff, shutdown, and restart a computer?",restart a computer after `900` seconds using subprocess,"subprocess.call(['shutdown', '/r', '/t', '900'])",1862,39,4,39,1,25,1,57,0
14859458,How to check if all values in the columns of a numpy matrix are the same?,check if all values in the columns of a numpy matrix `a` are same,"np.all(a == a[(0), :], axis=0)",1869,39,6,56,0,40,0,57,0
15886340,How to extract all UPPER from a string? Python,remove uppercased characters in string `s`,"re.sub('[^A-Z]', '', s)",1954,41,8,0,0,59,0,57,0
17098654,"How to store data frame using PANDAS, Python","store data frame `df` to file `file_name` using pandas, python",df.to_pickle(file_name),2029,43,3,43,0,31,0,57,0
18897261,pandas plot dataframe barplot with colors by category,make a barplot of data in column `group` of dataframe `df` colour-coded according to list `color`,"df['group'].plot(kind='bar', color=['r', 'g', 'b', 'r', 'g', 'b', 'r'])",2169,46,3,60,0,3,0,57,0
21018612,How to download to a specific directory with Python?,download to a directory '/path/to/dir/filename.ext' from source 'http://example.com/file.ext',"urllib.request.urlretrieve('http://example.com/file.ext', '/path/to/dir/filename.ext')",2293,50,9,59,1,48,0,57,0
21261330,Splitting string and removing whitespace Python,"Split string with comma (,) and remove whitespace from a string 'my_string'","[item.strip() for item in my_string.split(',')]",2302,50,8,0,0,54,0,57,0
25991612,Python / Remove special character from string,Python / Remove special character from string,"re.sub('[^a-zA-Z0-9-_*.]', '', my_string)",2433,53,8,0,0,36,0,57,0
27457970,Python regex alternative for join,separate each character in string `s` by '-',"re.sub('(.)(?=.)', '\\1-', s)",2463,54,8,0,0,59,0,57,0
29464234,Compare Python Pandas DataFrames for matching rows,"find all the rows in Dataframe 'df2' that are also present in Dataframe 'df1', for the columns 'A', 'B', 'C' and 'D'.","pd.merge(df1, df2, on=['A', 'B', 'C', 'D'], how='inner')",2521,55,3,29,0,42,0,57,0
30026815,Add Multiple Columns to Pandas Dataframe from Function,"add multiple columns `hour`, `weekday`, `weeknum` to pandas data frame `df` from lambda function `lambdafunc`","df[['hour', 'weekday', 'weeknum']] = df.apply(lambdafunc, axis=1)",2541,56,3,40,0,36,0,57,0
30605909,Pandas to_csv call is prepending a comma,write pandas dataframe `df` to the file 'c:\\data\\t.csv' without row names,"df.to_csv('c:\\data\\t.csv', index=False)",2556,56,3,8,0,31,0,57,0
30693804,Python: trying to lower a string and remove non-alphanumeric characters aside from space,lower a string `text` and remove non-alphanumeric characters aside from space,"re.sub('[^\\sa-zA-Z0-9]', '', text).lower().strip()",2560,56,8,0,0,4,0,57,0
33824334,How to convert this list into a dictionary,"convert list `lst` of key, value pairs into a dictionary","dict([(e[0], int(e[1])) for e in lst])",2652,59,1,29,0,21,0,57,0
37125495,How to get the N maximum values per row in a numpy ndarray?,get the maximum 2 values per row in array `A`,"A[:, -2:]",2723,61,6,28,0,32,0,57,0
39602824,pandas: replace string with another string,Replace each value in column 'prod_type' of dataframe `df` with string 'responsive',df['prod_type'] = 'responsive',2768,62,3,58,0,32,0,57,0
