question_id,intent,rewritten_intent,snippet,idx,time_batch,cluster,gradual_batch,gradual_new,recurring_batch,rec_new,sudden_batch,sudden_new
89228,Calling an external command,"Calling an external command ""ls -l""",from subprocess import call,57,0,9,49,1,53,0,26,0
200738,How can I unpack binary hex formatted data in Python?,encode string `data` as `hex`,data.encode('hex'),87,0,8,0,0,4,0,26,0
275018,remove (chomp) a newline,remove newline in string 'Unix EOL\n' on the right side,'Unix EOL\n'.rstrip('\r\n'),122,0,8,0,0,32,0,26,0
276052,get current CPU and RAM usage,print cpu and memory usage,"print((psutil.cpu_percent()))
print((psutil.virtual_memory()))",130,0,4,52,1,11,1,26,0
533398,"In python 2.4, how can I execute external commands with csh instead of bash?",execute external commands/script `your_own_script` with csh instead of bash,os.system('tcsh your_own_script'),229,0,9,38,1,44,0,26,0
1179305,Expat parsing in python 3,Parse a file `sample.xml` using expat parsing in python 3,"parser.ParseFile(open('sample.xml', 'rb'))",420,2,9,52,1,17,0,26,0
2878084,Sort a list of dicts by dict values,sort a list of dictionary `mylist` by the key `title`,mylist.sort(key=lambda x: x['title']),678,8,1,57,0,53,0,26,0
3061761,Numpy array dimensions,get the dimensions of numpy array `a`,a.shape,698,9,6,30,0,61,0,26,0
3501382,Checking whether a variable is an integer,check if `x` is an integer,"isinstance(x, int)",778,11,5,58,0,3,0,26,0
3964681,Find all files in directory with extension .txt,"Find all files in directory ""/mydir"" with extension "".txt""","for (root, dirs, files) in os.walk('/mydir'):
    for file in files:
        if file.endswith('.txt'):
            pass",860,13,9,32,1,35,0,26,0
4901483,How to apply django/jinja2 template filters 'escape' and 'linebreaks' correctly?,apply jinja2 filters `forceescape` and `linebreaks` on variable `my_variable`,{{my_variable | forceescape | linebreaks}},1006,17,4,44,1,47,1,26,0
5137497,Find current directory and file's directory,find the current directory,os.path.realpath(__file__),1041,17,9,43,1,54,0,26,0
5927180,removing data from a numpy.array,Extract values not equal to 0 from numpy array `a`,a[a != 0],1110,19,6,31,0,37,0,26,0
8214932,How to check if a value exists in a dictionary (python),check if string `one` exists in the values of dictionary `d`,'one' in list(d.values()),1298,24,1,55,0,43,0,26,0
9743134,Python Regex Split Keeps Split Pattern Characters,split a string `Docs/src/Scripts/temp` by `/` keeping `/` in the result,"""""""Docs/src/Scripts/temp"""""".replace('/', '/\x00/').split('\x00')",1442,28,8,0,0,32,0,26,0
10915391,Sorting a list of dicts by dict values,sorting a list of dictionary `a` by values in descending order,"sorted(a, key=dict.values, reverse=True)",1530,30,1,35,0,21,0,26,0
11351874,Converting a dict into a list,convert dictionary `dict` into a flat list,print([y for x in list(dict.items()) for y in x]),1567,31,1,10,0,40,0,26,0
11479392,What does a for loop within a list do in Python?,Get a list `myList` from 1 to 10,myList = [i for i in range(10)],1581,31,7,59,1,36,0,26,0
12527959,Passing the '+' character in a POST request in Python,replace percent-encoded code in request `f` to their single-character equivalent,"f = urllib.request.urlopen(url, urllib.parse.unquote(urllib.parse.urlencode(params)))",1654,33,8,0,0,29,0,26,0
12589481,Python Pandas: Multiple aggregations of the same column,apply two different aggregating functions `mean` and `sum` to the same column `dummy` in pandas data frame `df`,"df.groupby('dummy').agg({'returns': [np.mean, np.sum]})",1660,33,3,13,0,22,0,26,0
12987178,Sort a list based on dictionary values in python?,sort list `trial_list` based on values of dictionary `trail_dict`,"sorted(trial_list, key=lambda x: trial_dict[x])",1689,34,1,59,0,23,0,26,0
14695134,How to insert strings with quotes and newlines into sqlite db with Python?,insert data from a string `testfield` to sqlite db `c`,"c.execute(""INSERT INTO test VALUES (?, 'bar')"", (testfield,))",1850,38,4,14,1,11,1,26,0
15080500,How can I send a signal from a python program?,send a signal `signal.SIGUSR1` to the current process,"os.kill(os.getpid(), signal.SIGUSR1)",1889,39,4,31,1,46,1,26,0
16114244,Get contents of entire page using Selenium,Selenium get the entire `driver` page text,driver.page_source,1965,41,4,57,1,46,1,26,0
17057544,Python - Extract folder path from file path,Get absolute folder path and filename for file `existGDBPath `,os.path.split(os.path.abspath(existGDBPath)),2021,43,9,36,1,54,0,26,0
18137341,applying functions to groups in pandas dataframe,apply function `log2` to the grouped values by 'type' in dataframe `df`,df.groupby('type').apply(lambda x: np.mean(np.log2(x['v']))),2108,45,3,5,0,38,0,26,0
18168684,Parsing XML in Python with regex,search for occurrences of regex pattern '>.*<' in xml string `line`,"print(re.search('>.*<', line).group(0))",2110,45,0,15,0,31,0,26,0
18493677,how do i return a string from a regex match in python,return a string from a regex match with pattern '<img.*?>' in string 'line',"imtag = re.match('<img.*?>', line).group(0)",2135,46,0,27,0,41,0,26,0
18609153,Format() in Python Regex,"format parameters 'b' and 'a' into plcaeholders in string ""{0}\\w{{2}}b{1}\\w{{2}}quarter""","""""""{0}\\w{{2}}b{1}\\w{{2}}quarter"""""".format('b', 'a')",2144,46,8,0,0,56,0,26,0
18663026,How do I pythonically set a value in a dictionary if it is None?,Set value for key `a` in dict `count` to `0` if key `a` does not exist or if value is `none`,"count.setdefault('a', 0)",2149,46,1,11,0,42,0,26,0
18990069,how to get tuples from lists using list comprehension in python,create tuples containing elements that are at the same index of list `lst` and list `lst2`,"[(i, j) for i, j in zip(lst, lst2)]",2173,47,7,19,1,64,0,26,0
19205916,How to call Base Class's __init__ method from the child class?,call base class's __init__ method from the child class `ChildClass`,"super(ChildClass, self).__init__(*args, **kwargs)",2186,47,4,47,1,10,1,26,0
21104592,JSON to pandas DataFrame,read json `elevations` to pandas dataframe `df`,pd.read_json(elevations),2295,50,3,48,0,13,0,26,0
21212706,Python Convert String Literal to Float,split string `s` into float values and write sum to `total`,"total = sum(float(item) for item in s.split(','))",2301,50,5,12,0,22,0,26,0
21691126,Find and click an item from 'onclick' partial value,"find element by css selector ""input[onclick*='1 Bedroom Deluxe']""","driver.find_element_by_css_selector(""input[onclick*='1 Bedroom Deluxe']"")",2315,50,4,28,1,45,1,26,0
25817930,Fastest way to sort each row in a pandas dataframe,sort each row in a pandas dataframe `df` in descending order,"df.sort(axis=1, ascending=False)",2431,53,3,44,0,8,0,26,0
34097281,How can I convert a tensor into a numpy array in TensorFlow?,"convert a tensor with list of constants `[1, 2, 3]` into a numpy array in tensorflow","print(type(tf.Session().run(tf.constant([1, 2, 3]))))",2655,59,6,8,0,15,0,26,0
40273313,How to extract first two characters from string using regex,use regex pattern '^12(?=.{4}$)' to remove digit 12 if followed by 4 other digits in column `c_contofficeID` of dataframe `df`,"df.c_contofficeID.str.replace('^12(?=.{4}$)', '')",2793,62,3,5,0,34,0,26,0
41246071,How can I start a Python thread FROM C++?,Spawn a process to run python script `myscript.py` in C++,system('python myscript.py'),2831,63,4,44,1,47,1,26,0
