question_id,intent,rewritten_intent,snippet,idx,time_batch,cluster,gradual_batch,gradual_new,recurring_batch,rec_new,sudden_batch,sudden_new
179369,How do I abort the execution of a Python script?,terminate the script using status value 0,sys.exit(0),80,0,4,16,1,10,1,33,0
247770,Retrieving python module path,get the path of the current python module,print(os.getcwd()),110,0,4,26,1,12,1,33,0
439115,random Decimal in python,generate random Decimal,decimal.Decimal(random.randrange(10000)) / 100,196,0,5,6,0,59,0,33,0
455612,Limiting floats to two decimal points,limit float 3.14159 to two decimal points,('%.2f' % 3.14159),200,0,5,62,0,37,0,33,0
764235,Dictionary to lowercase in Python,lowercase all keys and values in dictionary `{'My Key': 'My Value'}`,"dict((k.lower(), v) for k, v in {'My Key': 'My Value'}.items())",324,0,1,4,0,48,0,33,0
1093322,check what version of Python is running,check python version,sys.version_info,415,1,4,28,1,27,1,33,0
1406145,How do I get rid of Python Tkinter root window?,How do I get rid of Python Tkinter root window?,root.destroy(),457,3,4,57,1,45,1,33,0
2674391,Python - Locating the position of a regex match in a string?,Get the position of a regex match `is` in a string `String`,"re.search('is', String).start()",645,7,0,10,0,49,0,33,0
3207219,list all files of a directory,list all files of a directory `mypath`,"f = []
for (dirpath, dirnames, filenames) in walk(mypath):
    f.extend(filenames)
    break",715,9,9,38,1,36,0,33,0
5137497,Find current directory,Find current directory,cwd = os.getcwd(),1038,17,9,64,1,22,0,33,0
5453026,String to list in Python,split string 'QH QD JC KD JS' into a list on white spaces,"""""""QH QD JC KD JS"""""".split()",1069,18,8,0,0,38,0,33,0
5508352,Indexing numpy array with another numpy array,Get index of numpy array `a` with another numpy array `b`,a[tuple(b)],1075,18,6,7,0,38,0,33,0
7574841,open a terminal from python,open a 'gnome' terminal from python script and run  'sudo apt-get update' command.,"os.system('gnome-terminal -e \'bash -c ""sudo apt-get update; exec bash""\'')",1244,23,4,55,1,10,1,33,0
7900882,extract item from list of dictionaries,extract dictionary `d` from list `a` where the value associated with the key 'name' of dictionary `d` is equal to 'pluto',[d for d in a if d['name'] == 'pluto'],1266,23,1,12,0,35,0,33,0
8671702,Passing list of parameters to SQL in psycopg2,"pass a list of parameters `((1, 2, 3),) to sql queue 'SELECT * FROM table WHERE column IN %s;'","cur.mogrify('SELECT * FROM table WHERE column IN %s;', ((1, 2, 3),))",1347,25,7,48,1,44,0,33,0
10373660,Converting a Pandas GroupBy object to DataFrame,convert a pandas `df1` groupby object to dataframe,"DataFrame({'count': df1.groupby(['Name', 'City']).size()}).reset_index()",1484,29,3,33,0,13,0,33,0
10972410,pandas: combine two columns in a DataFrame,combine two columns `foo` and `bar` in a pandas data frame,"pandas.concat([df['foo'].dropna(), df['bar'].dropna()]).reindex_like(df)",1534,30,3,30,0,22,0,33,0
11921649,What is the most pythonic way to avoid specifying the same value in a string,"Format string `hello {name}, how are you {name}, welcome {name}` to be interspersed by `name` three times, specifying the value as `john` only once","""""""hello {name}, how are you {name}, welcome {name}"""""".format(name='john')",1616,32,8,0,0,1,0,33,0
12692135,Create dictionary from lists of keys and multiple values,"convert list `[('Name', 'Joe'), ('Age', 22)]` into a dictionary","dict([('Name', 'Joe'), ('Age', 22)])",1665,33,1,63,0,48,0,33,0
13078751,Merge Columns within a DataFrame that have the Same Name,Get pandas GroupBy object with sum over the rows with same column names within  dataframe `df`,"df.groupby(df.columns, axis=1).sum()",1697,34,3,14,0,51,0,33,0
13277440,How can I get Python to use upper case letters to print hex values?,use upper case letters to print hex value `value`,print('0x%X' % value),1722,35,5,23,0,18,0,33,0
15043326,getting string between 2 characters in python,get all characters between two `$` characters in string `string`,"re.findall('\\$([^$]*)\\$', string)",1887,39,8,0,0,8,0,33,0
15325182,How to filter rows in pandas by regex,filter rows in pandas starting with alphabet 'f' using regular expression.,df.b.str.contains('^f'),1914,40,3,41,0,58,0,33,0
18979111,Sending post data from angularjs to django as JSON and not as raw content,decode json string `request.body` to python dict,json.loads(request.body),2171,46,4,13,1,12,1,33,0
19454970,Is there a Python dict without values?,create dict of squared int values in range of 100,{(x ** 2) for x in range(100)},2199,47,5,49,0,40,0,33,0
20067636,Pandas dataframe get first row of each group,pandas dataframe get first row of each group by 'id',df.groupby('id').first(),2242,48,3,36,0,58,0,33,0
21562986,numpy matrix vector multiplication,multiply array `a` and array `b`respective elements then sum each row of the new array,"np.einsum('ji,i->j', a, b)",2311,50,6,32,0,58,0,33,0
21887754,numpy concatenate two arrays vertically,numpy concatenate two arrays `a` and `b` along the first axis,"c = np.r_[(a[None, :], b[None, :])]",2331,51,6,39,0,52,0,33,0
23823206,Upload files to Google cloud storage from appengine app,upload uploaded file from path '/upload' to Google cloud storage 'my_bucket' bucket,"upload_url = blobstore.create_upload_url('/upload', gs_bucket_name='my_bucket')",2389,52,9,64,1,21,0,33,0
27175400,How to find the index of a value in 2d array in Python?,How to find the index of a value in 2d array in Python?,np.where(a == 1),2457,54,6,11,0,59,0,33,0
29360607,How does this function to remove duplicate characters from a string in python work?,create a set from string `s` to remove duplicate characters,print(' '.join(set(s))),2512,55,8,0,0,36,0,33,0
31771758,"Concatenating Unicode with string: print '£' + '1' works, but print '£' + u'1' throws UnicodeDecodeError",add unicode string '1' to UTF-8 decoded string '\xc2\xa3',print('\xc2\xa3'.decode('utf8') + '1'),2594,57,8,0,0,54,0,33,0
31818050,round number to nearest integer,round number 1.005 up to 2 decimal places,"round(1.005, 2)",2606,58,5,6,0,54,0,33,0
31888871,Pandas - replacing column values,replace value 0 with 'Female' and value 1 with 'Male' in column 'sex' of dataframe `data`,"data['sex'].replace([0, 1], ['Female', 'Male'], inplace=True)",2609,58,3,40,0,51,0,33,0
35253971,"How to check if all values of a dictionary are 0, in Python?",check if all values of a dictionary `your_dict` are zero `0`,all(value == 0 for value in list(your_dict.values())),2689,60,1,44,0,17,0,33,0
38231591,Splitting dictionary/list inside a Pandas Column into Separate Columns,split dictionary/list inside a pandas column 'b' into separate columns in dataframe `df`,"pd.concat([df.drop('b', axis=1), pd.DataFrame(df['b'].tolist())], axis=1)",2737,61,3,9,0,52,0,33,0
40452956,remove escape character from string,"remove escape character from string ""\\a""","""""""\\a"""""".decode('string_escape')",2801,63,8,0,0,23,0,33,0
40660956,Sum of Every Two Columns in Pandas dataframe,sum the values in each row of every two adjacent columns in dataframe `df`,"df.groupby(np.arange(len(df.columns)) // 2 + 1, axis=1).sum().add_prefix('s')",2810,63,3,12,0,6,0,33,0
42060144,Conditionally fill a column of a pandas df with values of a different df,Merge column  'word' in dataframe `df2` with column 'word' on dataframe `df1`,"df1.merge(df2, how='left', on='word')",2857,64,3,49,0,5,0,33,0
