question_id,intent,rewritten_intent,snippet,idx,time_batch,cluster,gradual_batch,gradual_new,recurring_batch,rec_new,sudden_batch,sudden_new
319426,case insensitive string comparison,case insensitive comparison of strings `string1` and `string2`,"if (string1.lower() == string2.lower()):
    print('The strings are the same (case insensitive)')
else:
    print('The strings are not the same (case insensitive)')",146,0,0,10,0,33,0,46,0
748028,How to get output of exe in python script?,get output from process `p1`,p1.communicate()[0],306,0,4,50,1,28,1,46,0
748028,How to get output of exe in python script?,How to get output of exe in python script?,"output = subprocess.Popen(['mycmd', 'myarg'], stdout=PIPE).communicate()[0]",307,0,4,39,1,11,1,46,0
761804,Trimming a string,Trimming a string `str`,str.strip(),316,0,8,0,0,13,0,46,0
962619,How to pull a random record using Django's ORM?,get a random record from model 'MyModel' using django's orm,MyModel.objects.order_by('?').first(),386,1,4,31,1,46,1,46,0
2416823,How to get the content of a Html page in Python,Get all the texts without tags from beautiful soup object `soup`,""""""""""""".join(soup.findAll(text=True))",601,6,4,46,1,45,1,46,0
3220755,how to find the target file's full(absolute path) of the symbolic link or soft link in python,get canonical path of the filename `path`,os.path.realpath(path),719,9,9,31,1,15,0,46,0
3355822,python http request with token,request page 'https://www.mysite.com/' with credentials of username 'username' and password 'pwd',"requests.get('https://www.mysite.com/', auth=('username', 'pwd'))",750,10,4,39,1,45,1,46,0
3735814,Check for a key pattern in a dictionary in python,Check if any key in the dictionary `dict1` starts with the string `EMP$$`,any(key.startswith('EMP$$') for key in dict1),806,11,1,23,0,60,0,46,0
4223923,how to change the case of first letter of a string?,change the case of the first letter in string `s`,return s[0].upper() + s[1:],897,14,8,0,0,31,0,46,0
4921038,Deleting row with Flask-SQLAlchemy,flask-sqlalchemy delete row `page`,db.session.delete(page),1017,17,4,55,1,47,1,46,0
4965159,Python: How to Redirect Output with Subprocess?,execute os command `my_cmd`,os.system(my_cmd),1024,17,9,59,1,51,0,46,0
6159900,write line to file,"write line ""Hello"" to file `somefile.txt`","with open('somefile.txt', 'a') as the_file:
    the_file.write('Hello\n')",1127,20,9,54,1,19,0,46,0
6250046,How can I remove the fragment identifier from a URL?,remove the fragment identifier `#something` from a url `http://www.address.com/something#something`,urlparse.urldefrag('http://www.address.com/something#something'),1129,20,4,43,1,12,1,46,0
7741878,How to apply numpy.linalg.norm to each row of a matrix?,apply `numpy.linalg.norm` to each row of a matrix `a`,"numpy.apply_along_axis(numpy.linalg.norm, 1, a)",1255,23,6,40,0,53,0,46,0
7974442,lambda in python,make a function `f` that calculates the sum of two integer variables `x` and `y`,"f = lambda x, y: x + y",1273,23,4,24,1,27,1,46,0
8425046,The best way to filter a dictionary in Python,Remove all items from a dictionary `d` where the values are less than `1`,"d = dict((k, v) for k, v in d.items() if v > 0)",1329,25,1,9,0,62,0,46,0
8740353,How to convert a string data to a JSON object in python?,convert a urllib unquoted string `unescaped` to a json data `json_data`,json_data = json.loads(unescaped),1358,26,8,0,0,39,0,46,0
9841303,Removing duplicate characters from a string,"removing duplicate characters from a string variable ""foo""",""""""""""""".join(set(foo))",1452,28,8,0,0,33,0,46,0
9938130,plotting stacked barplots on a panda data frame,plotting stacked barplots on a panda data frame,"df.plot(kind='barh', stacked=True)",1460,28,3,34,0,51,0,46,0
10750802,Disable abbreviation in argparse,disable abbreviation in argparse,parser = argparse.ArgumentParser(allow_abbrev=False),1522,30,8,0,0,50,0,46,0
10839719,"How to set ""step"" on axis X in my figure in matplotlib python 2.6.6?","set labels `[1, 2, 3, 4, 5]` on axis X in plot `plt`","plt.xticks([1, 2, 3, 4, 5])",1527,30,4,31,1,47,1,46,0
11205386,Python: BeautifulSoup - get an attribute value based on the name attribute,BeautifulSoup get value associated with attribute 'content' where attribute 'name' is equal to 'City' in tag 'meta' in HTML parsed string `soup`,"soup.find('meta', {'name': 'City'})['content']",1551,31,4,41,1,28,1,46,0
12280143,How to move to one folder back in python,Change the current directory one level up,os.chdir('..'),1633,33,9,64,1,64,0,46,0
12307099,Modifying a subset of rows in a pandas dataframe,set the value in column 'B' to NaN if the corresponding value in column 'A' is equal to 0 in pandas dataframe `df`,"df.ix[df.A == 0, 'B'] = np.nan",1635,33,3,10,0,40,0,46,0
13368659,loop through an IP address range,"loop through the IP address range ""192.168.x.x""","generator = iter_iprange('192.168.1.1', '192.168.255.255', step=1)",1733,35,4,57,1,25,1,46,0
13571134,recursively go through all subdirectories and read files,recursively go through all subdirectories and files in `rootdir`,"for (root, subFolders, files) in os.walk(rootdir):
    pass",1759,36,9,40,1,21,0,46,0
14925239,Python: How to get attribute of attribute of an object with getattr?,Evaluate a nested dictionary `myobject.id.number` to get `number` if `myobject` is present with getattr,"getattr(getattr(myobject, 'id', None), 'number', None)",1871,39,1,9,0,24,0,46,0
16389188,How to center a window with PyGObject,pygobject center window `window`,window.set_position(Gtk.WindowPosition.CENTER),1988,42,4,61,1,25,1,46,0
17071871,Select rows from a DataFrame based on values in a column in pandas,select rows of dataframe `df` whose value for column `A` is `foo`,print(df.loc[df['A'] == 'foo']),2024,43,3,14,0,62,0,46,0
20154303,"Pandas read_csv expects wrong number of columns, with ragged csv file",read a ragged csv file `D:/Temp/tt.csv` using `names` parameter in pandas,"pd.read_csv('D:/Temp/tt.csv', names=list('abcdef'))",2247,48,3,40,0,4,0,46,0
26720916,Faster way to rank rows in subgroups in pandas dataframe,"Get rank of rows from highest to lowest of dataframe `df`, grouped by value in column `group`, according to value in column `value`",df.groupby('group')['value'].rank(ascending=False),2447,54,3,35,0,7,0,46,0
27175400,How to find the index of a value in 2d array in Python?,find all the indexes in a Numpy 2D array where the value is 1,zip(*np.where(a == 1)),2458,54,6,48,0,7,0,46,0
28199524,Best way to count the number of rows with missing values in a pandas DataFrame,count the number of rows with missing values in a pandas dataframe `df`,"sum(df.apply(lambda x: sum(x.isnull().values), axis=1) > 0)",2484,54,3,11,0,19,0,46,0
28431359,How to decode a 'url-encoded' string in python,decode url-encoded string `some_string` to its character equivalents,urllib.parse.unquote(urllib.parse.unquote(some_string)),2490,55,8,0,0,1,0,46,0
31029560,Plotting categorical data with pandas and matplotlib,plot categorical data in series `df` with kind `bar` using pandas and matplotlib,df.groupby('colour').size().plot(kind='bar'),2572,57,3,51,0,62,0,46,0
34410358,Splitting a string based on a certain set of words,Split a string `l` by multiple words `for` or `or` or `and`,"[re.split('_(?:f?or|and)_', s) for s in l]",2665,59,0,17,0,40,0,46,0
41067960,How to convert a list of multiple integers into a single integer?,Concatenate elements of a list 'x' of multiple integers to a single integer,"sum(d * 10 ** i for i, d in enumerate(x[::-1]))",2823,63,7,49,1,3,0,46,0
42364593,Python - Move elements in a list of dictionaries to the end of the list,move dictionaries in list `lst` to the end of the list if value of key 'language' in each dictionary is not equal to 'en',"sorted(lst, key=lambda x: x['language'] != 'en')",2868,64,1,15,0,18,0,46,0
