question_id,intent,rewritten_intent,snippet,idx,time_batch,cluster,gradual_batch,gradual_new,recurring_batch,rec_new,sudden_batch,sudden_new
227459,"get the <a href=""http://en.wikipedia.org/wiki/ASCII"" rel=""nofollow noreferrer"">ASCII</a> value of a character as an int",get the ASCII value of a character u'あ' as an int,ord('\u3042'),99,0,8,0,0,13,0,31,0
276052,get current CPU and RAM usage,get current RAM usage of current program,"pid = os.getpid()
py = psutil.Process(pid)
memoryUse = (py.memory_info()[0] / (2.0 ** 30))",131,0,4,46,1,26,1,31,0
373194,Python regex for MD5 hash,find all matches of regex pattern '([a-fA-F\\d]{32})' in string `data`,"re.findall('([a-fA-F\\d]{32})', data)",170,0,0,5,0,53,0,31,0
613183,Sort a Python dictionary by value,Sort dictionary `x` by value in ascending order,"sorted(list(x.items()), key=operator.itemgetter(1))",248,0,1,9,0,41,0,31,0
899103,Writing a list to a file with Python,writing items in list `itemlist` to file `outfile`,outfile.write('\n'.join(itemlist)),353,0,9,47,1,37,0,31,0
1185524,trim whitespace (including tabs),trim whitespace (including tabs) in `s` on the right side,s = s.rstrip(),423,2,8,0,0,21,0,31,0
1397827,How to read formatted input in python?,get a list of of elements resulting from splitting user input by commas and stripping white space from each resulting string `s`,"[s.strip() for s in input().split(',')]",451,2,8,0,0,51,0,31,0
2225564,Get a filtered list of files in a directory,create a list `files` containing all files in directory '.' that starts with numbers between 0 and 9 and ends with the extension '.jpg',"files = [f for f in os.listdir('.') if re.match('[0-9]+.*\\.jpg', f)]",574,6,9,58,1,3,0,31,0
2389846,Python Decimals format,format a string `num` using string formatting,"""""""{0:.3g}"""""".format(num)",595,6,5,40,0,44,0,31,0
2612802,copy a list,deep copy list `old_list` as `new_list`,new_list = copy.deepcopy(old_list),633,7,7,34,1,53,0,31,0
2783079,How do I convert a unicode to a string at the Python level?,Format a string `u'Andr\xc3\xa9'` that has unicode characters,""""""""""""".join(chr(ord(c)) for c in 'Andr\xc3\xa9')",658,8,8,0,0,17,0,31,0
3411025,Summarizing a dictionary of arrays in Python,sort dictionary `mydict` in descending order based on the sum of each value in it,"sorted(iter(mydict.items()), key=lambda tup: sum(tup[1]), reverse=True)[:3]",758,10,1,6,0,53,0,31,0
4365964,numpy: efficiently reading a large array,Construct an array with data type float32 `a` from data in binary file 'filename',"a = numpy.fromfile('filename', dtype=numpy.float32)",926,15,6,45,0,4,0,31,0
4906977,Access environment variables,print all environment variables,print(os.environ),1008,17,4,47,1,46,1,31,0
5558418,list of dicts to/from dict of lists,group a list of dicts `LD` into one dict by key,"print(dict(zip(LD[0], zip(*[list(d.values()) for d in LD]))))",1077,18,1,29,0,24,0,31,0
6591931,Getting file size in Python?,get the  size of file 'C:\\Python27\\Lib\\genericpath.py',os.stat('C:\\Python27\\Lib\\genericpath.py').st_size,1161,21,9,41,1,42,0,31,0
7128153,Multiple 'in' operators in Python?,"check if  dictionary `d` contains all keys in list `['somekey', 'someotherkey', 'somekeyggg']`","all(word in d for word in ['somekey', 'someotherkey', 'somekeyggg'])",1197,21,1,2,0,61,0,31,0
7262828,python : how to convert string literal to raw string literal?,convert a string literal `s` with values `\\` to raw string literal,"s = s.replace('\\', '\\\\')",1210,22,8,0,0,60,0,31,0
7270321,Finding the index of elements based on a condition using python list comprehension,Get all indexes of a list `a` where each value is greater than `2`,[i for i in range(len(a)) if a[i] > 2],1212,22,7,30,1,1,0,31,0
7429118,how to get all the values from a numpy array excluding a certain index?,get all the values from a numpy array `a` excluding index 3,a[np.arange(len(a)) != 3],1236,22,6,44,0,55,0,31,0
7633274,"Extracting words from a string, removing punctuation and returning a list with separated words in Python","Get a list of  words from a string `Hello world, my name is...James the 2nd!` removing punctuation","re.compile('\\w+').findall('Hello world, my name is...James the 2nd!')",1246,23,8,0,0,18,0,31,0
11303238,Finding recurring patterns in a string,find recurring patterns in a string '42344343434',"re.findall('^(.+?)((.+)\\3+)$', '42344343434')[0][:-1]",1561,31,0,48,0,62,0,31,0
11361985,Output data from all columns in a dataframe in pandas,output data of the first 7 columns of Pandas dataframe,"pandas.set_option('display.max_columns', 7)",1571,31,3,5,0,49,0,31,0
13002848,How do I convert an array to string using the jinja template engine?,Jinja join elements of array `tags` with space string ' ',{{tags | join(' ')}},1690,34,8,0,0,52,0,31,0
13745648,Running bash script from within python,running bash script 'sleep.sh',"subprocess.call('sleep.sh', shell=True)",1774,36,4,47,1,28,1,31,0
13905936,converting integer to list in python,create a list containing digits of number 123 as its elements,list(str(123)),1789,37,5,2,0,57,0,31,0
14299978,How to use lxml to find an element by text?,Find the`a` tag in html `root` which starts with the text `TEXT A`  and assign it to `e`,"e = root.xpath('.//a[starts-with(text(),""TEXT A"")]')",1820,37,0,46,0,56,0,31,0
14716342,How do I find the string between two special characters?,"find the string in `your_string` between two special characters ""["" and ""]""","re.search('\\[(.*)\\]', your_string).group(1)",1851,38,0,16,0,19,0,31,0
15752422,Python Pandas - Date Column to Column index,set dataframe `df` index using column 'month',df.set_index('month'),1942,41,3,3,0,57,0,31,0
16228248,Python: simplest way to get list of values from dict?,Retrieve list of values from dictionary 'd',list(d.values()),1977,41,1,62,0,55,0,31,0
16537636,How to sort in decreasing value first then increasing in second value,sort list `student_tuples` by second element of each tuple in ascending and third element of each tuple in descending,"print(sorted(student_tuples, key=lambda t: (-t[2], t[0])))",1992,42,7,18,1,42,0,31,0
17438096,FTP upload files Python,upload file using FTP,"ftp.storlines('STOR ' + filename, open(filename, 'r'))",2057,44,9,24,1,15,0,31,0
19384532,How to count number of rows in a group in pandas group by object?,count number of rows in a group `key_columns` in pandas groupby object `df`,df.groupby(key_columns).size(),2194,47,3,62,0,60,0,31,0
21414159,login to a site using python and opening the login site in the browser,open the login site 'http://somesite.com/adminpanel/index.php' in the browser,webbrowser.open('http://somesite.com/adminpanel/index.php'),2308,50,4,60,1,48,1,31,0
21771133,finding non-numeric rows in dataframe in pandas?,replace values of dataframe `df` with True if numeric,"df.applymap(lambda x: isinstance(x, (int, float)))",2316,50,3,20,0,36,0,31,0
25040875,Get a list of values from a list of dictionaries in python,get a list of values for key 'key' from a list of dictionaries `l`,[d['key'] for d in l],2417,53,1,13,0,19,0,31,0
25474338,regex for repeating words in a string in Python,regex for repeating words in a string `s`,"re.sub('(?<!\\S)((\\S+)(?:\\s+\\2))(?:\\s+\\2)+(?!\\S)', '\\1', s)",2424,53,0,1,0,57,0,31,0
28767642,How to compare two lists in python,Compare if each value in list `a` is less than respective index value in list `b`,"all(i < j for i, j in zip(a, b))",2499,55,7,57,1,60,0,31,0
32464280,converting currency with $ to numbers in Python pandas,remove dollar sign '$' from second to last column data in dataframe 'df' and convert the data into floats,"df[df.columns[1:]].replace('[\\$,]', '', regex=True).astype(float)",2623,58,3,2,0,56,0,31,0
