question_id,intent,rewritten_intent,snippet,idx,time_batch,cluster,gradual_batch,gradual_new,recurring_batch,rec_new,sudden_batch,sudden_new
179369,How do I abort the execution of a Python script?,abort the execution of a python script,sys.exit(),82,0,4,14,1,11,1,32,0
312443,How do you split a list into evenly sized chunks?,split a list `l` into evenly sized chunks `n`,"[l[i:i + n] for i in range(0, len(l), n)]",140,0,7,59,1,29,0,32,0
319426,case insensitive string comparison,case insensitive string comparison between `first` and `second`,(first.lower() == second.lower()),143,0,0,9,0,21,0,32,0
432842,get the logical xor of two variables,get logical xor of `a` and `b`,((a and (not b)) or ((not a) and b)),192,0,0,47,0,61,0,32,0
533398,"In python 2.4, how can I execute external commands with csh instead of bash?",execute command 'echo $0' in Z shell,"os.system(""zsh -c 'echo $0'"")",228,0,9,36,1,33,0,32,0
1196074,How to start a background process in Python?,run shell command 'rm -r some.file' in the background,"subprocess.Popen(['rm', '-r', 'some.file'])",428,2,9,39,1,59,0,32,0
1450393,read from stdin,read line by line from stdin,"for line in sys.stdin:
    pass",460,3,9,31,1,20,0,32,0
2631935,SQLAlchemy: a better way for update with declarative?,Update a user's name as `Bob Marley` having id `123` in SQLAlchemy,session.query(User).filter_by(id=123).update({'name': 'Bob Marley'}),639,7,4,49,1,28,1,32,0
3294889,Iterating over dictionaries using for loops,Iterating key and items over dictionary `d`,"for (letter, number) in list(d.items()):
    pass",735,10,1,56,0,64,0,32,0
3437059,string contains substring,"check if ""blah"" is in string `somestring`","if ('blah' not in somestring):
    pass",765,10,0,37,0,62,0,32,0
3559559,How to delete a character from a string using python?,How to delete a character from a string using python?,"newstr = oldstr.replace('M', '')",791,11,8,35,0,24,0,32,0
3774571,Get data from the meta tags using BeautifulSoup,BeautifulSoup find all tags with attribute 'name' equal to 'description',soup.findAll(attrs={'name': 'description'}),811,12,4,50,1,47,1,32,0
3780403,Python: Sum string lengths,sum the length of all strings in a list `strings`,length = sum(len(s) for s in strings),814,12,7,47,1,33,0,32,0
4444923,Get Filename Without Extension in Python,get filename without extension from file `filename`,os.path.splitext(filename)[0],931,15,9,34,1,19,0,32,0
4706499,append to a file,"append line ""appended text"" to file ""test.txt""","with open('test.txt', 'a') as myfile:
    myfile.write('appended text')",980,16,9,26,1,8,0,32,0
5254445,Add string in a certain position in Python,add string `-` in `4th` position of a string `s`,s[:4] + '-' + s[4:],1051,18,8,0,0,53,0,32,0
5844672,Delete an element from a dictionary,Delete an element `key` from a dictionary `d`,del d[key],1099,19,1,2,0,19,0,32,0
8704952,How to convert a tuple to a string in Python?,convert a set of tuples `queryresult` to a list of strings,[item[0] for item in queryresult],1352,25,7,21,1,30,0,32,0
9376384,Sort a list of tuples depending on two elements,"sort a list of tuples 'unsorted' based on two elements, second and third","sorted(unsorted, key=lambda element: (element[1], element[2]))",1410,27,7,54,1,40,0,32,0
12440342,Best way to get the nth element of each tuple from a list of tuples in Python,get the first element of each tuple from a list of tuples `G`,[x[0] for x in G],1649,33,7,32,1,22,0,32,0
12579061,Python Selenium: Find object attributes using xpath,"get the text of multiple elements found by xpath ""//*[@type='submit']/@value""","browser.find_elements_by_xpath(""//*[@type='submit']/@value"").text",1658,33,4,35,1,10,1,32,0
13022385,How to properly quit a program in python,properly quit a program,sys.exit(0),1691,34,4,58,1,12,1,32,0
13418405,Get name of primary field of Django model,get name of primary field `name` of django model `CustomPK`,CustomPK._meta.pk.name,1744,36,4,27,1,47,1,32,0
13496087,Python: How to generate a 12-digit random number?,generate a 12-digit random number,"random.randint(100000000000, 999999999999)",1751,36,5,59,0,13,0,32,0
14182339,Matching multiple regex patterns with the alternation operator?,match multiple regex patterns with the alternation operator `|` in a string `(zyx)bc`,"re.findall('\\(.*?\\)|\\w', '(zyx)bc')",1813,37,0,45,0,21,0,32,0
14262654,Numpy: Get random set of rows from 2D array,create a new 2D array with 2 random rows from array `A`,"A[(np.random.choice(A.shape[0], 2, replace=False)), :]",1818,37,6,38,0,63,0,32,0
14301913,Convert pandas group by object to multi-indexed Dataframe,convert pandas group by object to multi-indexed dataframe with indices 'Name' and 'Destination',"df.set_index(['Name', 'Destination'])",1823,38,3,1,0,9,0,32,0
14764126,"How to make a python script which can logoff, shutdown, and restart a computer?",logoff computer having windows operating system using python,"subprocess.call(['shutdown', '/l '])",1861,39,4,59,1,46,1,32,0
14850853,How to include third party Python libraries in Google App Engine?,insert directory 'libs' at the 0th index of current directory,"sys.path.insert(0, 'libs')",1866,39,9,55,1,62,0,32,0
15411107,Delete a dictionary item if the key exists,Delete an item with key `key` from `mydict`,"try:
    del mydict[key]
except KeyError:
    pass
try:
    del mydict[key]
except KeyError:
    pass",1922,40,1,9,0,58,0,32,0
15863066,Python regular expression match whole word,Python regular expression match whole word,"re.search('\\bis\\b', your_string)",1952,41,0,11,0,56,0,32,0
19035186,How to select element with Selenium Python xpath,How to select element with Selenium Python xpath,"driver.find_element_by_xpath(""//div[@id='a']//a[@class='click']"")",2176,47,4,22,1,25,1,32,0
19794051,Regex for removing data in parenthesis,Remove word characters in parenthesis from string `item` with a regex,"item = re.sub(' ?\\(\\w+\\)', '', item)",2225,48,0,4,0,63,0,32,0
20461165,How to convert pandas index in a dataframe to a column?,Add indexes in a data frame `df` to a column `index1`,df['index1'] = df.index,2262,49,3,31,0,49,0,32,0
22625616,listing files from a directory using glob python,List all the files that matches the pattern `hello*.txt`,glob.glob('hello*.txt'),2357,51,9,62,1,29,0,32,0
28538536,Deleting mulitple columns in Pandas,"Delete mulitple columns `columnheading1`, `columnheading2` in pandas data frame `yourdf`","yourdf.drop(['columnheading1', 'columnheading2'], axis=1, inplace=True)",2491,55,3,55,0,35,0,32,0
29100599,How to iterate over time periods in pandas,resample series `s` into 3 months bins and sum each bin,"s.resample('3M', how='sum')",2508,55,6,58,0,40,0,32,0
31818050,round number to nearest integer,round number 6.005 up to 2 decimal places,"round(6.005, 2)",2604,58,5,12,0,62,0,32,0
40498088,"List comprehension - converting strings in one list, to integers in another",get list of sums of neighboring integers in string `example`,"[sum(map(int, s)) for s in example.split()]",2802,63,7,54,1,32,0,32,0
