question_id,intent,rewritten_intent,snippet,idx,time_batch,cluster,gradual_batch,gradual_new,recurring_batch,rec_new,sudden_batch,sudden_new
72899,How do I sort a list of dictionaries by values of the dictionary in Python?,How do I sort a list of dictionaries by values of the dictionary in Python?,list_of_dicts.sort(key=operator.itemgetter('age')),43,0,1,41,0,56,0,41,0
113534,Is there a function in Python to split a string without ignoring the spaces?,split a string `mystring` considering the spaces ' ',"mystring.replace(' ', '! !').split('!')",67,0,8,0,0,40,0,41,0
237079,get file creation & modification date/times in,get modification time of file `path`,os.path.getmtime(path),102,0,9,44,1,5,0,41,0
455612,Limiting floats to two decimal points,limit float 13.949999999999999 to two decimal points,float('{0:.2f}'.format(13.95)),206,0,5,21,0,43,0,41,0
518021,Getting the length of an array,Getting the length of array `l`,len(l),223,0,6,42,0,55,0,41,0
610883,know if an object has an attribute,check if object `a` has property 'property',"if hasattr(a, 'property'):
    pass",244,0,4,50,1,27,1,41,0
674519,How can I convert a Python dictionary to a list of tuples?,convert a python dictionary 'a' to a list of tuples,"[(k, v) for k, v in a.items()]",276,0,1,14,0,60,0,41,0
1038824,remove a substring from the end of a string,"remove a substring "".com"" from the end of string `url`","print(url.replace('.com', ''))",406,1,8,0,0,16,0,41,0
1059559,Split Strings with Multiple Delimiters?,"split string ""a;bcd,ef g"" on delimiters ';' and ','","""""""a;bcd,ef g"""""".replace(';', ' ').replace(',', ' ').split()",410,1,8,0,0,20,0,41,0
1592158,Convert hex to float,convert hex string '470FC614' to a float number,"struct.unpack('!f', '470FC614'.decode('hex'))[0]",477,3,5,6,0,15,0,41,0
1780174,Split dictionary of lists into list of dictionaries,Split dictionary of lists into list of dictionaries,"map(dict, zip(*[[(k, v) for v in value] for k, value in list(d.items())]))",504,4,1,7,0,8,0,41,0
2045175,Regex match even number of letters,write a regex pattern to match even number of letter `A`,re.compile('^([^A]*)AA([^A]|AA)*$'),536,5,0,4,0,2,0,41,0
3059301,Manipulating binary data in Python,encode string `data` using hex 'hex' encoding,print(data.encode('hex')),697,9,8,0,0,1,0,41,0
3845423,Remove empty strings from a list of strings,remove empty strings from list `str_list`,str_list = list([_f for _f in str_list if _f]),823,12,8,0,0,6,0,41,0
4697006,Python: Split string by list of separators,"Split a string `string` by multiple separators `,` and `;`","[t.strip() for s in string.split(',') for t in s.split(';')]",975,16,8,0,0,35,0,41,0
5864485,How can I split this comma-delimited string in Python?,"Create list  by splitting string `mystring` using "","" as delimiter","mystring.split(',')",1103,19,8,0,0,53,0,41,0
5900683,Using variables in Python regular expression,regular expression for validating string 'user' containing a sequence of characters ending with '-' followed by any number of digits.,re.compile('{}-\\d*'.format(user)),1108,19,0,36,0,30,0,41,0
6159313,Can Python test the membership of multiple values in a list?,"Check if all the values in a list `['a', 'b']` are present in another list `['b', 'a', 'foo', 'bar']`","all(x in ['b', 'a', 'foo', 'bar'] for x in ['a', 'b'])",1124,20,7,62,1,35,0,41,0
6696027,split elements of a list in python,Split each string in list `myList` on the tab character,myList = [i.split('\t')[0] for i in myList],1171,21,8,0,0,39,0,41,0
7253803,How to get everything after last slash in a URL?,get everything after last slash in a url stored in variable 'url',"url.rsplit('/', 1)[-1]",1208,22,8,0,0,24,0,41,0
7750557,How do I get JSON data from RESTful service using Python?,get json data from restful service 'url',json.load(urllib.request.urlopen('url')),1259,23,4,23,1,25,1,41,0
9560207,How to count values in a certain range in a Numpy array?,get count of values in numpy array `a` that are between values `25` and `100`,((25 < a) & (a < 100)).sum(),1425,27,6,10,0,24,0,41,0
9759820,How to get a list of variables in specific Python module?,get a list of variables from module 'adfix.py' in current module.,print([item for item in dir(adfix) if not item.startswith('__')]),1447,28,4,37,1,12,1,41,0
9905471,string to list conversion in python,"split string `s` to list conversion by ','","[x.strip() for x in s.split(',')]",1458,28,8,0,0,56,0,41,0
11692613,Python - sum values in dictionary,get a sum of all values from key `gold` in a list of dictionary `example_list`,sum([item['gold'] for item in example_list]),1595,32,1,19,0,43,0,41,0
11816315,How to rename all folders?,rename file `dir` to `dir` + '!',"os.rename(dir, dir + '!')",1608,32,9,26,1,14,0,41,0
11840111,Divide the values of two dictionaries in python,divide values associated with each key in dictionary `d1` from values associated with the same key in dictionary `d2`,"dict((k, float(d2[k]) / d1[k]) for k in d2)",1612,32,1,7,0,9,0,41,0
15907200,How to add a header to a csv file in Python?,add a header to a csv file,writer.writeheader(),1955,41,9,52,1,40,0,41,0
16176996,Keep only date part when using pandas.to_datetime,get date from dataframe `df` column 'dates' to column 'just_date',df['just_date'] = df['dates'].dt.date,1973,41,3,37,0,7,0,41,0
16330838,Python split a string using regex,Python split a string using regex,"re.findall('(.+?):(.+?)\\b ?', text)",1983,42,0,9,0,24,0,41,0
16739319,Selenium Webdriver - NoSuchElementExceptions,selenium wait for driver `driver` 60 seconds before throwing a NoSuchElementExceptions exception,driver.implicitly_wait(60),2000,42,4,21,1,10,1,41,0
17141558,How to sort a dataFrame in python pandas by two or more columns?,"sort a pandas data frame by column `a` in ascending, and by column `b` in descending order","df.sort(['a', 'b'], ascending=[True, False])",2037,43,3,8,0,64,0,41,0
17734779,how do I sort a python list of dictionaries given a list of ids with the desired order?,sort a python list of dictionaries `users` by a given list `order` of ids 'id' with the desired order,users.sort(key=lambda x: order.index(x['id'])),2080,44,1,63,0,24,0,41,0
18454570,How can i subtract two strings in python?,"remove substring 'bag,' from a string 'lamp, bag, mirror'","print('lamp, bag, mirror'.replace('bag,', ''))",2131,45,8,0,0,32,0,41,0
19156472,Sorting numpy array on multiple columns in Python,"sort array `order_array` based on column 'year', 'month' and 'day'","order_array.sort(order=['year', 'month', 'day'])",2185,47,6,62,0,24,0,41,0
19961490,Construct pandas DataFrame from list of tuples,construct pandas dataframe from a list of tuples,"df = pandas.DataFrame(data, columns=['R_Number', 'C_Number', 'Avg', 'Std'])",2235,48,3,53,0,61,0,41,0
20183069,How to sort multidimensional array by column?,sort a multidimensional array `a` by column with index 1,"sorted(a, key=lambda x: x[1])",2250,48,6,49,0,33,0,41,0
30551576,Using Regular Expressions to extract specific urls in python,Get all urls within text `s`,"re.findall('""(http.*?)""', s, re.MULTILINE | re.DOTALL)",2555,56,0,46,0,55,0,41,0
32751229,"Pandas sum by groupby, but exclude certain columns","Get sum of values of columns  'Y1961', 'Y1962', 'Y1963' after group by on columns ""Country"" and ""Item_code"" in dataframe `df`.","df.groupby(['Country', 'Item_Code'])[['Y1961', 'Y1962', 'Y1963']].sum()",2630,58,3,62,0,23,0,41,0
