question_id,intent,rewritten_intent,snippet,idx,time_batch,cluster,gradual_batch,gradual_new,recurring_batch,rec_new,sudden_batch,sudden_new
209513,Convert hex string to int,"Convert hex string ""deadbeef"" to integer","int('deadbeef', 16)",90,0,5,25,0,30,0,28,0
275018,remove (chomp) a newline,remove newline in string 'Windows EOL\r\n' on the right side,'Windows EOL\r\n'.rstrip('\r\n'),121,0,8,0,0,17,0,28,0
275018,remove (chomp) a newline,remove newline in string `s`,s.strip(),124,0,8,0,0,59,0,28,0
843277,check if a variable exists,check if a local variable 'myVar' exists,"if ('myVar' in locals()):
    pass",339,0,4,45,1,28,1,28,0
899103,Writing a list to a file with Python,serialize `itemlist` to file `outfile`,"pickle.dump(itemlist, outfile)",354,0,9,56,1,59,0,28,0
952914,Making a flat list out of list of lists,make a flat list from list of lists `list2d`,list(itertools.chain.from_iterable(list2d)),380,1,7,48,1,40,0,28,0
1602934,Check if a given key already exists in a dictionary,Check if a given key 'key1' exists in dictionary `dict`,"if ('key1' in dict):
    pass",480,3,1,29,0,22,0,28,0
1892339,How to make a window jump to the front?,make a window `root` jump to the front,root.lift(),520,4,4,38,1,28,1,28,0
1949318,Checking if a website is up,Check the status code of url `url`,"r = requests.head(url)
return (r.status_code == 200)",526,4,4,41,1,47,1,28,0
2497027,read a binary file (python),read a binary file 'test/test.pdf',"f = open('test/test.pdf', 'rb')",607,6,9,44,1,35,0,28,0
2793324,delete a list element by value,delete the element `c` from list `a`,"if (c in a):
    a.remove(c)",662,8,7,24,1,5,0,28,0
3294889,Iterating over dictionaries using for loops,Iterating key and items over dictionary `d`,"for (k, v) in list(d.items()):
    pass",737,10,1,4,0,36,0,28,0
3501382,Checking whether a variable is an integer,check if `x` is an integer,(type(x) == int),779,11,5,20,0,35,0,28,0
4233476,Sort a list by multiple attributes?,sort a list of lists `s` by second and third element in each list.,"s.sort(key=operator.itemgetter(1, 2))",901,14,7,52,1,18,0,28,0
5218948,How to auto-scroll a gtk.scrolledwindow?,Make a auto scrolled window to the end of the list in gtk,"self.treeview.connect('size-allocate', self.treeview_changed)",1047,18,4,23,1,25,1,28,0
7568627,Using Python String Formatting with Lists,Unpack each value in list `x` to its placeholder '%' in string '%.2f',""""""", """""".join(['%.2f'] * len(x))",1241,23,8,0,0,13,0,28,0
9534608,get path from a module name,get complete path of a module named `os`,imp.find_module('os')[1],1420,27,9,41,1,19,0,28,0
10857924,Remove NULL columns in a dataframe Pandas?,remove null columns in a dataframe `df`,"df = df.dropna(axis=1, how='all')",1528,30,3,23,0,6,0,28,0
11064917,Generate a sequence of numbers in Python,generate a string of numbers separated by comma which is divisible by `4` with remainder `1` or `2`.,""""""","""""".join(str(i) for i in range(100) if i % 4 in (1, 2))",1544,30,5,16,0,35,0,28,0
13079852,How do I stack two DataFrames next to each other in Pandas?,stack two dataframes next to each other in pandas,"pd.concat([GOOG, AAPL], keys=['GOOG', 'AAPL'], axis=1)",1698,34,3,11,0,42,0,28,0
13291539,convert double to float in Python,convert double 0.00582811585976 to float,"struct.unpack('f', struct.pack('f', 0.00582811585976))",1726,35,5,3,0,38,0,28,0
13627865,Is it possible to define global variables in a function in Python,define global variable `something` with value `bob`,globals()['something'] = 'bob',1761,36,4,29,1,26,1,28,0
14247586,Python Pandas How to select rows with one or more nulls from a DataFrame without listing columns explicitly?,get data of columns with Null values in dataframe `df`,df[pd.isnull(df).any(axis=1)],1816,37,3,1,0,38,0,28,0
15579649,python dict to numpy structured array,convert dict `result` to numpy structured array,"numpy.array([(key, val) for key, val in result.items()], dtype)",1936,40,6,3,0,43,0,28,0
16566069,Url decode UTF-8 in Python,decode a urllib escaped url string `url` with `utf8`,url = urllib.parse.unquote(url).decode('utf8'),1993,42,8,0,0,2,0,28,0
17193850,How to get column by number in Pandas?,get all the values in column `b` from pandas data frame `df`,df['b'],2044,43,3,16,0,6,0,28,0
18050937,How can I execute shell command with a | pipe in it,execute shell command 'grep -r PASSED *.log | sort -u | wc -l' with a | pipe in it,"subprocess.call('grep -r PASSED *.log | sort -u | wc -l', shell=True)",2099,45,9,17,1,2,0,28,0
18637651,Most pythonic way to convert a list of tuples,group a list `list_of_tuples` of tuples by values,zip(*list_of_tuples),2146,46,7,54,1,54,0,28,0
19617355,Dynamically changing log level in python without restarting the application,Change log level dynamically to 'DEBUG' without restarting the application,logging.getLogger().setLevel(logging.DEBUG),2212,48,4,43,1,12,1,28,0
19973489,Pandas remove column by index,"remove column by index `[:, 0:2]` in dataframe `df`","df = df.ix[:, 0:2]",2236,48,3,18,0,59,0,28,0
20048987,How to print floating point numbers as it is without any truncation in python?,print a floating point number 2.345e-67 without any truncation,print('{:.100f}'.format(2.345e-67)),2238,48,5,58,0,20,0,28,0
20180210,Python how to combine two matrices in numpy,concat two matrices `A` and `B` in numpy,"np.vstack((A, B))",2248,48,6,26,0,7,0,28,0
21804935,How to use the mv command in Python with subprocess,How to use the mv command in Python with subprocess,"subprocess.call('mv /home/somedir/subdir/* somedir/', shell=True)",2325,50,9,56,1,1,0,28,0
22749706,How to get the length of words in a sentence?,How to get the length of words in a sentence?,[len(x) for x in s.split()],2363,51,0,17,0,37,0,28,0
28773683,Combine two Pandas dataframes with the same index,combine  dataframe `df1` and dataframe `df2` by index number,"pd.merge(df1, df2, left_index=True, right_index=True, how='outer')",2500,55,3,11,0,50,0,28,0
38147447,How to remove square bracket from pandas dataframe,set data in column 'value' of dataframe `df` equal to first element of each list,df['value'] = df['value'].str[0],2734,61,3,28,0,51,0,28,0
38331568,Return the column name(s) for a specific value in a pandas dataframe,return the column for value 38.15 in dataframe `df`,"df.ix[:, (df.loc[0] == 38.15)].columns",2740,61,3,6,0,33,0,28,0
38704545,How to binarize the values in a pandas DataFrame?,binarize the values in columns of list `order` in a pandas data frame,"pd.concat([df, pd.get_dummies(df, '', '').astype(int)], axis=1)[order]",2747,61,3,22,0,29,0,28,0
41894454,How to custom sort an alphanumeric list?,custom sort an alphanumeric list `l`,"sorted(l, key=lambda x: x.replace('0', 'Z'))",2851,64,7,20,1,49,0,28,0
