question_id,intent,rewritten_intent,snippet,idx,time_batch,cluster,gradual_batch,gradual_new,recurring_batch,rec_new,sudden_batch,sudden_new
1476,express binary literals,convert binary string '0b0010101010' to integer,"int('0b0010101010', 2)",2,0,5,49,0,49,0,49,0
208894,How to base64 encode a PDF file in Python,encode a pdf file `pdf_reference.pdf` with `base64` encoding,"a = open('pdf_reference.pdf', 'rb').read().encode('base64')",88,0,9,33,1,24,0,49,0
455612,Limiting floats to two decimal points,print float `a` with two decimal points,"print(('{0:.2f}'.format(round(a, 2))))",203,0,5,41,0,6,0,49,0
575819,Sorting dictionary keys in python,create a list containing keys of dictionary `d` and sort it alphabetically,"sorted(d, key=d.get)",235,0,1,39,0,48,0,49,0
899103,Writing a list to a file with Python,writing items in list `thelist` to file `thefile`,"for item in thelist:
    thefile.write(('%s\n' % item))",352,0,9,22,1,7,0,49,0
902408,How to use variables in SQL statement in Python?,How to use variables in SQL statement in Python?,"cursor.execute('INSERT INTO table VALUES (%s, %s, %s)', (var1, var2, var3))",357,0,4,16,1,46,1,49,0
1094717,Convert a string to integer with decimal in Python,Convert a string to integer with decimal in Python,int(s.split('.')[0]),417,1,5,36,0,20,0,49,0
1949318,Checking if a website is up,"Check the status code of url ""www.python.org""","conn = httplib.HTTPConnection('www.python.org')
conn.request('HEAD', '/')
r1 = conn.getresponse()
print(r1.status, r1.reason)",528,4,4,15,1,12,1,49,0
2823472,Is there a method that tells my program to quit?,quit program,sys.exit(0),672,8,4,55,1,26,1,49,0
2878084,Sort a list of dicts by dict values,sort a list `l` of dicts by dict value 'title',l.sort(key=lambda x: x['title']),676,8,1,61,0,21,0,49,0
3294889,Iterating over dictionaries using for loops,Iterating key and items over dictionary `d`,"for (letter, number) in list(d.items()):
    pass",736,10,1,54,0,33,0,49,0
3367288,insert variable values into a string in python,use `%s` operator to print variable values `str1` inside a string,"'first string is: %s, second one is: %s' % (str1, 'geo.tif')",752,10,8,0,0,41,0,49,0
3777301,How to call a shell script from python code?,call a shell script `notepad` using subprocess,subprocess.call(['notepad']),812,12,9,22,1,1,0,49,0
3895424,what is a quick way to delete all elements from a list that do not satisfy a constraint?,delete all elements from a list `x` if a function `fn` taking value as parameter returns `0`,[x for x in lst if fn(x) != 0],834,12,7,61,1,31,0,49,0
4800419,Sorting or Finding Max Value by the second element in a nested list. Python,Find the list in a list of lists `alkaline_earth_values` with the max value of the second element.,"max(alkaline_earth_values, key=lambda x: x[1])",990,16,7,21,1,36,0,49,0
6266727,Python: Cut off the last word of a sentence?,cut off the last word of a sentence `content`,""""""" """""".join(content.split(' ')[:-1])",1130,20,8,0,0,5,0,49,0
7271385,How do I combine two lists into a dictionary in Python?,"combine two lists `[1, 2, 3, 4]` and `['a', 'b', 'c', 'd']` into a dictionary","dict(zip([1, 2, 3, 4], ['a', 'b', 'c', 'd']))",1214,22,1,11,0,49,0,49,0
8303993,Elegant way to transform a list of dict into a dict of dicts,convert a list of dictionaries `listofdict into a dictionary of dictionaries,"dict((d['name'], d) for d in listofdict)",1316,25,1,9,0,33,0,49,0
9001509,sort a dictionary by key,sort dictionary `d` by key,od = collections.OrderedDict(sorted(d.items())),1380,26,1,8,0,20,0,49,0
9889635,Regular expression to return all characters between two special characters,find all substrings in `mystring` beginning and ending with square brackets,"re.findall('\\[(.*?)\\]', mystring)",1456,28,0,22,0,44,0,49,0
9891814,How to use regex with optional characters in python?,match regex pattern '(\\d+(\\.\\d+)?)' with string '3434.35353',"print(re.match('(\\d+(\\.\\d+)?)', '3434.35353').group(1))",1457,28,0,62,0,58,0,49,0
10998621,Rotate axis text in python matplotlib,rotate x-axis text labels of plot `ax` 45 degrees,"ax.set_xticklabels(ax.xaxis.get_majorticklabels(), rotation=45)",1540,30,4,62,1,47,1,49,0
11351874,Converting a dict into a list,Convert a dictionary `dict` into a list with key and values as list items.,[y for x in list(dict.items()) for y in x],1568,31,1,41,0,50,0,49,0
11354544,Read lines containing integers from a file in Python?,strip and split each line `line` on white spaces,line.strip().split(' '),1569,31,8,0,0,61,0,49,0
12804801,Django - How to sort queryset by number of character in a field,sort query set by number of characters in a field `length` in django model `MyModel`,MyModel.objects.extra(select={'length': 'Length(name)'}).order_by('length'),1674,34,4,33,1,10,1,49,0
20206615,How can a pandas merge preserve order?,do a `left` merge of dataframes `x` and `y` on the column `state` and sort by `index`,"x.reset_index().merge(y, how='left', on='state', sort=False).sort('index')",2252,49,3,9,0,57,0,49,0
20504881,simple/efficient way to expand a pandas dataframe,merge pandas dataframe `x` with columns 'a' and 'b' and dataframe `y` with column 'y',"pd.merge(y, x, on='k')[['a', 'b', 'y']]",2267,49,3,33,0,59,0,49,0
21205074,How to split a string at line breaks in python?,split a string `s` at line breaks `\r\n`,"[map(int, x.split('\t')) for x in s.rstrip().split('\r\n')]",2299,50,8,0,0,48,0,49,0
23359886,selecting rows in numpy ndarray based on the value of two columns,"selecting rows in Numpy ndarray 'a', where the value in the first column is 0 and value in the second column is 1","a[np.where((a[:, (0)] == 0) * (a[:, (1)] == 1))]",2378,52,6,18,0,20,0,49,0
23855976,Middle point of each pair of an numpy.array,calculate the mean of each element in array `x` with the element previous to it,(x[1:] + x[:-1]) / 2,2391,52,6,2,0,7,0,49,0
29903025,Count most frequent 100 words from sentences in Dataframe Pandas,count most frequent 100 words in column 'text' of dataframe `df`,Counter(' '.join(df['text']).split()).most_common(100),2536,56,3,41,0,64,0,49,0
31143732,How to create range of numbers in Python like in MATLAB,create 4 numbers in range between 1 and 3,"print(np.linspace(1, 3, num=4, endpoint=False))",2574,57,5,51,0,52,0,49,0
31818050,round number to nearest integer,round number 32.268907563 up to 3 decimal points,"round(32.268907563, 3)",2605,58,5,14,0,57,0,49,0
35945473,How to reverse a dictionary in Python?,reverse the keys and values in a dictionary `myDictionary`,{i[1]: i[0] for i in list(myDictionary.items())},2704,60,1,35,0,7,0,49,0
37878946,Indexing one array by another in numpy,create a NumPy array containing elements of array `A` as pointed to by index in array `B`,"A[np.arange(A.shape[0])[:, (None)], B]",2729,61,6,28,0,3,0,49,0
41386443,Create Pandas DataFrame from txt file with specific pattern,create pandas data frame `df` from txt file `filename.txt` with column `Region Name` and separator `;`,"df = pd.read_csv('filename.txt', sep=';', names=['Region Name'])",2835,63,3,55,0,15,0,49,0
41923858,Mapping a string into a list of pairs,Get a list of pairs from a string `word` using lambda function,"list(map(lambda x, y: x + y, word[:-1], word[1:]))",2853,64,0,9,0,17,0,49,0
42352887,Finding The Biggest Key In A Python Dictionary,get a list of keys of dictionary `things` sorted by the value of nested dictionary key 'weight',"sorted(list(things.keys()), key=lambda x: things[x]['weight'], reverse=True)",2866,64,1,8,0,39,0,49,0
42353686,How to use map to lowercase strings in a dictionary?,lowercase string values with key 'content' in a list of dictionaries `messages`,[{'content': x['content'].lower()} for x in messages],2867,64,1,5,0,7,0,49,0
