question_id,intent,rewritten_intent,snippet,idx,time_batch,cluster,gradual_batch,gradual_new,recurring_batch,rec_new,sudden_batch,sudden_new
120656,Directory listing,"list all files in directory "".""","for (dirname, dirnames, filenames) in os.walk('.'):
    for subdirname in dirnames:
        print(os.path.join(dirname, subdirname))
    for filename in filenames:
        pass",71,0,9,14,1,63,0,44,0
275018,remove (chomp) a newline,remove newline in string 'Mac EOL\r','Mac EOL\r'.rstrip('\r\n'),120,0,8,0,0,40,0,44,0
518021,Getting the length of an array,Getting the length of `my_tuple`,len(my_tuple),224,0,7,41,1,15,0,44,0
587345,Python regular expression matching a multiline block of text,create a regular expression that matches the pattern '^(.+)(?:\\n|\\r\\n?)((?:(?:\\n|\\r\\n?).+)+)' over multiple lines of text,"re.compile('^(.+)(?:\\n|\\r\\n?)((?:(?:\\n|\\r\\n?).+)+)', re.MULTILINE)",239,0,0,37,0,18,0,44,0
642154,convert strings into integers,convert items in `T1` to integers,"T2 = [map(int, x) for x in T1]",259,0,5,8,0,54,0,44,0
743806,Split string into a list,split string `text` by space,text.split(),305,0,8,0,0,40,0,44,0
1602934,Check if a given key already exists in a dictionary,Check if key 'key1' in `dict`,('key1' in dict),478,3,1,25,0,38,0,44,0
2168123,Converting a String to List in Python,"split string ""0,1,2"" based on delimiter ','","""""""0,1,2"""""".split(',')",564,5,8,0,0,4,0,44,0
2544710,How I can get rid of None values in dictionary?,get rid of None values in dictionary `kwargs`,"res = dict((k, v) for k, v in kwargs.items() if v is not None)",611,6,1,25,0,19,0,44,0
2759323,How can I list the contents of a directory in Python?,list the contents of a directory '/home/username/www/',os.listdir('/home/username/www/'),653,8,9,37,1,55,0,44,0
3735814,Check for a key pattern in a dictionary in python,create list of values from dictionary `dict1` that have a key that starts with 'EMP$$',"[value for key, value in list(dict1.items()) if key.startswith('EMP$$')]",807,11,1,63,0,37,0,44,0
4659524,how to sort by length of string followed by alphabetical order?,sort list `the_list` by the length of string followed by alphabetical order,"the_list.sort(key=lambda item: (-len(item), item))",964,16,7,29,1,9,0,44,0
4716533,How to attach debugger to a python subproccess?,attach debugger pdb to class `ForkedPdb`,ForkedPdb().set_trace(),983,16,4,17,1,45,1,44,0
4998629,Python: Split string with multiple delimiters,"split string `str` with delimiter '; ' or delimiter ', '","re.split('; |, ', str)",1026,17,8,0,0,15,0,44,0
5430470,retrieving list items from request.POST in django/python,Get a list values of a dictionary item `pass_id` from post requests in django,request.POST.getlist('pass_id'),1068,18,4,49,1,25,1,44,0
5844672,Delete an element from a dictionary,"Delete an element ""hello"" from a dictionary `lol`",lol.pop('hello'),1096,19,1,48,0,7,0,44,0
7372592,Python: How can I execute a jar file through a python script,execute a jar file 'Blender.jar' using subprocess,"subprocess.call(['java', '-jar', 'Blender.jar'])",1233,22,9,33,1,1,0,44,0
7900882,extract item from list of dictionaries,extract dictionary from list of dictionaries based on a key's value.,[d for d in a if d['name'] == 'pluto'],1267,23,1,59,0,40,0,44,0
7961363,Removing duplicates in lists,Removing duplicates in list `t`,list(set(t)),1271,23,7,20,1,9,0,44,0
8244915,How do you divide each element in a list by an int?,divide each element in list `myList` by integer `myInt`,myList[:] = [(x / myInt) for x in myList],1305,24,7,48,1,32,0,44,0
8704952,How to convert a tuple to a string in Python?,convert a set of tuples `queryresult` to a string `emaillist`,emaillist = '\n'.join(item[0] for item in queryresult),1353,25,7,44,1,41,0,44,0
9262278,Django view returning json without using template,Django response with JSON `data`,"return HttpResponse(data, mimetype='application/json')",1402,27,4,39,1,10,1,44,0
10915391,Sorting a list of dicts by dict values,sort a list of dictionaries `a` by dictionary values in descending order,"sorted(a, key=lambda i: list(i.values())[0], reverse=True)",1531,30,1,10,0,56,0,44,0
11760095,convert binary string to numpy array,convert binary string to numpy array,"np.fromstring('\x00\x00\x80?\x00\x00\x00@\x00\x00@@\x00\x00\x80@', dtype='>f4')",1602,32,6,1,0,2,0,44,0
12666897,Removing an item from list matching a substring - Python,Remove all strings from a list a strings `sents` where the values starts with `@$\t` or `#`,[x for x in sents if not x.startswith('@$\t') and not x.startswith('#')],1663,33,8,0,0,59,0,44,0
16041405,Python: convert list to generator,convert a list  into a generator object,"(n for n in [1, 2, 3, 5])",1960,41,7,46,1,60,0,44,0
16772071,sort dict by value python,Sort a dictionary `data` by its values,sorted(data.values()),2004,42,1,38,0,9,0,44,0
20546419,Shuffle columns of an array with Numpy,shuffle columns of an numpy array 'r',np.random.shuffle(np.transpose(r)),2269,49,6,39,0,64,0,44,0
22702760,how to multiply multiple columns by a column in Pandas,multiply column 'A' and column 'B' by column 'C' in datafram `df`,"df[['A', 'B']].multiply(df['C'], axis='index')",2359,51,3,60,0,17,0,44,0
26640145,Python Pandas: How to get the row names from index of a dataframe?,get the row names from index in a pandas data frame,df.index,2445,53,3,15,0,58,0,44,0
27060098,Replacing few values in a pandas dataframe column with another value,"replace values `['ABC', 'AB']` in a column 'BrandName' of  pandas dataframe `df` with another value 'A'","df['BrandName'] = df['BrandName'].replace(['ABC', 'AB'], 'A')",2454,54,3,46,0,40,0,44,0
27868020,How to subset a data frame using Pandas based on a group criteria?,Get data from dataframe `df` where column 'X' is equal to 0,df.groupby('User')['X'].transform(sum) == 0,2475,54,3,7,0,21,0,44,0
31029560,Plotting categorical data with pandas and matplotlib,plot a bar graph from the column 'color' in the DataFrame 'df',df.colour.value_counts().plot(kind='bar'),2571,57,3,22,0,19,0,44,0
32838802,numpy with python: convert 3d array to 2d,convert a 3d array `img` of dimensions 4x2x3 to a 2d array   of dimensions 3x8,"img.transpose(2, 0, 1).reshape(3, -1)",2634,58,6,19,0,38,0,44,0
32874539,Using a variable in xpath in Python Selenium,find a tag `option` whose `value` attribute is `state` in selenium,"driver.find_element_by_xpath(""//option[@value='"" + state + ""']"").click()",2635,58,4,45,1,45,1,44,0
35420052,Adding Colorbar to a Spectrogram,add color bar with image `mappable` to plot `plt`,"plt.colorbar(mappable=mappable, cax=ax3)",2694,60,4,18,1,28,1,44,0
39600161,Regular expression matching all but a string,regular expression matching all but 'aa' and 'bb',"re.findall('-(?!aa|bb)([^-]+)', string)",2766,62,0,62,0,48,0,44,0
41513324,Python Pandas: drop rows of a timeserie based on time range,drop rows of dataframe `df` whose index is smaller than the value of `start_remove` or bigger than the value of`end_remove`,df.query('index < @start_remove or index > @end_remove'),2839,64,3,50,0,31,0,44,0
42462530,How to replace the white space in a string in a pandas dataframe?,replace white spaces in dataframe `df` with '_',"df.replace(' ', '_', regex=True)",2874,64,3,63,0,58,0,44,0
