question_id,intent,rewritten_intent,snippet,idx,time_batch,cluster,gradual_batch,gradual_new,recurring_batch,rec_new,sudden_batch,sudden_new
179369,How do I abort the execution of a Python script?,abort the execution of the script using message 'aa! errors!',sys.exit('aa! errors!'),81,0,4,20,1,45,1,5,0
209840,Map two lists into a dictionary in Python,map two lists `keys` and `values` into a dictionary,"new_dict = {k: v for k, v in zip(keys, values)}",96,0,1,59,0,23,0,5,0
402504,determine the variable type,determine the type of variable `v`,type(v),174,0,4,16,1,46,1,5,0
577234,"Python ""extend"" for a dictionary",extend dictionary `a` with key/value pairs of dictionary `b`,a.update(b),236,0,1,36,0,39,0,5,0
674764,string find,find the index of sub string 's' in string `str` starting from index 11 and ending at index 14,"str.find('s', 11, 14)",282,0,0,14,0,36,0,5,0
961632,Converting integer to string,convert `a` to string,a.__str__(),384,1,8,0,0,35,0,5,0
1303243,find out if a Python object is a string,check if object `o` is a string,"isinstance(o, str)",440,2,0,22,0,57,0,5,0
1823058,print number with commas as thousands separators,print number 1255000 as thousands separators,"locale.setlocale(locale.LC_ALL, 'en_US')
locale.format('%d', 1255000, grouping=True)",512,4,5,4,0,22,0,5,0
2051744,Reverse Y-Axis in PyPlot,reverse all x-axis points in pyplot,plt.gca().invert_xaxis(),537,5,4,20,1,47,1,5,0
2052390,Manually raising (throwing) an exception,"throw an exception ""I know Python!""",raise Exception('I know Python!'),543,5,4,13,1,45,1,5,0
2173087,How to create nested lists in python?,"Create 3d array of zeroes of size `(3,3,3)`","numpy.zeros((3, 3, 3))",565,5,6,37,0,61,0,5,0
2556108,rreplace - How to replace the last occurence of an expression in a string?,replace the last occurence of an expression '</div>' with '</bad>' in a string `s`,"re.sub('(.*)</div>', '\\1</bad>', s)",616,7,8,0,0,14,0,5,0
2798627,How can I detect DOS line breaks in a file?,read file 'myfile.txt' using universal newline mode 'U',"print(open('myfile.txt', 'U').read())",666,8,9,55,1,55,0,5,0
3283306,finding out absolute path to a file from python,get the absolute path of a running python script,os.path.abspath(__file__),733,10,9,28,1,35,0,5,0
4706499,append to a file,"append line ""cool beans..."" to file ""foo""","with open('foo', 'a') as f:
    f.write('cool beans...')",978,16,9,48,1,9,0,5,0
4879641,Python: How to use a list comprehension here?,create a list containing all values associated with key 'baz' in dictionaries of list `foos` using list comprehension,[y['baz'] for x in foos for y in x['bar']],1003,17,1,6,0,44,0,5,0
4934806,How can I find script's directory with Python?,print script's directory,print(os.path.dirname(os.path.realpath(__file__))),1020,17,9,54,1,8,0,5,0
7286879,splitting unicode string into words,"split unicode string ""раз два три"" into words",'\u0440\u0430\u0437 \u0434\u0432\u0430 \u0442\u0440\u0438'.split(),1220,22,8,0,0,44,0,5,0
8214932,How to check if a value exists in a dictionary (python),Check if value 'one' is among the values of dictionary `d`,'one' in iter(d.values()),1299,24,1,14,0,41,0,5,0
8519922,Posting raw data with Python,Send a post request with raw data `DATA` and basic authentication with `username` and `password`,"requests.post(url, data=DATA, headers=HEADERS_DICT, auth=(username, password))",1335,25,4,63,1,27,1,5,0
8687018,Python string replace two things at once?,replace each 'a' with 'b' and each 'b' with 'a' in the string 'obama' in a single pass.,"""""""obama"""""".replace('a', '%temp%').replace('b', 'a').replace('%temp%', 'b')",1348,25,8,0,0,14,0,5,0
9554544,"Python, running command line tools in parallel",run command 'command -flags arguments &' on command line tools as separate processes,"subprocess.call('command -flags arguments &', shell=True)",1424,27,9,42,1,38,0,5,0
9932549,"Is it possible to take an ordered ""slice"" of a dictionary in Python based on a list of keys?",get key-value pairs in dictionary `my_dictionary` for all keys in list `my_list` in the order they appear in `my_list`,"dict(zip(my_list, map(my_dictionary.get, my_list)))",1459,28,1,35,0,20,0,5,0
10822635,Get the number of rows in table using SQLAlchemy,SQLAlchemy count the number of rows in table `Congress`,rows = session.query(Congress).count(),1524,30,4,49,1,10,1,5,0
11114358,How do I remove dicts from a list with duplicate fields in python?,Filter duplicate entries w.r.t. value in 'id' from a list of dictionaries 'L',"list(dict((x['id'], x) for x in L).values())",1548,30,1,6,0,8,0,5,0
14950260,Convert unicode string dictionary into dictionary in python,"convert unicode string u""{'code1':1,'code2':1}"" into dictionary","d = ast.literal_eval(""{'code1':1,'code2':1}"")",1877,39,1,58,0,64,0,5,0
17223174,Returning distinct rows in SQLAlchemy with SQLite,SQLAlchemy count the number of rows with distinct values in column `name` of table `Tag`,session.query(Tag).distinct(Tag.name).group_by(Tag.name).count(),2045,43,4,53,1,26,1,5,0
17426386,How to transform a tuple to a string of values without comma and parentheses,"Concat each values in a tuple `(34.2424, -64.2344, 76.3534, 45.2344)` to get a string",""""""""""""".join(str(i) for i in (34.2424, -64.2344, 76.3534, 45.2344))",2056,44,5,18,0,6,0,5,0
17815945,Convert generator object to a dictionary,convert generator object to a dictionary,"dict((i, i * 2) for i in range(10))",2085,44,1,63,0,7,0,5,0
19011613,Using BeautifulSoup to select div blocks within HTML,using beautifulsoup to select div blocks within html `soup`,"soup.find_all('div', class_='crBlock ')",2175,47,4,21,1,27,1,5,0
20585920,How to add multiple values to a dictionary key in python?,"for a dictionary `a`, set default value for key `somekey` as list and append value `bob`  in that key","a.setdefault('somekey', []).append('bob')",2272,49,1,37,0,14,0,5,0
20778951,Regex for location matching - Python,"find all occurrences of regex pattern '(?:\\w+(?:\\s+\\w+)*,\\s)+(?:\\w+(?:\\s\\w+)*)' in string `x`","re.findall('(?:\\w+(?:\\s+\\w+)*,\\s)+(?:\\w+(?:\\s\\w+)*)', x)",2280,49,0,2,0,59,0,5,0
22712292,How to use `numpy.savez` in a loop for save more than one array?,"Save array at index 0, index 1 and index 8 of array `np` to tmp file `tmp`","np.savez(tmp, *[getarray[0], getarray[1], getarray[8]])",2360,51,6,36,0,3,0,5,0
27589325,How to find and replace nth occurence of word in a sentence using python regular expression?,find and replace 2nd occurrence of word 'cat' by 'Bull' in a sentence 's',"re.sub('^((?:(?!cat).)*cat(?:(?!cat).)*)cat', '\\1Bull', s)",2466,54,0,2,0,57,0,5,0
30651487,Print a variable selected by a random number,get a random item from list `choices`,random_choice = random.choice(choices),2559,56,7,16,1,24,0,5,0
32996293,Comparing values in two lists in Python,create a list which indicates whether each element in `x` and `y` is identical,[(x[i] == y[i]) for i in range(len(x))],2639,58,7,53,1,22,0,5,0
34023918,Make new column in Panda dataframe by adding values from other columns,make new column 'C' in panda dataframe by adding values from other columns 'A' and 'B',df['C'] = df['A'] + df['B'],2654,59,3,4,0,38,0,5,0
40311987,Pandas: Mean of columns with the same names,calculate the mean of columns with same name in dataframe `df`,"df.groupby(by=df.columns, axis=1).mean()",2794,62,3,35,0,37,0,5,0
40963347,Find Average of Every Three Columns in Pandas dataframe,Get average for every three columns in `df` dataframe,"df.groupby(np.arange(len(df.columns)) // 3, axis=1).mean()",2820,63,3,26,0,5,0,5,0
