question_id,intent,rewritten_intent,snippet,idx,time_batch,cluster,gradual_batch,gradual_new,recurring_batch,rec_new,sudden_batch,sudden_new
73663,Terminating a Python script,terminate the program,sys.exit(),44,0,4,55,1,47,1,42,0
118516,How do I read an Excel file into Python using xlrd? Can it read newer Office formats?,read an excel file 'ComponentReport-DJI.xls',"open('ComponentReport-DJI.xls', 'rb').read(200)",69,0,4,30,1,25,1,42,0
273192,check if a directory exists and create it if necessary,check if a directory `path` exists and create it if necessary,"try:
    os.makedirs(path)
except OSError:
    if (not os.path.isdir(path)):
        raise",117,0,9,35,1,29,0,42,0
574236,How to determine number of files on a drive with Python?,determine number of files on a drive with python,os.statvfs('/').f_files - os.statvfs('/').f_ffree,234,0,9,38,1,17,0,42,0
610883,know if an object has an attribute,get the value of attribute 'property' of object `a` with default value 'default value',"getattr(a, 'property', 'default value')",243,0,4,56,1,27,1,42,0
613183,Sort a Python dictionary by value,Sort dictionary `d` by value in ascending order,"sorted(list(d.items()), key=(lambda x: x[1]))",249,0,1,7,0,49,0,42,0
715550,Best way to encode tuples with json,"serialize dictionary `d` as a JSON formatted string with each key formatted to pattern '%d,%d'","simplejson.dumps(dict([('%d,%d' % k, v) for k, v in list(d.items())]))",294,0,1,3,0,62,0,42,0
875968,How to remove symbols from a string with Python?,remove symbols from a string `s`,"re.sub('[^\\w]', ' ', s)",350,0,8,0,0,42,0,42,0
2300756,Get the nth item of a generator in Python,get the 5th item of a generator,"next(itertools.islice(range(10), 5, 5 + 1))",584,6,7,61,1,51,0,42,0
3277503,read a file line by line into a list,read file `fname` line by line into a list `content`,"with open(fname) as f:
    content = f.readlines()",728,9,9,40,1,51,0,42,0
3855093,"How to make a Python string out of non-ascii ""bytes""",convert list `myintegers` into a unicode string,""""""""""""".join(chr(i) for i in myintegers)",825,12,5,28,0,6,0,42,0
4175686,python: Is this a wrong way to remove an element from a dict?,remove key 'ele' from dictionary `d`,del d['ele'],895,14,1,64,0,29,0,42,0
4383571,Importing files from different folder,Importing file `file` from folder '/path/to/application/app/folder',"sys.path.insert(0, '/path/to/application/app/folder')
import file",928,15,9,27,1,57,0,42,0
5607551,How to urlencode a querystring in Python?,urlencode a querystring 'string_of_characters_like_these:$#@=?%^Q^$' in python 2,urllib.parse.quote_plus('string_of_characters_like_these:$#@=?%^Q^$'),1080,18,8,0,0,31,0,42,0
5844672,Delete an element from a dictionary,Delete an element with key `key` dictionary `r`,del r[key],1097,19,1,5,0,42,0,42,0
6764909,Python: How to remove all duplicate items from a list,remove all duplicate items from a list `lseperatedOrblist`,woduplicates = list(set(lseperatedOrblist)),1177,21,7,23,1,54,0,42,0
7125009,How to change legend size with matplotlib.pyplot,change legend size to 'x-small' in upper-left location,"pyplot.legend(loc=2, fontsize='x-small')",1195,21,4,25,1,26,1,42,0
8970524,Python regex search AND split,regex search and split string 'aaa bbb ccc ddd eee fff' by delimiter '(d(d)d)',"re.split('(d(d)d)', 'aaa bbb ccc ddd eee fff', 1)",1378,26,0,11,0,36,0,42,0
9339630,Unescaping escaped characters in a string using Python 3.2,encode string `s` to utf-8 code,s.encode('utf8'),1408,27,8,0,0,61,0,42,0
10040143,How to do a less than or equal to filter in Django queryset?,filter `Users` by field `userprofile` with level greater than or equal to `0`,User.objects.filter(userprofile__level__gte=0),1465,28,4,63,1,12,1,42,0
10973614,Convert JSON array to Python list,Convert JSON array `array` to Python object,data = json.loads(array),1536,30,6,9,0,49,0,42,0
12402561,How to set font size of Matplotlib axis Legend?,set font size of axis legend of plot `plt` to 'xx-small',"plt.setp(legend.get_title(), fontsize='xx-small')",1647,33,4,26,1,10,1,42,0
13076560,Get the indexes of truthy elements of a boolean list as a list/tuple,get indexes of all true boolean values from a list `bool_list`,"[i for i, elem in enumerate(bool_list, 1) if elem]",1696,34,7,17,1,39,0,42,0
13840379,How can I multiply all items in a list together with Python?,"multiply all items in a list `[1, 2, 3, 4, 5, 6]` together","from functools import reduce
reduce(lambda x, y: x * y, [1, 2, 3, 4, 5, 6])",1781,36,7,37,1,14,0,42,0
14750675,Delete letters from string,delete letters from string '12454v',""""""""""""".join(filter(str.isdigit, '12454v'))",1858,38,8,0,0,57,0,42,0
14764126,"How to make a python script which can logoff, shutdown, and restart a computer?",shutdown a computer using subprocess,"subprocess.call(['shutdown', '/s'])",1863,39,4,33,1,26,1,42,0
17141558,How to sort a dataFrame in python pandas by two or more columns?,sort dataframe `df` based on column 'a' in ascending and column 'b' in descending,"df.sort_values(['a', 'b'], ascending=[True, False])",2040,43,3,27,0,6,0,42,0
18723580,"python: rstrip one exact string, respecting order",strip the string `.txt` from anywhere in the string `Boat.txt.txt`,"""""""Boat.txt.txt"""""".replace('.txt', '')",2158,46,8,0,0,64,0,42,0
18886596,Replace all quotes in a string with escaped quotes?,double backslash escape all double quotes in string `s`,"print(s.encode('unicode-escape').replace('""', '\\""'))",2168,46,8,0,0,54,0,42,0
20056548,printing double quotes around a variable,Print a string `word` with string format,"print('""{}""'.format(word))",2239,48,8,0,0,64,0,42,0
20683167,What's the fastest way to locate a list element within a list in python?,find the index of a list with the first element equal to '332' within the list of lists `thelist`,"[index for index, item in enumerate(thelist) if item[0] == '332']",2276,49,7,28,1,58,0,42,0
21350605,python selenium click on button,python selenium click on button '.button.c_button.s_button',driver.find_element_by_css_selector('.button.c_button.s_button').click(),2304,50,4,42,1,46,1,42,0
22229255,Confusing with the usage of regex in Python,match zero-or-more instances of lower case alphabet characters in a string `f233op `,"re.findall('([a-z])*', 'f233op')",2345,51,0,13,0,60,0,42,0
24076297,How to truncate a string using str.format in Python?,display first 5 characters of string 'aaabbbccc',"""""""{:.5}"""""".format('aaabbbccc')",2399,52,8,0,0,37,0,42,0
27060098,Replacing few values in a pandas dataframe column with another value,replacing 'ABC' and 'AB' values in column 'BrandName' of dataframe `df` with 'A',"df['BrandName'].replace(['ABC', 'AB'], 'A')",2455,54,3,2,0,33,0,42,0
27146262,Create variable key/value pairs with argparse (python),create variable key/value pairs with argparse,"parser.add_argument('--conf', nargs=2, action='append')",2456,54,4,32,1,47,1,42,0
31818050,round number to nearest integer,round number `x` to nearest integer,int(round(x)),2596,57,5,17,0,48,0,42,0
32032836,Select everything but a list of columns from pandas dataframe,get all column name of dataframe `df` except for column 'T1_V6',df[df.columns - ['T1_V6']],2613,58,3,50,0,4,0,42,0
41127441,"Why can you loop through an implicit tuple in a for loop, but not a comprehension in Python?",get a list each value `i` in the implicit tuple `range(3)`,list(i for i in range(3)),2826,63,7,45,1,5,0,42,0
