question_id,intent,rewritten_intent,snippet,idx,time_batch,cluster,gradual_batch,gradual_new,recurring_batch,rec_new,sudden_batch,sudden_new
73663,Terminating a Python script,terminate the program,quit(),46,0,4,58,1,12,1,4,0
172439,How do I split a multi-line string into multiple lines?,Split a multi-line string ` a \n b \r\n c ` by new line character `\n`,' a \n b \r\n c '.split('\n'),78,0,8,0,0,21,0,4,0
373459,split string on a number of different characters,"split string 'a b.c' on space "" "" and dot character "".""","re.split('[ .]', 'a b.c')",171,0,8,0,0,1,0,4,0
761804,Trimming a string,trim string `myString `,myString.strip(),319,0,8,0,0,8,0,4,0
943809,String manipulation in Cython,replace occurrences of two whitespaces or more with one whitespace ' ' in string `s`,"re.sub(' +', ' ', s)",378,0,8,0,0,48,0,4,0
1807026,Initialize a list of objects in Python,initialize a list `lst` of 100 objects Object(),lst = [Object() for _ in range(100)],508,4,7,44,1,53,0,4,0
2508861,Python: Convert a string to an integer,Python: Convert a string to an integer,int('  23  '),608,6,5,60,0,31,0,4,0
2911754,How to upload binary file with ftplib in Python?,upload binary file `myfile.txt` with ftplib,"ftp.storbinary('STOR myfile.txt', open('myfile.txt', 'rb'))",680,8,9,43,1,24,0,4,0
3320406,How to check if a path is absolute path or relative path in cross platform way with Python?,check if path `my_path` is an absolute path,os.path.isabs(my_path),746,10,9,32,1,36,0,4,0
3777301,How to call a shell script from python code?,call a shell script `./test.sh` using subprocess,subprocess.call(['./test.sh']),813,12,9,22,1,6,0,4,0
4020539,Process escape sequences in a string,decode escape sequences in string `myString`,myString.decode('string_escape'),870,13,8,0,0,53,0,4,0
4810537,how to clear the screen in python,clear the terminal screen in Linux,os.system('clear'),993,16,4,45,1,12,1,4,0
5891453,Is there a Python Library that contains a list of all the ascii characters?,Create a list containing all ascii characters as its elements,[chr(i) for i in range(127)],1107,19,8,0,0,24,0,4,0
6420361,How can I reload objects in my namespace in ipython,reload a module `module`,"import imp
imp.reload(module)",1147,20,4,18,1,26,1,4,0
7668141,Pycurl keeps printing in terminal,Make function `WRITEFUNCTION` output nothing in curl `p`,"p.setopt(pycurl.WRITEFUNCTION, lambda x: None)",1250,23,4,19,1,45,1,4,0
10078470,Sort numpy matrix row values in ascending order,sort array `arr` in ascending order by values of the 3rd column,"arr[arr[:, (2)].argsort()]",1467,28,6,14,0,16,0,4,0
11533274,How can I combine dictionaries with the same keys in python?,Merge a nested dictionary `dicts` into a flat dictionary by concatenating nested values with the same key `k`,{k: [d[k] for d in dicts] for k in dicts[0]},1583,31,1,36,0,54,0,4,0
11791568,What is the most pythonic way to exclude elements of a list that start with a specific character?,What is the most pythonic way to exclude elements of a list that start with a specific character?,[x for x in my_list if not x.startswith('#')],1604,32,7,42,1,24,0,4,0
11985628,Python regex - Ignore parenthesis as indexing?,Match regex pattern '((?:A|B|C)D)' on string 'BDE',"re.findall('((?:A|B|C)D)', 'BDE')",1620,32,0,26,0,34,0,4,0
12211944,How to match beginning of string or character in Python,find float number proceeding sub-string `par` in string `dir`,"float(re.findall('(?:^|_)' + par + '(\\d+\\.\\d*)', dir)[0])",1630,33,5,29,0,16,0,4,0
12485244,Tuple conversion to a string,convert list of tuples `L` to a string,""""""", """""".join('(' + ', '.join(i) + ')' for i in L)",1651,33,7,42,1,1,0,4,0
12492137,Python sum of ASCII values of all characters in a string,python sum of ascii values of all characters in a string `string`,"sum(map(ord, string))",1652,33,8,0,0,64,0,4,0
13128565,String splitting in Python,split string `s` by letter 's',s.split('s'),1703,34,8,0,0,31,0,4,0
13395888,How can I get the color of the last figure in matplotlib?,"make a line plot with errorbars, `ebar`, from data `x, y, err` and set color of the errorbars to `y` (yellow)","ebar = plt.errorbar(x, y, yerr=err, ecolor='y')",1738,35,4,15,1,10,1,4,0
13557937,How to convert decimal to binary list in python,convert decimal `8` to binary list,[int(x) for x in bin(8)[2:]],1756,36,5,39,0,7,0,4,0
14299978,How to use lxml to find an element by text?,"find element `a` that contains string ""TEXT A"" in file `root`","e = root.xpath('.//a[contains(text(),""TEXT A"")]')",1822,38,0,43,0,42,0,4,0
14571103,Capturing emoticons using regular expression in python,match the pattern '[:;][)(](?![)(])' to the string `str`,"re.match('[:;][)(](?![)(])', str)",1842,38,0,11,0,33,0,4,0
14661701,How to drop a list of rows from Pandas dataframe?,"drop rows whose index value in list `[1, 3]` in dataframe `df`","df.drop(df.index[[1, 3]], inplace=True)",1847,38,3,15,0,19,0,4,0
15455388,Dict of dicts of dicts to DataFrame,Create a pandas dataframe of values from a dictionary `d` which contains dictionaries of dictionaries,"pd.concat(map(pd.DataFrame, iter(d.values())), keys=list(d.keys())).stack().unstack(0)",1926,40,1,38,0,64,0,4,0
16387069,Open images,"Open image ""picture.jpg""","img = Image.open('picture.jpg')
Img.show",1987,42,9,45,1,6,0,4,0
17315881,How can I check if a Pandas dataframe's index is sorted,check if a pandas dataframe `df`'s index is sorted,all(df.index[:-1] <= df.index[1:]),2051,43,3,6,0,19,0,4,0
17331290,How to check for palindrome using Python logic,check if string `str` is palindrome,str(n) == str(n)[::-1],2052,43,0,21,0,62,0,4,0
24958010,get key by value in dictionary with same value in python?,Get keys from a dictionary 'd' where the value is '1'.,"print([key for key, value in list(d.items()) if value == 1])",2412,53,1,6,0,41,0,4,0
26640145,Python Pandas: How to get the row names from index of a dataframe?,get a list of the row names from index of a pandas data frame,list(df.index),2446,54,3,1,0,56,0,4,0
30729735,finding index of multiple items in a list,finding the index of elements containing substring 'how' and 'what' in a list of strings 'myList'.,"[i for i, j in enumerate(myList) if 'how' in j.lower() or 'what' in j.lower()]",2562,56,0,27,0,29,0,4,0
31385363,how to export a table dataframe in pyspark to csv?,Write DataFrame `df` to csv file 'mycsv.csv',df.write.csv('mycsv.csv'),2581,57,3,42,0,6,0,4,0
34543513,Find maximum with limited length in a list,find maximum with lookahead = 4 in a list `arr`,"[max(abs(x) for x in arr[i:i + 4]) for i in range(0, len(arr), 4)]",2670,59,7,52,1,56,0,4,0
35178812,Counting unique index values in Pandas groupby,count unique index values in column 'A' in pandas dataframe `ex`,ex.groupby(level='A').agg(lambda x: x.index.get_level_values(1).nunique()),2688,60,3,5,0,4,0,4,0
40221516,How do I join two dataframes based on values in selected columns?,join two dataframes based on values in selected columns,"pd.merge(a, b, on=['A', 'B'], how='outer')",2792,62,3,59,0,22,0,4,0
