question_id,intent,rewritten_intent,snippet,idx,time_batch,cluster,gradual_batch,gradual_new,recurring_batch,rec_new,sudden_batch,sudden_new
82831,check whether a file exists,check whether a file `fname` exists,os.path.isfile(fname),48,0,9,63,1,3,0,7,0
275018,remove (chomp) a newline,remove trailing newline in string 'test string \n\n','test string \n\n'.rstrip('\n'),125,0,8,0,0,20,0,7,0
276052,get current CPU and RAM usage,get current CPU and RAM usage,"psutil.cpu_percent()
psutil.virtual_memory()",129,0,4,32,1,46,1,7,0
319426,case insensitive string comparison,case insensitive string comparison between `string1` and `string2`,(string1.lower() == string2.lower()),144,0,0,7,0,43,0,7,0
402504,determine the variable type,get the type of `i`,type(i),178,0,4,49,1,11,1,7,0
627435,remove an element from a list by index,remove the element in list `a` at index `index`,a.pop(index),251,0,7,45,1,33,0,7,0
761804,Trimming a string,"Trimming a string ""  Hello\n"" by space",'  Hello\n'.strip(' '),314,0,8,0,0,32,0,7,0
775296,Python MySQL Parameterized Queries,MySQL execute query 'SELECT * FROM foo WHERE bar = %s AND baz = %s' with parameters `param1` and `param2`,"c.execute('SELECT * FROM foo WHERE bar = %s AND baz = %s', (param1, param2))",326,0,4,44,1,11,1,7,0
940822,"Regular expression syntax for ""match nothing""?",regular expression match nothing,re.compile('$^'),377,0,0,52,0,52,0,7,0
1024847,Add key to a dictionary,Add key 'a' to dictionary `data` with value 1,data.update(dict(a=1)),399,1,1,8,0,30,0,7,0
1093322,check what version of Python is running,check python version,sys.version,414,1,4,36,1,28,1,7,0
1747817,Create a dictionary with list comprehension,Create a dictionary `d` from list `iterable`,"d = dict(((key, value) for (key, value) in iterable))",498,4,1,48,0,63,0,7,0
2052390,Manually raising (throwing) an exception,throw an Exception with message 'This is the exception you expect to handle',raise Exception('This is the exception you expect to handle'),542,5,4,16,1,10,1,7,0
2769061,How to erase the file contents of text file in Python?,How to erase the file contents of text file in Python?,"open('file.txt', 'w').close()",657,8,9,26,1,7,0,7,0
3262437,Finding missing values in a numpy array,get the non-masked values of array `m`,m[~m.mask],724,9,6,7,0,22,0,7,0
3294889,Iterating over dictionaries using for loops,get keys and items of dictionary `d` as a list,list(d.items()),742,10,1,22,0,63,0,7,0
3494906,How do I merge a list of dicts into a single dict?,Convert list of dictionaries `L` into a flat dictionary,dict(pair for d in L for pair in list(d.items())),776,11,1,21,0,38,0,7,0
3939361,Remove specific characters from a string,Remove characters in `b` from a string `a`,"a = a.replace(char, '')",845,12,8,0,0,51,0,7,0
3939361,Remove specific characters from a string,Remove characters in '!@#$' from a string `line`,"line = line.translate(string.maketrans('', ''), '!@#$')",846,12,8,0,0,15,0,7,0
3964681,Find all files in directory with extension .txt,"Find all files in directory ""/mydir"" with extension "".txt""","for file in os.listdir('/mydir'):
    if file.endswith('.txt'):
        pass",858,13,9,39,1,6,0,7,0
5399112,How do I url encode in Python?,replace special characters in url 'http://spam.com/go/' using the '%xx' escape,urllib.parse.quote('http://spam.com/go/'),1065,18,8,0,0,14,0,7,0
6378889,How to convert a string list into an integer in python,convert string `user_input` into a list of integers `user_list`,"user_list = [int(number) for number in user_input.split(',')]",1140,20,5,6,0,52,0,7,0
7253803,How to get everything after last slash in a URL?,get every thing after last `/`,"url.rsplit('/', 1)",1207,22,4,33,1,46,1,7,0
8247792,Python - How to cut a string in Python?,cut a string by delimiter '&',s.rfind('&'),1306,24,8,0,0,23,0,7,0
8577137,creating a tmp file in python,Open a file `path/to/FILE_NAME.ext` in write mode,"new_file = open('path/to/FILE_NAME.ext', 'w')",1341,25,9,20,1,18,0,7,0
11755208,How to remove ^M from a text file and replace it with the next line,replace carriage return in string `somestring` with empty string '',"somestring.replace('\\r', '')",1600,32,8,0,0,5,0,7,0
12141150,"from list of integers, get number closest to a given value",get number in list `myList` closest in value to number `myNumber`,"min(myList, key=lambda x: abs(x - myNumber))",1625,32,7,44,1,6,0,7,0
12211944,How to match beginning of string or character in Python,Get all the matches from a string `abcd` if it begins with a character `a`,"re.findall('[^a]', 'abcd')",1629,33,0,14,0,20,0,7,0
14431731,Replacing the empty strings in a string,insert string `string1` after each character of `string2`,"string2.replace('', string1)[len(string1):-len(string1)]",1832,38,8,0,0,60,0,7,0
15795525,Python: sorting items in a dictionary by a part of a key?,Sort items in dictionary `d`  using the first part of the key after splitting the key,"sorted(list(d.items()), key=lambda name_num: (name_num[0].rsplit(None, 1)[0], name_num[1]))",1944,41,1,9,0,5,0,7,0
16387069,Open images,Open image 'picture.jpg',"img = Image.open('picture.jpg')
img.show()",1986,42,9,45,1,40,0,7,0
16568056,Python Nested List Comprehension with two Lists,create a list of aggregation of each element from list `l2` to all elements of list `l1`,[(x + y) for x in l2 for y in l1],1995,42,7,64,1,20,0,7,0
20084487,Use index in pandas to plot data,plot data of column 'index' versus column 'A' of dataframe `monthly_mean` after resetting its index,"monthly_mean.reset_index().plot(x='index', y='A')",2244,48,3,5,0,30,0,7,0
21129020,"How to fix: ""UnicodeDecodeError: 'ascii' codec can't decode byte""",set the default encoding to 'utf-8',sys.setdefaultencoding('utf8'),2296,50,8,0,0,40,0,7,0
24722212,Python cant find module in the same folder,add a path `/path/to/2014_07_13_test` to system path,sys.path.append('/path/to/2014_07_13_test'),2409,53,9,42,1,4,0,7,0
26894227,sum of squares in a list in one line?,sum of squares values in a list `l`,sum(i * i for i in l),2452,54,7,43,1,54,0,7,0
34962104,Pandas: How can I use the apply() function for a single column?,Pandas: How can I use the apply() function for a single column?,df['a'] = df['a'].apply(lambda x: x + 1),2679,59,3,50,0,38,0,7,0
36381230,How to find row of 2d array in 3d numpy array,"find rows of 2d array in 3d numpy array 'arr' if the row has value '[[0, 3], [3, 0]]'","np.argwhere(np.all(arr == [[0, 3], [3, 0]], axis=(1, 2)))",2709,60,6,10,0,54,0,7,0
39988589,"How to pass through a list of queries to a pandas dataframe, and output the list of results?","get rows of dataframe `df` where column `Col1` has values `['men', 'rocks', 'mountains']`","df[df.Col1.isin(['men', 'rocks', 'mountains'])]",2779,62,3,18,0,19,0,7,0
