question_id,intent,rewritten_intent,snippet,idx,time_batch,cluster,gradual_batch,gradual_new,recurring_batch,rec_new,sudden_batch,sudden_new
123198,copy a file,copy file '/dir/file.ext' to '/new/dir',"shutil.copy2('/dir/file.ext', '/new/dir')",74,0,9,31,1,50,0,1,0
364519,iterate over a dictionary in sorted order,iterate over a dictionary `d` in sorted order,it = iter(sorted(d.items())),159,0,1,10,0,24,0,1,0
509742,Change directory to the directory of a Python script,change directory to the directory of a python script,os.chdir(os.path.dirname(__file__)),213,0,9,26,1,36,0,1,0
674764,string find,find the index of sub string 'df' in string 'sdfasdf','sdfasdf'.index('df'),279,0,3,6,0,1,0,1,0
826284,How do I convert a string 2 bytes long to an integer in python,unpack first and second bytes of byte string `pS` into integer,"struct.unpack('h', pS[0:2])",336,0,5,59,0,40,0,1,0
1602934,Check if a given key already exists in a dictionary,Check if a given key `key` exists in dictionary `d`,"if (key in d):
    pass",479,3,1,3,0,17,0,1,0
1874194,Pythonic way to get the largest item in a list,find tuple in list of tuples `a_list` with the largest second element,"max(a_list, key=operator.itemgetter(1))",515,4,7,53,1,30,0,1,0
2168123,Converting a String to List in Python,"convert the string '0,1,2' to a list of integers","[int(x) for x in '0,1,2'.split(',')]",563,5,5,53,0,52,0,1,0
2231663,Slicing a list into a list of sub-lists,"get a list of tuples of every three consecutive items in list `[1, 2, 3, 4, 5, 6, 7, 8, 9]`","list(zip(*((iter([1, 2, 3, 4, 5, 6, 7, 8, 9]),) * 3)))",576,6,7,15,1,54,0,1,0
2674391,Python - Locating the position of a regex match in a string?,Get the position of a regex match for word `is` in a string `String`,"re.search('\\bis\\b', String).start()",644,7,0,25,0,30,0,1,0
2689189,How do I simulate a progress counter in a command line application in Python?,Make a delay of 1 second,time.sleep(1),646,7,4,38,1,25,1,1,0
2850966,How can I lookup an attribute in any scope by name?,lookup an attribute in any scope by name 'range',"getattr(__builtins__, 'range')",675,8,4,24,1,46,1,1,0
3475251,Split a string by a delimiter in python,Split a string by a delimiter in python,[x.strip() for x in '2.MATCHES $$TEXT$$ STRING'.split('$$TEXT$$')],772,11,8,0,0,40,0,1,0
4241757,Python/Django: How to remove extra white spaces & tabs from a string?,remove extra white spaces & tabs from a string `s`,""""""" """""".join(s.split())",902,14,8,0,0,55,0,1,0
4301069,Any way to properly pretty-print ordered dictionaries in Python?,pretty-print ordered dictionary `o`,pprint(dict(list(o.items()))),914,14,1,8,0,36,0,1,0
4682088,Call Perl script from Python,invoke perl script './uireplace.pl' using perl interpeter '/usr/bin/perl' and send argument `var` to it,"subprocess.call(['/usr/bin/perl', './uireplace.pl', var])",969,16,9,25,1,32,0,1,0
4690366,Creating a list from a Scipy matrix,"create a matrix from a list `[1, 2, 3]`","x = scipy.matrix([1, 2, 3]).transpose()",972,16,6,3,0,8,0,1,0
4843173,How to check if type of a variable is string?,check if type of a variable `s` is string,"isinstance(s, str)",1000,16,0,24,0,3,0,1,0
4859292,How to get a random value in python dictionary,get a random key `country` and value `capital` form a dictionary `d`,"country, capital = random.choice(list(d.items()))",1001,16,1,29,0,52,0,1,0
5999747,Beautifulsoup - nextSibling,"In `soup`, get the content of the sibling of the `td`  tag with text content `Address:`",print(soup.find(text='Address:').findNext('td').contents[0]),1116,19,4,65,1,45,1,1,0
6569528,Python float to int conversion,round off the float that is the product of `2.52 * 100` and convert it to an int,int(round(2.51 * 100)),1159,21,5,6,0,62,0,1,0
9012008,python's re: return True if regex contains in the string,return `True` if string `foobarrrr` contains regex `ba[rzd]`,"bool(re.search('ba[rzd]', 'foobarrrr'))",1382,26,0,3,0,29,0,1,0
9652832,How to I load a tsv file into a Pandas DataFrame?,load a tsv file `c:/~/trainSetRel3.txt` into a pandas data frame,"DataFrame.from_csv('c:/~/trainSetRel3.txt', sep='\t')",1439,28,3,53,0,5,0,1,0
10258584,How to get text for a root element using lxml?,Get all texts and tags from a tag `strong` from etree tag `some_tag` using lxml,print(etree.tostring(some_tag.find('strong'))),1477,29,4,28,1,26,1,1,0
11406091,Selecting Element followed by text with Selenium WebDriver,"Selecting Element ""//li/label/input"" followed by text ""polishpottery"" with Selenium WebDriver `driver`","driver.find_element_by_xpath(""//li/label/input[contains(..,'polishpottery')]"")",1577,31,4,14,1,25,1,1,0
11932729,How to sort a Python dictionary by value?,sort a python dictionary `a_dict` by element `1` of the value,"sorted(list(a_dict.items()), key=lambda item: item[1][1])",1619,32,1,9,0,23,0,1,0
12829889,Find Max in Nested Dictionary,Find a max value of the key `count` in a nested dictionary `d`,"max(d, key=lambda x: d[x]['count'])",1678,34,1,3,0,57,0,1,0
13093727,How to replace unicode characters in string with something else python?,replace unicode character '\u2022' in string 'str' with '*',"str.decode('utf-8').replace('\u2022', '*').encode('utf-8')",1701,34,8,0,0,13,0,1,0
13295735,How can I replace all the NaN values with Zero's in a column of a pandas dataframe,replace all the nan values with 0 in a pandas dataframe `df`,df.fillna(0),1727,35,3,45,0,37,0,1,0
13368659,loop through an IP address range,"loop through the IP address range ""192.168.x.x""","for (i, j) in product(list(range(256)), list(range(256))):
    pass",1734,35,4,58,1,27,1,1,0
14673394,python pandas extract unique dates from time series,extract unique dates from time series 'Date' in dataframe `df`,df['Date'].map(lambda t: t.date()).unique(),1848,38,3,61,0,30,0,1,0
14764126,"How to make a python script which can logoff, shutdown, and restart a computer?",abort a computer shutdown using subprocess,"subprocess.call(['shutdown', '/a '])",1859,38,4,43,1,26,1,1,0
15210485,python regex get first part of an email address,split string `s` by '@' and get the first element,s.split('@')[0],1901,40,8,0,0,8,0,1,0
17138464,Subscripting text in matplotlib labels,subscript text 'H20' with '2' as subscripted in matplotlib labels for arrays 'x' and 'y'.,"plt.plot(x, y, label='H\u2082O')",2035,43,4,26,1,47,1,1,0
18292500,Python logging typeerror,Log message 'test' on the root logger.,logging.info('test'),2119,45,4,15,1,26,1,1,0
19602931,http file downloading and saving,download file from http url `file_url`,file_name = wget.download(file_url),2209,47,9,24,1,62,0,1,0
29703793,Python Regex Get String Between Two Substrings,"get a string `randomkey123xyz987` between two substrings in a string `api('randomkey123xyz987', 'key', 'text')` using regex","re.findall(""api\\('(.*?)'"", ""api('randomkey123xyz987', 'key', 'text')"")",2527,56,0,60,0,19,0,1,0
30405804,How do I permanently set the current directory to the Desktop in Python?,permanently set the current directory to the 'C:/Users/Name/Desktop',os.chdir('C:/Users/Name/Desktop'),2550,56,9,17,1,49,0,1,0
34358278,Django filter JSONField list of dicts,Filter a json from a key-value pair as `{'fixed_key_1': 'foo2'}` in Django,Test.objects.filter(actions__contains=[{'fixed_key_1': 'foo2'}]),2662,59,1,50,0,35,0,1,0
