question_id,intent,rewritten_intent,snippet,idx,time_batch,cluster,gradual_batch,gradual_new,recurring_batch,rec_new,sudden_batch,sudden_new
22676,download a file over HTTP,"download a file ""http://www.example.com/songs/mp3.mp3"" over HTTP and save to ""mp3.mp3""","urllib.request.urlretrieve('http://www.example.com/songs/mp3.mp3', 'mp3.mp3')",19,0,9,54,1,48,0,52,0
319426,case insensitive string comparison,case insensitive string comparison between `string1` and `string2`,"if (string1.lower() == string2.lower()):
    pass",145,0,0,16,0,21,0,52,0
727507,How can I convert Unicode to uppercase to print it?,print unicode string `ex\xe1mple` in uppercase,print('ex\xe1mple'.upper()),297,0,8,0,0,2,0,52,0
861190,Ordering a list of dictionaries in python,"Sort a list of dictionaries `mylist` by keys ""weight"" and ""factor""","mylist.sort(key=operator.itemgetter('weight', 'factor'))",348,0,1,33,0,32,0,52,0
969285,How do I translate a ISO 8601 datetime string into a Python datetime object?,,"datetime.datetime.strptime('2007-03-04T21:08:12', '%Y-%m-%dT%H:%M:%S')",387,1,4,28,1,12,1,52,0
1024847,Add key to a dictionary,Add key 'a' to dictionary `data` with value 1,data.update(a=1),402,1,1,61,0,31,0,52,0
1185524,trim whitespace (including tabs),trim characters ' \t\n\r' in `s`,s = s.strip(' \t\n\r'),424,2,8,0,0,38,0,52,0
1555968,Efficient way to find the largest key in a dictionary with non-zero value,get the largest key in a dictionary `x` with non-zero value,"max(k for k, v in x.items() if v != 0)",474,3,1,51,0,44,0,52,0
1602934,Check if a given key already exists in a dictionary,Check if key 'c' in `d`,('c' in d),481,3,0,23,0,52,0,52,0
1908741,How to do this GROUP BY query in Django's ORM with annotate and aggregate,Group the values from django model `Article` with group by value `pub_date` and annotate by `title`,Article.objects.values('pub_date').annotate(article_count=Count('title')),522,4,4,34,1,10,1,52,0
2231663,Slicing a list into a list of sub-lists,Slicing a list into a list of sub-lists,"[input[i:i + n] for i in range(0, len(input), n)]",577,6,7,56,1,24,0,52,0
3685265,How to write a multidimensional array to a text file?,save numpy array `x` into text file 'test.txt',"np.savetxt('test.txt', x)",799,11,6,60,0,43,0,52,0
4664850,Find all occurrences of a substring in Python,find all occurrences of a substring in a string,"[m.start() for m in re.finditer('test', 'test test test test')]",966,16,0,2,0,24,0,52,0
4940032,Search for string in txt file,Search for string `blabla` in txt file 'example.txt',"datafile = file('example.txt')
found = False
for line in datafile:
    if (blabla in line):
        return True
return False",1021,17,0,2,0,43,0,52,0
5010536,Python: Perform an operation on each dictionary value,Multiple each value by `2` for all keys in a dictionary `my_dict`,"my_dict.update((x, y * 2) for x, y in list(my_dict.items()))",1027,17,1,3,0,20,0,52,0
5048841,How to alphabetically sort array of dictionaries on single key?,Sort list `my_list` in alphabetical order based on the values associated with key 'name' of each dictionary in the list,my_list.sort(key=operator.itemgetter('name')),1029,17,1,10,0,29,0,52,0
6027690,How to avoid line color repetition in matplotlib.pyplot?,Plot using the color code `#112233` in matplotlib pyplot,"pyplot.plot(x, y, color='#112233')",1119,19,4,51,1,45,1,52,0
6612769,"Is there a more elegant way for unpacking keys and values of a dictionary into two lists, without losing consistence?",unpack keys and values of a dictionary `d` into two lists,"keys, values = zip(*list(d.items()))",1162,21,1,8,0,38,0,52,0
6710684,Remove one column for a numpy array,delete the last column of numpy array `a` and assign resulting array to `b`,"b = np.delete(a, -1, 1)",1172,21,6,1,0,59,0,52,0
6900955,python convert list to dictionary,convert list `l` to dictionary having each two adjacent elements as key/value pair,"dict(zip(l[::2], l[1::2]))",1187,21,1,11,0,23,0,52,0
12579061,Python Selenium: Find object attributes using xpath,find all the values in attribute `value` for the tags whose `type` attribute is `submit` in selenium,"browser.find_elements_by_xpath(""//*[@type='submit']"").get_attribute('value')",1659,33,4,40,1,28,1,52,0
13237941,sorting list of nested dictionaries in python,sort list of nested dictionaries `yourdata` in reverse order of 'key' and 'subkey',"yourdata.sort(key=lambda e: e['key']['subkey'], reverse=True)",1717,35,1,56,0,13,0,52,0
13891559,Is there a more pythonic way of exploding a list over a function's arguments?,unpack elements of list `i` as arguments into function `foo`,foo(*i),1785,37,7,18,1,59,0,52,0
14299978,How to use lxml to find an element by text?,find the element that holds string 'TEXT A' in file `root`,"e = root.xpath('.//a[text()=""TEXT A""]')",1821,37,0,10,0,43,0,52,0
14411633,Python - Fastest way to check if a string contains specific characters in any of the items in a list,do a boolean check if a string `lestring` contains any of the items in list `lelist`,any(e in lestring for e in lelist),1831,38,7,14,1,23,0,52,0
17038426,splitting a string based on tab in the file,split a string `yas` based on tab '\t',"re.split('\\t+', yas.rstrip('\t'))",2018,43,8,0,0,38,0,52,0
18470323,How to select only specific columns from a DataFrame with MultiIndex columns?,select only specific columns 'a' and 'c' from a dataframe 'data' with multiindex columns,"data.loc[:, ([('one', 'a'), ('one', 'c'), ('two', 'a'), ('two', 'c')])]",2133,45,3,48,0,44,0,52,0
21804935,How to use the mv command in Python with subprocess,execute a mv command `mv /home/somedir/subdir/* somedir/` in subprocess,"subprocess.call('mv /home/somedir/subdir/* somedir/', shell=True)",2324,50,9,62,1,22,0,52,0
23638638,numpy array assignment using slicing,assign an array of floats in range from 0 to 100 to a variable `values`,"values = np.array([i for i in range(100)], dtype=np.float64)",2384,52,5,57,0,21,0,52,0
23748995,Pandas DataFrame to list,Get a list of all values in column `a` in pandas data frame `df`,df['a'].tolist(),2387,52,3,54,0,37,0,52,0
26053849,Counting non zero values in each column of a dataframe in python,count non zero values in each column in pandas data frame,df.astype(bool).sum(axis=1),2435,53,3,21,0,29,0,52,0
27896214,"Reading tab-delimited file with Pandas - works on Windows, but not on Mac",reading tab-delimited csv file `filename` with pandas on mac,"pandas.read_csv(filename, sep='\t', lineterminator='\r')",2476,54,3,59,0,32,0,52,0
29530232,Python pandas: check if any value is NaN in DataFrame,check if datafram `df` has any NaN vlaues,df.isnull().values.any(),2523,55,3,57,0,42,0,52,0
31818050,round number to nearest integer,round number 7.005 up to 2 decimal places,"round(7.005, 2)",2603,58,5,55,0,31,0,52,0
31950612,find last occurence of multiple characters in a string in Python,get the largest index of the last occurrence of characters '([{' in string `test_string`,max(test_string.rfind(i) for i in '([{'),2610,58,0,20,0,22,0,52,0
33058590,Pandas Dataframe: Replacing NaN with row average,replacing nan in the dataframe `df` with row average,"df.fillna(df.mean(axis=1), axis=1)",2640,58,3,58,0,55,0,52,0
34696853,Convert list of strings to int,convert strings in list-of-lists `lst` to ints,[[int(x) for x in sublist] for sublist in lst],2673,59,7,27,1,3,0,52,0
40384599,Sorting a list of tuples by the addition of second and third element of the tuple,sort a list of tuples `a` by the sum of second and third element of each tuple,"sorted(a, key=lambda x: (sum(x[1:3]), x[0]), reverse=True)",2798,63,7,55,1,36,0,52,0
41463763,Merge 2 dataframes with same values in a column,merge 2 dataframes `df1` and `df2` with same values in a column 'revenue' with and index 'date',df2['revenue'] = df2.CET.map(df1.set_index('date')['revenue']),2836,64,3,40,0,16,0,52,0
