question_id,intent,rewritten_intent,snippet,idx,time_batch,cluster,gradual_batch,gradual_new,recurring_batch,rec_new,sudden_batch,sudden_new
3277503,read a file line by line into a list,"read file ""file.txt"" line by line into a list `array`","with open('file.txt', 'r') as ins:
    array = []
    for line in ins:
        array.append(line)",730,10,9,24,1,44,0,65,0
6633678,Finding words after keyword in python,finding words in string `s` after keyword 'name',"re.search('name (.*)', s)",1167,21,0,1,0,39,0,65,0
19410018,How to count the number of words in a sentence?,count the number of words in a string `s`,len(s.split()),2195,47,0,46,0,50,0,65,0
31617845,"How to select rows in a DataFrame between two values, in Python Pandas?",select rows in a dataframe `df` column 'closing_price' between two values 99 and 101,df = df[(df['closing_price'] >= 99) & (df['closing_price'] <= 101)],2587,57,3,13,0,29,0,65,0
