question_id,intent,rewritten_intent,snippet,idx,time_batch,cluster,gradual_batch,gradual_new,recurring_batch,rec_new,sudden_batch,sudden_new
237079,get file creation & modification date/times in,get modified time of file `file`,time.ctime(os.path.getmtime(file)),107,0,9,61,1,39,0,16,0
364621,get item's position in a list,get the position of item `element` in list `testlist`,print(testlist.index(element)),164,0,7,32,1,24,0,16,0
455612,Limiting floats to two decimal points,limit float 13.949999999999999 to two decimal points,'{0:.2f}'.format(13.95),199,0,5,58,0,34,0,16,0
464736,Python regular expressions - how to capture multiple groups from a wildcard expression?,split string 'abcdefg' into a list of characters,"re.findall('\\w', 'abcdefg')",207,0,8,0,0,38,0,16,0
817122,Delete digits in Python (Regex),delete all digits in string `s` that are not directly attached to a word character,"re.sub('$\\d+\\W+|\\b\\d+\\b|\\W+\\d+$', '', s)",332,0,8,0,0,4,0,16,0
902408,How to use variables in SQL statement in Python?,"insert variables `(var1, var2, var3)` into sql statement 'INSERT INTO table VALUES (?, ?, ?)'","cursor.execute('INSERT INTO table VALUES (?, ?, ?)', (var1, var2, var3))",355,0,8,0,0,58,0,16,0
1450897,Python: removing characters except digits from string,get digits only from a string `aas30dsa20` using lambda function,""""""""""""".join([x for x in 'aas30dsa20' if x.isdigit()])",462,3,5,4,0,42,0,16,0
1602934,Check if a given key already exists in a dictionary,Check if key 'a' in `d`,('a' in d),482,3,0,31,0,37,0,16,0
1946181,How can I control the keyboard and mouse with Python?,control the keyboard and mouse with dogtail in linux,"dogtail.rawinput.click(100, 100)",524,4,4,63,1,11,1,16,0
2269827,convert an int to a hex string,convert an int 65 to hex string,hex(65),582,6,5,21,0,40,0,16,0
2769061,How to erase the file contents of text file in Python?,erase the contents of a file `filename`,"open('filename', 'w').close()",656,8,9,41,1,61,0,16,0
3899980,How to change the font size on a matplotlib plot,change the font size on plot `matplotlib` to 22,matplotlib.rcParams.update({'font.size': 22}),837,12,4,23,1,11,1,16,0
3931541,Python Check if all of the following items is in a list,"check if all of the following items in list `['a', 'b']` are in a list `['a', 'b', 'c']`","set(['a', 'b']).issubset(['a', 'b', 'c'])",842,12,7,62,1,31,0,16,0
4552380,How to get current date and time from DB using SQLAlchemy,SQLAlchemy select records of columns of table `my_table` in addition to current date column,"print(select([my_table, func.current_date()]).execute())",946,15,4,43,1,28,1,16,0
4642501,How to sort dictionaries by keys in Python,Sort dictionary `o` in ascending order based on its keys and items,sorted(o.items()),962,15,1,22,0,20,0,16,0
4703390,How to extract a floating number from a string,extract floating number from string 'Current Level: 13.4 db.',"re.findall('\\d+\\.\\d+', 'Current Level: 13.4 db.')",976,16,5,33,0,33,0,16,0
6018340,Capturing group with findall?,match regex 'abc(de)fg(123)' on string 'abcdefg123 and again abcdefg123',"re.findall('abc(de)fg(123)', 'abcdefg123 and again abcdefg123')",1117,19,0,41,0,31,0,16,0
6275762,Escaping quotes in string,escaping quotes in string,"replace('""', '\\""')",1131,20,8,0,0,43,0,16,0
7138686,How to write a list to a file with newlines in Python3,write the elements of list `lines` concatenated by special character '\n' to file `myfile`,myfile.write('\n'.join(lines)),1198,22,9,31,1,35,0,16,0
8081545,convert list of tuples to multiple lists in Python,"convert tuple elements in list `[(1,2),(3,4),(5,6),]` into lists","map(list, zip(*[(1, 2), (3, 4), (5, 6)]))",1277,24,7,56,1,48,0,16,0
8344905,Pythons fastest way of randomising case of a string,randomly switch letters' cases in string `s`,""""""""""""".join(x.upper() if random.randint(0, 1) else x for x in s)",1321,25,8,0,0,2,0,16,0
11613284,Add items to a dictionary of lists,get a dictionary with keys from one list `keys` and values from other list `data`,"dict(zip(keys, zip(*data)))",1588,32,1,4,0,41,0,16,0
11621165,Indexing a pandas dataframe by integer,Reset the indexes of a pandas data frame,df2 = df.reset_index(),1591,32,3,12,0,59,0,16,0
15158599,Removing entries from a dictionary based on values,remove false entries from a dictionary `hand`,"{k: v for k, v in list(hand.items()) if v}",1898,39,1,41,0,36,0,16,0
15457504,How to set the font size of a Canvas' text item?,set the font 'Purisa' of size 12 for a canvas' text item `k`,"canvas.create_text(x, y, font=('Purisa', 12), text=k)",1927,40,4,34,1,46,1,16,0
16099694,How to remove empty string in a list?,get a list `cleaned` that contains all non-empty elements in list `your_list`,cleaned = [x for x in your_list if x],1964,41,7,56,1,21,0,16,0
17071871,Select rows from a DataFrame based on values in a column in pandas,select all rows whose values in a column `column_name` equals a scalar `some_value` in pandas data frame object `df`,df.loc[df['column_name'] == some_value],2023,43,3,61,0,41,0,16,0
17284947,regex to get all text outside of brackets,Use a regex to get all text in a string `example_str` that is not surrounded by square brackets,"re.findall('(.*?)(?:\\[.*?\\]|$)', example_str)",2049,43,0,27,0,15,0,16,0
17462994,Python getting a string (key + value) from Python Dictionary,Get a string with string formatting from dictionary `d`,""""""", """""".join(['{}_{}'.format(k, v) for k, v in d.items()])",2060,44,1,6,0,2,0,16,0
18272066,Easy way to convert a unicode list to a list containing python strings?,Encode each value to 'UTF8' in the list `EmployeeList`,[x.encode('UTF8') for x in EmployeeList],2118,45,8,0,0,34,0,16,0
19267591,How to store os.system() output in a variable or a list in python,store the output of command 'ls' in variable `direct_output`,"direct_output = subprocess.check_output('ls', shell=True)",2187,47,9,33,1,59,0,16,0
20211942,Insert Null into SQLite3 in Python,Insert a 'None' value into a SQLite3 table.,"db.execute(""INSERT INTO present VALUES('test2', ?, 10)"", (None,))",2253,49,4,26,1,47,1,16,0
21669374,convert string to hex in python,convert string 'a' to hex,hex(ord('a')),2313,50,8,0,0,42,0,16,0
23970693,How To Format a JSON Text In Python?,load a json data `json_string` into variable `json_data`,json_data = json.loads(json_string),2397,52,4,46,1,10,1,16,0
26894227,sum of squares in a list in one line?,calculate the sum of the squares of each value in list `l`,"sum(map(lambda x: x * x, l))",2451,54,7,54,1,30,0,16,0
28207743,Convert string to numpy array,Create an array containing the conversion of string '100110' into separate elements,"np.array(map(int, '100110'))",2485,55,5,13,0,44,0,16,0
31143732,How to create range of numbers in Python like in MATLAB,Create numpy array of `5` numbers starting from `1` with interval of `3`,"print(np.linspace(1, 3, num=5))",2573,57,6,19,0,36,0,16,0
31247198,"Python, Pandas : write content of DataFrame into text File",write the data of dataframe `df` into text file `np.txt`,"np.savetxt('c:\\data\\np.txt', df.values, fmt='%d')",2575,57,3,65,0,33,0,16,0
34902378,Where do I get a SECRET_KEY for Flask?,Initialize `SECRET_KEY` in flask config with `Your_secret_string `,app.config['SECRET_KEY'] = 'Your_secret_string',2677,59,4,39,1,11,1,16,0
