question_id,intent,rewritten_intent,snippet,idx,time_batch,cluster,gradual_batch,gradual_new,recurring_batch,rec_new,sudden_batch,sudden_new
764235,Dictionary to lowercase in Python,lowercase keys and values in dictionary `{'My Key': 'My Value'}`,"{k.lower(): v.lower() for k, v in list({'My Key': 'My Value'}.items())}",323,0,1,56,0,50,0,43,0
1038824,remove a substring from the end of a string,remove a substring `suffix` from the end of string `text`,"if (not text.endswith(suffix)):
    return text
return text[:(len(text) - len(suffix))]",405,1,8,0,0,41,0,43,0
1450897,Python: removing characters except digits from string,substitute ASCII letters in string 'aas30dsa20' with empty string '',"re.sub('\\D', '', 'aas30dsa20')",461,3,8,0,0,1,0,43,0
1516795,"In Django, how do I filter based on all entities in a many-to-many relation instead of any?","In Django, filter `Task.objects` based on all entities in ['A', 'P', 'F']","Task.objects.exclude(prerequisites__status__in=['A', 'P', 'F'])",467,3,4,47,1,12,1,43,0
3207219,list all files of a directory,"list all files of a directory ""somedirectory""",os.listdir('somedirectory'),716,9,9,49,1,19,0,43,0
3376534,how do I halt execution in a python script?,Exit script,sys.exit(),753,10,4,53,1,12,1,43,0
4914277,How to empty a file using Python,erase all the contents of a file `filename`,"open(filename, 'w').close()",1014,17,9,31,1,50,0,43,0
5788891,Execute a file with arguments in Python shell,execute a file './abc.py' with arguments `arg1` and `arg2` in python shell,"subprocess.call(['./abc.py', arg1, arg2])",1089,19,9,43,1,8,0,43,0
5826427,Can a python script execute a function inside a bash script?,Can a python script execute a function inside a bash script?,"subprocess.Popen(['bash', '-c', '. foo.sh; go'])",1092,19,4,14,1,11,1,43,0
5864485,How can I split this comma-delimited string in Python?,"print a string `s` by splitting with comma `,`","print(s.split(','))",1102,19,8,0,0,43,0,43,0
6480441,2D array of objects in Python,create a 2D array of `Node` objects with dimensions `cols` columns and `rows` rows,nodes = [[Node() for j in range(cols)] for i in range(rows)],1151,20,6,13,0,48,0,43,0
6900955,python convert list to dictionary,"build a dictionary containing the conversion of each list in list `[['two', 2], ['one', 1]]` to a key/value pair as its items","dict([['two', 2], ['one', 1]])",1186,21,1,60,0,3,0,43,0
7253907,Python - how to convert int to string represent a 32bit Hex number,convert 3652458 to string represent a 32bit hex number,"""""""0x{0:08X}"""""".format(3652458)",1209,22,5,64,0,9,0,43,0
8386675,Extracting specific columns in numpy array,extracting column `1` and `9` from array `data`,"data[:, ([1, 9])]",1326,25,6,62,0,21,0,43,0
8898294,Convert UTF-8 with BOM to UTF-8 with no BOM in Python,convert utf-8 with bom string `s` to utf-8 with no bom `u`,u = s.decode('utf-8-sig'),1365,26,8,0,0,54,0,43,0
9336270,Using a Python dict for a SQL INSERT statement,Execute SQL statement `sql` with values of dictionary `myDict` as parameters,"cursor.execute(sql, list(myDict.values()))",1407,27,1,12,0,13,0,43,0
11041411,How to write/read a Pandas DataFrame with MultiIndex from/to an ASCII file?,export a pandas data frame `df` to a file `mydf.tsv` and retain the indices,"df.to_csv('mydf.tsv', sep='\t')",1543,30,3,15,0,34,0,43,0
11331982,How to remove any URL within a string in Python,remove any url within string `text`,"text = re.sub('^https?:\\/\\/.*[\\r\\n]*', '', text, flags=re.MULTILINE)",1562,31,8,0,0,24,0,43,0
12168648,Pandas (python): How to add column to dataframe for index?,add a column 'new_col' to dataframe `df` for index in range,"df['new_col'] = list(range(1, len(df) + 1))",1626,32,3,24,0,51,0,43,0
12768504,Python: an efficient way to slice a list with a index list,create list `c` containing items from list `b` whose index is in list `index`,c = [b[i] for i in index],1670,34,7,12,1,60,0,43,0
14931769,get all combination of n binary value,get all combination of 3 binary values,"bin = [0, 1]
[(x, y, z) for x in bin for y in bin for z in bin]",1872,39,7,54,1,44,0,43,0
15286401,Print multiple arguments in python,print a string using multiple strings `name` and `score`,"print('Total score for %s is %s  ' % (name, score))",1910,40,8,0,0,54,0,43,0
16888888,How to read a .xlsx file using the pandas Library in iPython?,read excel file `file_name` using pandas,"dfs = pd.read_excel(file_name, sheetname=None)",2013,42,3,17,0,21,0,43,0
17665809,Remove key from dictionary in Python returning new dictionary,remove key 'c' from dictionary `d`,{i: d[i] for i in d if i != 'c'},2074,44,1,7,0,2,0,43,0
18082130,Python regex to remove all words which contains number,remove all words which contains number from a string `words` using regex,"re.sub('\\w*\\d\\w*', '', words).strip()",2103,45,0,43,0,63,0,43,0
19121722,Build Dictionary in Python Loop - List and Dictionary Comprehensions,build dictionary with keys of dictionary `_container` as keys and values of returned value of function `_value` with correlating key as parameter,{_key: _value(_key) for _key in _container},2182,47,1,28,0,64,0,43,0
20025882,Append string to the start of each value in a said column of a pandas dataframe (elegantly),append string 'str' at the beginning of each value in column 'col' of dataframe `df`,df['col'] = 'str' + df['col'].astype(str),2237,48,3,22,0,63,0,43,0
20461165,How to convert pandas index in a dataframe to a column?,convert pandas index in a dataframe to columns,"df.reset_index(level=['tick', 'obs'])",2264,49,3,2,0,21,0,43,0
21974169,How to disable query cache with mysql.connector,Mysql commit current transaction,con.commit(),2336,51,4,43,1,48,1,43,0
23668427,pandas joining multiple dataframes on columns,"join multiple dataframes `d1`, `d2`, and `d3` on column 'name'","df1.merge(df2, on='name').merge(df3, on='name')",2385,52,3,52,0,42,0,43,0
28416408,Scikit-learn: How to run KMeans on a one-dimensional array?,Fit Kmeans function to a one-dimensional array `x` by reshaping it to be a multidimensional array of single values,"km.fit(x.reshape(-1, 1))",2488,55,6,38,0,61,0,43,0
30766151,Regular Expression to find brackets in a string,Extract brackets from string `s`,"brackets = re.sub('[^(){}[\\]]', '', s)",2566,57,8,0,0,61,0,43,0
32458541,Django can't find URL pattern,Configure url in django properly,"url('^', include('sms.urls')),",2621,58,4,41,1,45,1,43,0
34587346,Python: Check if a string contains chinese character?,Find all Chinese characters in string `ipath`,"re.findall('[\u4e00-\u9fff]+', ipath)",2671,59,0,56,0,37,0,43,0
38081866,Is there a way to run powershell code in python,execute script 'script.ps1' using 'powershell.exe' shell,"os.system('powershell.exe', 'script.ps1')",2731,61,4,56,1,12,1,43,0
39159475,pandas: how to do multiple groupby-apply operations,"Use multiple groupby and agg operations `sum`, `count`, `std` for pandas data frame `df`","df.groupby(level=0).agg(['sum', 'count', 'std'])",2753,61,3,48,0,8,0,43,0
39604780,How can I print the Truth value of a variable?,print the truth value of `a`,print(bool(a)),2769,62,5,27,0,29,0,43,0
42098487,How to split 1D array into 2D array in NumPy by splitting the array at the last element?,split 1d array `a` into 2d array at the last element,"np.split(a, [-1])",2858,64,6,46,0,39,0,43,0
42731970,Regex add character to matched string,replace periods `.` that are not followed by periods or spaces with a period and a space `. `,"re.sub('\\.(?=[^ .])', '. ', para)",2876,65,8,1,0,63,0,43,0
