question_id,intent,rewritten_intent,snippet,idx,time_batch,cluster,gradual_batch,gradual_new,recurring_batch,rec_new,sudden_batch,sudden_new
19339,inverse of zip,"unzip list `[('a', 1), ('b', 2), ('c', 3), ('d', 4), ('e', )]` and fill empty results with None","map(None, *[('a', 1), ('b', 2), ('c', 3), ('d', 4), ('e',)])",11,0,7,64,1,63,0,48,0
510348,make a time delay,"delay for ""5"" seconds",time.sleep(5),217,0,4,24,1,45,1,48,0
674764,string find,find the index of sub string 'cc' in string 'sdfasdf','sdfasdf'.index('cc'),284,0,0,34,0,9,0,48,0
743806,Split string into a list,"split string `text` by "",""","text.split(',')",304,0,8,0,0,59,0,48,0
773814,Plot logarithmic axes with matplotlib in python,plot logarithmic axes with matplotlib,ax.set_yscale('log'),325,0,4,48,1,28,1,48,0
899103,Writing a list to a file with Python,writing items in list `thelist` to file `thefile`,"for item in thelist:
    pass",351,0,9,48,1,20,0,48,0
983354,How do I make python to wait for a pressed key,prompt string 'Press Enter to continue...' to the console,input('Press Enter to continue...'),392,1,4,18,1,11,1,48,0
1185524,trim whitespace (including tabs),trim whitespaces (including tabs) in string `s`,"print(re.sub('[\\s+]', '', s))",425,2,8,0,0,16,0,48,0
1534542,Can I sort text by its numeric value in Python?,Can I sort text by its numeric value in Python?,"sorted(list(mydict.items()), key=lambda a: map(int, a[0].split('.')))",469,3,5,51,0,16,0,48,0
2597166,Make dictionary from list with python,create a dictionary by adding each two adjacent elements in tuple `x` as key/value pair to it,"dict(x[i:i + 2] for i in range(0, len(x), 2))",623,7,1,4,0,36,0,48,0
2606976,How to replace empty string with zero in comma-separated string?,"get list of string elements in string `data` delimited by commas, putting `0` in place of empty strings","[(int(x) if x else 0) for x in data.split(',')]",631,7,8,0,0,4,0,48,0
3227624,Cross-platform addressing of the config file,get file '~/foo.ini',config_file = os.path.expanduser('~/foo.ini'),720,9,9,50,1,32,0,48,0
3294889,Iterating over dictionaries using for loops,Iterating key and items over dictionary `d`,"for (k, v) in list(d.items()):
    pass",740,10,1,13,0,62,0,48,0
5137497,Find current directory and file's directory,find the current directory,os.getcwd(),1039,17,9,32,1,40,0,48,0
5352546,best way to extract subset of key-value pairs from python dictionary object,"best way to extract subset of key-value pairs with keys matching 'l', 'm', or 'n' from python dictionary object","{k: bigdict[k] for k in list(bigdict.keys()) & {'l', 'm', 'n'}}",1059,18,1,39,0,57,0,48,0
5796238,Python convert decimal to hex,return the conversion of decimal `d` to hex without the '0x' prefix,hex(d).split('x')[1],1090,19,5,8,0,53,0,48,0
6510477,How can i list only the folders in zip archive in Python?,list folders in zip file 'file' that ends with '/',[x for x in file.namelist() if x.endswith('/')],1155,20,9,39,1,43,0,48,0
8724352,Getting the nth element using BeautifulSoup,BeautifulSoup find all 'tr' elements in HTML string `soup` at the five stride starting from the fourth element,rows = soup.findAll('tr')[4::5],1356,26,4,43,1,28,1,48,0
9210525,convert hex to decimal,convert hex string '0xdeadbeef' to decimal,ast.literal_eval('0xdeadbeef'),1395,27,5,34,0,63,0,48,0
9609375,how to call multiple bash functions using | in python,call multiple bash function ‘vasp’ and ‘tee tee_output’ using ‘|’,"subprocess.check_call('vasp | tee tee_output', shell=True)",1432,28,9,60,1,60,0,48,0
11403474,Python Regex - Remove special characters but preserve apostraphes,"remove all non -word, -whitespace, or -apostrophe characters from string `doesn't this mean it -technically- works?`","re.sub(""[^\\w' ]"", '', ""doesn't this mean it -technically- works?"")",1576,31,8,0,0,58,0,48,0
11801309,loop over files,loop over files in directory `source`,"for (root, dirs, filenames) in os.walk(source):
    for f in filenames:
        pass",1606,32,9,32,1,50,0,48,0
12845112,Python: Make last item of array become the first,move last item of array `a` to the first position,a[-1:] + a[:-1],1682,34,6,24,0,63,0,48,0
13279399,How to obtain values of request variables using Python and Flask,Flask get value of request variable 'firstname',first_name = request.args.get('firstname'),1723,35,4,38,1,46,1,48,0
14737222,How to split a word into letters in Python,"Split string `Hello` into a string of letters seperated by `,`",""""""","""""".join('Hello')",1854,38,8,0,0,7,0,48,0
17604837,"Python - Combine two dictionaries, concatenate string values?","combine two dictionaries `d ` and `d1`, concatenate string values with identical `keys`","dict((k, d.get(k, '') + d1.get(k, '')) for k in keys)",2070,44,1,56,0,44,0,48,0
18229082,Python pickle/unpickle a list to/from a file,python pickle/unpickle a list to/from a file 'afile',"pickle.load(open('afile', 'rb'))",2115,45,9,51,1,55,0,48,0
18351951,Check if string ends with one of the strings from a list,"check if string `test.mp3` ends with one of the strings from a tuple `('.mp3', '.avi')`","""""""test.mp3"""""".endswith(('.mp3', '.avi'))",2122,45,0,14,0,61,0,48,0
19100540,Rounding entries in a Pandas DafaFrame,"round off entries in dataframe `df` column `Alabama_exp` to two decimal places, and entries in column `Credit_exp` to three decimal places","df.round({'Alabama_exp': 2, 'Credit_exp': 3})",2180,47,3,12,0,22,0,48,0
19410585,Add headers in a Flask app with unicode_literals,"add header 'WWWAuthenticate' in a flask app with value 'Basic realm=""test""'","response.headers['WWW-Authenticate'] = 'Basic realm=""test""'",2196,47,4,28,1,11,1,48,0
19601086,Click a href button with selenium and python?,click a href button with text 'Send InMail' with selenium,driver.find_element_by_link_text('Send InMail').click(),2208,47,4,45,1,27,1,48,0
22187233,How to delete all instances of a character in a string in python?,"delete all characters ""i"" in string ""it is icy""","""""""it is icy"""""".replace('i', '')",2342,51,8,0,0,62,0,48,0
26266362,How to count the Nan values in the column in Panda Data frame,Get the number of NaN values in each column of dataframe `df`,df.isnull().sum(),2440,53,3,58,0,22,0,48,0
28657018,Remove string from list if from substring list,get last element of string splitted by '\\' from list of strings `list_dirs`,[l.split('\\')[-1] for l in list_dirs],2492,55,8,0,0,8,0,48,0
29370211,pandas split string into columns,"split string in column 'stats' by ',' into separate columns in dataframe `df`","df['stats'].str[1:-1].str.split(',').apply(pd.Series).astype(float)",2515,55,3,13,0,59,0,48,0
39268928,Python: how to get rid of spaces in str(dict)?,"remove all spaces from a string converted from dictionary `{'a': 1, 'b': 'as df'}`","str({'a': 1, 'b': 'as df'}).replace(': ', ':').replace(', ', ',')",2756,61,1,21,0,30,0,48,0
39353758,pandas pivot table of sales,pivot dataframe `df` so that values for `upc` become column headings and values for `saleid` become the index,"df.pivot_table(index='saleid', columns='upc', aggfunc='size', fill_value=0)",2759,62,3,44,0,1,0,48,0
39538010,How can I execute Python code in a virtualenv from Matlab,execute python code `myscript.py` in a virtualenv `/path/to/my/venv` from matlab,system('/path/to/my/venv/bin/python myscript.py'),2765,62,4,40,1,46,1,48,0
42012589,Pandas: aggregate based on filter on another column,group dataframe `df` by columns 'Month' and 'Fruit',"df.groupby(['Month', 'Fruit']).sum().unstack(level=0)",2856,64,3,12,0,33,0,48,0
