question_id,intent,rewritten_intent,snippet,idx,time_batch,cluster,gradual_batch,gradual_new,recurring_batch,rec_new,sudden_batch,sudden_new
1854,What OS am I running on,get os name,"import platform
platform.system()",6,0,4,63,1,10,1,63,0
123198,copy a file,copy a file from `src` to `dst`,"copyfile(src, dst)",72,0,9,25,1,1,0,63,0
273192,check if a directory exists and create it if necessary,check if a directory `path` exists and create it if necessary,distutils.dir_util.mkpath(path),118,0,9,32,1,59,0,63,0
403421,"How to sort a list of objects , based on an attribute of the objects?",sort a list of objects `ut` in reverse order by their `count` property,"ut.sort(key=lambda x: x.count, reverse=True)",180,0,7,59,1,29,0,63,0
1773805,parse a YAML file,"parse a YAML file ""example.yaml""","with open('example.yaml') as stream:
    try:
        print((yaml.load(stream)))
    except yaml.YAMLError as exc:
        print(exc)",501,4,9,25,1,20,0,63,0
2152898,Filtering a list of strings based on contents,filtering out strings that contain 'ab' from a list of strings `lst`,[k for k in lst if 'ab' in k],560,5,0,4,0,21,0,63,0
2793324,delete a list element by value,remove item `c` in list `a`,a.remove(c),665,8,7,13,1,19,0,63,0
3608411,Python: How can I find all files with a particular extension?,find all files with extension '.c' in directory `folder`,results += [each for each in os.listdir(folder) if each.endswith('.c')],795,11,9,25,1,3,0,63,0
3939361,Remove specific characters from a string,"Remove string ""1"" from string `string`","string.replace('1', '')",849,13,8,0,0,61,0,63,0
3996904,Generate random integers between 0 and 9,Generate a random integer between `a` and `b`,"random.randint(a, b)",866,13,5,8,0,35,0,63,0
4697006,Python: Split string by list of separators,"split a string `a , b; cdf`  using both commas and semicolons as delimeters","re.split('\\s*,\\s*|\\s*;\\s*', 'a , b; cdf')",974,16,8,0,0,52,0,63,0
6372228,how to parse a list or string into chunks of fixed length,Get a list of strings `split_text` with fixed chunk size `n` from a string `the_list`,"split_list = [the_list[i:i + n] for i in range(0, len(the_list), n)]",1137,20,8,0,0,8,0,63,0
8243188,Inserting a string into a list without getting split into characters,insert string `foo` at position `0` of list `list`,"list.insert(0, 'foo')",1303,24,7,44,1,2,0,63,0
9001509,sort a dictionary by key,sort a dictionary `d` by key,"OrderedDict(sorted(list(d.items()), key=(lambda t: t[0])))",1381,26,1,64,0,22,0,63,0
9495262,create dictionary from list of variables,create dictionary from list of variables 'foo' and 'bar' already defined,"dict((k, globals()[k]) for k in ('foo', 'bar'))",1416,27,1,11,0,60,0,63,0
10365225,extract digits in a simple way from a python string,extract digits in a simple way from a python string,"map(int, re.findall('\\d+', s))",1483,29,5,30,0,63,0,63,0
10487278,Python - How to declare and add items to an array?,Insert item `12` to a list `my_list`,my_list.append(12),1494,29,7,50,1,31,0,63,0
10618586,hex string to character in python,Convert a hex string `437c2123 ` according to ascii value.,"""""""437c2123"""""".decode('hex')",1510,30,5,12,0,39,0,63,0
13163145,Multiplying Rows and Columns of Python Sparse Matrix by elements in an Array,multiply the columns of sparse matrix `m` by array `a` then multiply the rows of the resulting matrix by array `a`,"numpy.dot(numpy.dot(a, m), a)",1709,35,6,30,0,3,0,63,0
13209288,Python split string based on regex,split string `input` based on occurrences of regex pattern '[ ](?=[A-Z]+\\b)',"re.split('[ ](?=[A-Z]+\\b)', input)",1713,35,0,1,0,6,0,63,0
14442636,How can I check if a checkbox is checked in Selenium Python Webdriver?,check if a checkbox is checked in selenium python webdriver,driver.find_element_by_name('<check_box_name>').is_selected(),1835,38,4,47,1,47,1,63,0
14734533,How to access pandas groupby dataframe by key,get data of column 'A' and column 'B' in dataframe `df` where column 'A' is equal to 'foo',"df.loc[gb.groups['foo'], ('A', 'B')]",1852,38,3,20,0,58,0,63,0
14743454,Counting values in dictionary,Get a list of all keys from dictionary `dictA` where the number of occurrences of value `duck` in that key is more than `1`,"[k for k, v in dictA.items() if v.count('duck') > 1]",1855,38,1,35,0,18,0,63,0
15286401,Print multiple arguments in python,print multiple arguments 'name' and 'score'.,"print('Total score for {} is {}'.format(name, score))",1907,40,4,19,1,45,1,63,0
17071871,Select rows from a DataFrame based on values in a column in pandas,select rows whose column value in column `column_name` does not equal `some_value` in pandas data frame,df.loc[df['column_name'] != some_value],2025,43,3,28,0,5,0,63,0
18253210,Creating a numpy array of 3D coordinates from three 1D arrays,"creating a numpy array of 3d coordinates from three 1d arrays `x_p`, `y_p` and `z_p`","np.vstack(np.meshgrid(x_p, y_p, z_p)).reshape(3, -1).T",2116,45,6,14,0,63,0,63,0
18695605,python pandas dataframe to dictionary,convert pandas DataFrame `df` to a dictionary using `id` field as the key,df.set_index('id').to_dict(),2155,46,3,7,0,65,0,63,0
18711384,how to split a unicode string into list,split a `utf-8` encoded string `stru` into a list of characters,list(stru.decode('utf-8')),2156,46,8,0,0,5,0,63,0
18785032,Replace a substring when it is a separate word,Replace a separate word 'H3' by 'H1' in a string 'text',"re.sub('\\bH3\\b', 'H1', text)",2162,46,8,0,0,58,0,63,0
20576618,Pandas datetime column to ordinal,Convert  DateTime column 'date' of pandas dataframe 'df' to ordinal,df['date'].apply(lambda x: x.toordinal()),2271,49,3,31,0,52,0,63,0
20796355,change current working directory in python,change current working directory to directory 'chapter3',os.chdir('chapter3'),2282,49,9,27,1,61,0,63,0
22365172,Ending with a for loop in python,"Iterate ove list `[1, 2, 3]` using list comprehension","print([item for item in [1, 2, 3]])",2350,51,7,18,1,58,0,63,0
25040875,Get a list of values from a list of dictionaries in python,"get a list of values for key ""key"" from a list of dictionaries in `l`",[d['key'] for d in l],2416,53,1,57,0,5,0,63,0
25292838,applying regex to a pandas dataframe,Update row values for a column `Season` using vectorized string operation in pandas,df['Season'].str.split('-').str[0].astype(int),2420,53,3,4,0,21,0,63,0
25355705,count how many of an object type there are in a list Python,count the number of integers in list `a`,"sum(isinstance(x, int) for x in a)",2421,53,7,62,1,23,0,63,0
32675861,Copy all values in a column to a new column in a pandas dataframe,copy all values in a column 'B' to a new column 'D' in a pandas data frame 'df',df['D'] = df['B'],2627,58,3,44,0,37,0,63,0
37855490,adding new key inside a new key and assigning value in python dictionary,add dictionary `{'class': {'section': 5}}` to key 'Test' of dictionary `dic`,dic['Test'].update({'class': {'section': 5}}),2728,61,1,38,0,64,0,63,0
39414085,How to convert the following string in python?,lower-case the string obtained by replacing the occurrences of regex pattern '(?<=[a-z])([A-Z])' in string `s` with eplacement '-\\1',"re.sub('(?<=[a-z])([A-Z])', '-\\1', s).lower()",2763,62,0,64,0,35,0,63,0
42747987,In pandas Dataframe with multiindex how can I filter by order?,select the first row grouped per level 0 of dataframe `df`,"df.groupby(level=0, as_index=False).nth(0)",2877,65,3,12,0,23,0,63,0
