question_id,intent,rewritten_intent,snippet,idx,time_batch,cluster,gradual_batch,gradual_new,recurring_batch,rec_new,sudden_batch,sudden_new
82831,check whether a file exists,"check whether a file ""/etc"" exists",print(os.path.isfile('/etc')),53,0,9,32,1,16,0,24,0
82831,check whether a file exists,"check whether a path ""/etc/password.txt"" exists",print(os.path.exists('/etc/password.txt')),54,0,9,34,1,16,0,24,0
237079,get file creation & modification date/times in,get the creation time of file `file`,print(('created: %s' % time.ctime(os.path.getctime(file)))),106,0,9,28,1,18,0,24,0
265960,Best way to strip punctuation from a string in Python,Strip punctuation from string `s`,"s.translate(None, string.punctuation)",115,0,8,0,0,49,0,24,0
579856,What's the Pythonic way to combine two sequences into a dictionary?,combine two sequences into a dictionary,"dict(zip(keys, values))",237,0,1,3,0,41,0,24,0
674764,string find,find the index of sub string 's' in string `str` starting from index 15,"str.find('s', 15)",281,0,0,14,0,1,0,24,0
1024847,Add key to a dictionary,Add key 'a' to dictionary `data` with value 1,"data.update({'a': 1, })",400,1,1,15,0,13,0,24,0
1720421,concatenate lists,iterate items in lists `listone` and `listtwo`,"for item in itertools.chain(listone, listtwo):
    pass",493,3,7,16,1,8,0,24,0
3061761,Numpy array dimensions,get the dimensions of numpy array `a`,a.shape,701,9,6,1,0,49,0,24,0
3166619,python regex: match a string with only one instance of a character,match regex pattern '\\$[0-9]+[^\\$]*$' on string '$1 off delicious $5 ham.',"re.match('\\$[0-9]+[^\\$]*$', '$1 off delicious $5 ham.')",711,9,0,57,0,2,0,24,0
3486384,Output first 100 characters in a string,output first 100 characters in a string `my_string`,print(my_string[0:100]),774,11,8,0,0,3,0,24,0
4267019,Double-decoding unicode in python,encode `u'X\xc3\xbcY\xc3\x9f'` as unicode and decode with utf-8,'X\xc3\xbcY\xc3\x9f'.encode('raw_unicode_escape').decode('utf-8'),904,14,8,0,0,39,0,24,0
4358701,Renaming multiple files in python,remove 20 symbols in front of '.' in string 'unique12345678901234567890.mkv',"re.sub('.{20}(.mkv)', '\\1', 'unique12345678901234567890.mkv')",923,14,8,0,0,38,0,24,0
4490961,Numpy: Multiplying a matrix with a 3d tensor -- Suggestion,Multiply a matrix `P` with a 3d tensor `T` in scipy,"scipy.tensordot(P, T, axes=[1, 1]).swapaxes(0, 1)",941,15,6,51,0,23,0,24,0
4906977,Access environment variables,get value of the environment variable 'KEY_THAT_MIGHT_EXIST' with default value `default_value`,"print(os.getenv('KEY_THAT_MIGHT_EXIST', default_value))",1012,17,4,33,1,10,1,24,0
5137497,Find current directory and file's directory,get the canonical path of file `path`,os.path.realpath(path),1035,17,9,35,1,62,0,24,0
5352546,best way to extract subset of key-value pairs from python dictionary object,"Get items from a dictionary `bigdict` where the keys are present in `('l', 'm', 'n')`","{k: bigdict.get(k, None) for k in ('l', 'm', 'n')}",1060,18,1,5,0,5,0,24,0
5917537,"In Python, why won't something print without a newline?",immediately see output of print statement that doesn't end in a newline,sys.stdout.flush(),1109,19,8,0,0,21,0,24,0
6532881,How to make a copy of a 2D array in Python?,make a row-by-row copy `y` of array `x`,y = [row[:] for row in x],1156,20,6,27,0,7,0,24,0
6539881,Python: Converting from ISO-8859-1/latin1 to UTF-8,convert string `apple` from iso-8859-1/latin1 to utf-8,apple.decode('iso-8859-1').encode('utf8'),1157,20,8,0,0,38,0,24,0
7173850,Possible to get user input without inserting a new line?,"get user input using message 'Enter name here: ' and insert it to the first placeholder in string 'Hello, {0}, how do you do?'","print('Hello, {0}, how do you do?'.format(input('Enter name here: ')))",1204,22,8,0,0,23,0,24,0
8270092,remove all whitespace in a string,remove all whitespace in a string `sentence`,"sentence.replace(' ', '')",1314,24,8,0,0,56,0,24,0
9210525,convert hex to decimal,convert hex string `s` to decimal,"i = int(s, 16)",1394,27,5,10,0,35,0,24,0
10346336,List of lists into numpy array,List of lists into numpy array,"numpy.array([[1, 2], [3, 4]])",1480,29,6,15,0,5,0,24,0
12681945,Reversing bits of Python integer,revers correlating bits of integer `n`,"int('{:08b}'.format(n)[::-1], 2)",1664,33,5,27,0,22,0,24,0
13331419,Prepend the same string to all items in a list,prepend string 'hello' to all items in list 'a',['hello{0}'.format(i) for i in a],1730,35,7,50,1,42,0,24,0
15269161,"in Python, How to join a list of tuples into one list?",convert list `a` from being consecutive sequences of tuples into a single sequence of elements,list(itertools.chain(*a)),1904,40,7,16,1,56,0,24,0
16739319,Selenium Webdriver - NoSuchElementExceptions,selenium webdriver switch to frame 'frameName',driver.switch_to_frame('frameName'),2001,42,4,48,1,12,1,24,0
17960441,"in Numpy, how to zip two 2-D arrays?",join each element in array `a` with element at the same index in array `b` as a tuple,"np.array([zip(x, y) for x, y in zip(a, b)])",2094,44,6,7,0,53,0,24,0
18200052,How to convert ndarray to array?,convert ndarray with shape 3x3 to array,"np.zeros((3, 3)).ravel()",2113,45,6,11,0,17,0,24,0
18453566,Python dictionary: Get list of values for list of keys,get list of values from dictionary 'mydict' w.r.t. list of keys 'mykeys',[mydict[x] for x in mykeys],2130,45,1,15,0,16,0,24,0
20457174,"python, locating and clicking a specific button with selenium",find button that is in li class `next` and assign it to variable `next`,next = driver.find_element_by_css_selector('li.next>a'),2261,49,4,64,1,26,1,24,0
20733827,creating list of random numbers in python,create list `randomList` with 10 random floating point numbers between 0.0 and 1.0,randomList = [random.random() for _ in range(10)],2277,49,5,1,0,40,0,24,0
24958010,get key by value in dictionary with same value in python?,get keys with same value in dictionary `d`,print([key for key in d if d[key] == 1]),2414,53,1,23,0,51,0,24,0
25388796,Most efficient way to convert items of a list to int and sum them up,"Sum integers contained in strings in list `['', '3.4', '', '', '1.0']`","sum(int(float(item)) for item in [_f for _f in ['', '3.4', '', '', '1.0'] if _f])",2422,53,7,19,1,56,0,24,0
38862349,Regex: How to match words without consecutive vowels?,Create a list containing words that contain vowel letter followed by the same vowel in file 'file.text',"[w for w in open('file.txt') if not re.search('[aeiou]{2}', w)]",2750,61,0,7,0,4,0,24,0
40079728,Get models ordered by an attribute that belongs to its OneToOne model,Django get first 10 records of model `User` ordered by criteria 'age' of model 'pet',User.objects.order_by('-pet__age')[:10],2784,62,4,21,1,12,1,24,0
40208429,sorting dictionary by numeric value,sort dictionary `tag_weight` in reverse order by values cast to integers,"sorted(list(tag_weight.items()), key=lambda x: int(x[1]), reverse=True)",2791,62,1,53,0,23,0,24,0
41154648,How to remove 0's converting pandas dataframe to record,convert dataframe `df` to integer-type sparse object,df.to_sparse(0),2828,63,3,53,0,19,0,24,0
