question_id,intent,rewritten_intent,snippet,idx,time_batch,cluster,gradual_batch,gradual_new,recurring_batch,rec_new,sudden_batch,sudden_new
237079,get file creation & modification date/times in,get creation time of file `file`,time.ctime(os.path.getctime(file)),104,0,9,26,1,33,0,14,0
403421,"How to sort a list of objects , based on an attribute of the objects?","sort a list of objects `ut`, based on a function `cmpfun` in descending order","ut.sort(key=cmpfun, reverse=True)",182,0,7,16,1,63,0,14,0
1186789,call a Python script from another Python script,"call a Python script ""test1.py""","subprocess.call('test1.py', shell=True)",427,2,4,21,1,25,1,14,0
1747817,Create a dictionary with list comprehension,Create a dictionary `d` from list `iterable`,"d = {key: value for (key, value) in iterable}",497,4,1,4,0,64,0,14,0
2231663,Slicing a list into a list of sub-lists,"slice list `[1, 2, 3, 4, 5, 6, 7]` into lists of two elements each","list(grouper(2, [1, 2, 3, 4, 5, 6, 7]))",578,6,7,56,1,58,0,14,0
2545397,Converting a string into a list in Python,append each line in file `myfile` into a list,[x for x in myfile.splitlines() if x != ''],613,7,9,48,1,63,0,14,0
2918362,writing string to a file on a new line everytime?,Write a string `My String` to a file `file` including new line character,file.write('My String\n'),683,8,9,48,1,24,0,14,0
3278850,"Doc, rtf and txt reader in python",read the contents of the file 'file.txt' into `txt`,txt = open('file.txt').read(),732,10,9,26,1,14,0,14,0
3487377,How can I check a Python unicode string to see that it *actually* is proper Unicode?,check if string `foo` is UTF-8 encoded,foo.decode('utf8').encode('utf8'),775,11,0,17,0,55,0,14,0
3582601,How to call an element in an numpy array?,"get an element at index `[1,1]`in a numpy array `arr`","print(arr[1, 1])",792,11,6,21,0,63,0,14,0
3704731,Replace non-ascii chars from a unicode string in Python,replace non-ascii chars from a unicode string u'm\xfasica',"unicodedata.normalize('NFKD', 'm\xfasica').encode('ascii', 'ignore')",800,11,8,0,0,32,0,14,0
3880399,how to send the output of pprint module to a log file,send the output of pprint object `dataobject` to file `logFile`,"pprint.pprint(dataobject, logFile)",831,12,9,24,1,50,0,14,0
3939361,Remove specific characters from a string,"Remove characters ""!@#$"" from a string `line`","line = re.sub('[!@#$]', '', line)",847,13,8,0,0,13,0,14,0
4131123,Finding the most frequent character in a string,print letter that appears most frequently in string `s`,print(collections.Counter(s).most_common(1)[0]),883,13,0,40,0,13,0,14,0
7657457,Finding key from value in Python dictionary:,Find all keys from a dictionary `d` whose values are `desired_value`,"[k for k, v in d.items() if v == desired_value]",1248,23,1,53,0,54,0,14,0
8270092,remove all whitespace in a string,remove all whitespaces in a string `sentence`,sentence = ''.join(sentence.split()),1310,24,8,0,0,18,0,14,0
8691311,Python: How to write multiple strings in one line?,"write multiple strings `line1`, `line2` and `line3` in one line in a file `target`","target.write('%r\n%r\n%r\n' % (line1, line2, line3))",1351,25,8,0,0,41,0,14,0
8899905,Count number of occurrences of a given substring in a string,"count number of occurrences of a substring 'ab' in a string ""abcdabcva""","""""""abcdabcva"""""".count('ab')",1366,26,0,5,0,30,0,14,0
8936030,Using BeautifulSoup to search html for string,BeautifulSoup find string 'Python Jobs' in HTML body `body`,soup.body.findAll(text='Python Jobs'),1375,26,4,17,1,48,1,14,0
10194713,Sorting a defaultdict by value in python,reverse sort items in default dictionary `cityPopulation` by the third item in each key's list of values,"sorted(iter(cityPopulation.items()), key=lambda k_v: k_v[1][2], reverse=True)",1470,28,1,21,0,43,0,14,0
12476452,How can I return HTTP status code 204 from a Django view?,return http status code 204 from a django view,return HttpResponse(status=204),1650,33,4,59,1,28,1,14,0
13490292,Format number using LaTeX notation in Python,format number 1000000000.0 using latex notation,print('\\num{{{0:.2g}}}'.format(1000000000.0)),1749,36,5,12,0,17,0,14,0
14159753,how to change the size of the sci notation above the y axis in matplotlib?,change the size of the sci notation to '30' above the y axis in matplotlib `plt`,"plt.rc('font', **{'size': '30'})",1807,37,4,58,1,47,1,14,0
15282189,Setting matplotlib colorbar range,Set colorbar range from `0` to `15` for pyplot object `quadmesh` in matplotlib,"quadmesh.set_clim(vmin=0, vmax=15)",1906,40,4,37,1,26,1,14,0
15530399,Finding the surrounding sentence of a char/word in a string,"split string `text` by the occurrences of regex pattern '(?<=\\?|!|\\.)\\s{0,2}(?=[A-Z]|$)'","re.split('(?<=\\?|!|\\.)\\s{0,2}(?=[A-Z]|$)', text)",1932,40,0,60,0,9,0,14,0
17027690,How to skip the extra newline while printing lines read from a file?,skip the newline while printing `line`,print(line.rstrip('\n')),2017,43,8,0,0,29,0,14,0
18265935,Python - Create list with numbers between 2 values?,create a list of integers between 2 values `11` and `17`,"list(range(11, 17))",2117,45,5,36,0,34,0,14,0
18551752,Python - split sentence after words but with maximum of n characters in result,split string `text` into chunks of 16 characters each,"re.findall('.{,16}\\b', text)",2142,46,8,0,0,43,0,14,0
19781609,How do you remove the column name row from a pandas DataFrame?,Exclude column names when writing dataframe `df` to a csv file `filename.csv`,"df.to_csv('filename.csv', header=False)",2223,48,3,20,0,49,0,14,0
21887754,numpy concatenate two arrays vertically,numpy concatenate two arrays `a` and `b` along the second axis,"print(concatenate((a, b), axis=1))",2333,51,6,23,0,32,0,14,0
22187233,How to delete all instances of a character in a string in python?,How to delete all instances of a character in a string in python?,""""""""""""".join([char for char in 'it is icy' if char != 'i'])",2341,51,8,0,0,39,0,14,0
25540259,Remove or adapt border of frame of legend using matplotlib,remove frame of legend in plot `plt`,plt.legend(frameon=False),2425,53,4,60,1,27,1,14,0
26155985,Is there a way to refer to the entire matched expression in re.sub without the use of a group?,place '\' infront of each non-letter char in string `line`,"print(re.sub('[_%^$]', '\\\\\\g<0>', line))",2439,53,8,0,0,32,0,14,0
26367812,Appending to list in Python dictionary,"append `date` to list value of `key` in dictionary `dates_dict`, or create key `key` with value `date` in a list if it does not exist","dates_dict.setdefault(key, []).append(date)",2441,53,1,14,0,14,0,14,0
26809954,Splinter or Selenium: Can we get current html page after clicking a button?,get the html from the current web page of a Selenium driver,driver.execute_script('return document.documentElement.outerHTML;'),2450,54,4,56,1,25,1,14,0
29394552,Move radial tick labels on a polar plot in matplotlib,place the radial ticks in plot `ax` at 135 degrees,ax.set_rlabel_position(135),2518,55,4,49,1,47,1,14,0
31828240,First non-null value per row from a list of Pandas columns,get first non-null value per each row from dataframe `df`,df.stack().groupby(level=0).first(),2608,58,3,36,0,51,0,14,0
35427814,Get the number of all keys in a dictionary of dictionaries in Python,get the number of all keys in the nested dictionary `dict_list`,len(dict_test) + sum(len(v) for v in dict_test.values()),2695,60,1,39,0,38,0,14,0
42172204,Replace value in any column in pandas dataframe,"replace value '-' in any column of pandas dataframe to ""NaN""","df.replace('-', 'NaN')",2861,64,3,2,0,35,0,14,0
