question_id,intent,rewritten_intent,snippet,idx,time_batch,cluster,gradual_batch,gradual_new,recurring_batch,rec_new,sudden_batch,sudden_new
364519,iterate over a dictionary in sorted order,iterate over a dictionary `dict` in sorted order,return iter(sorted(dict.items())),160,0,1,3,0,6,0,17,0
372102,UTF in Python Regex,create a regular expression object with the pattern '\xe2\x80\x93',re.compile('\xe2\x80\x93'),169,0,0,59,0,17,0,17,0
716477,join list of lists in python,get each value from a list of lists `a` using itertools,print(list(itertools.chain.from_iterable(a))),296,0,7,20,1,43,0,17,0
761804,Trimming a string,"Trimming a string ""          Hello        """,'          Hello        '.strip(),321,0,8,0,0,43,0,17,0
843277,check if a variable exists,check if a global variable 'myVar' exists,"if ('myVar' in globals()):
    pass",340,0,4,46,1,28,1,17,0
1400608,empty a list,empty a list `alist`,alist[:] = [],454,2,7,27,1,55,0,17,0
1547733,How to sort this list in Python?,Sort a list of dictionary `l` based on key `time` in descending order,"l = sorted(l, key=lambda a: a['time'], reverse=True)",472,3,1,50,0,20,0,17,0
1892339,How to make a window jump to the front?,make a window `root` jump to the front,"root.attributes('-topmost', True)",521,4,4,64,1,28,1,17,0
2637760,How do I match contents of an element in XPath (lxml)?,match contents of an element to 'Example' in xpath (lxml),"tree.xpath("".//a[text()='Example']"")[0].tag",641,7,0,34,0,49,0,17,0
2918362,writing string to a file on a new line everytime?,writing string 'text to write\n' to file `f`,f.write('text to write\n'),682,8,9,46,1,33,0,17,0
3059301,Manipulating binary data in Python,Return the decimal value for each hex character in data `data`,print(' '.join([str(ord(a)) for a in data])),696,9,5,39,0,18,0,17,0
3595685,start python script as background process from within a python script,Open a background process 'background-process' with arguments 'arguments',"subprocess.Popen(['background-process', 'arguments'])",794,11,9,63,1,24,0,17,0
3862010,Is there a generator version of `string.split()` in Python?,split string `string` on whitespaces using a generator,"return (x.group(0) for x in re.finditer(""[A-Za-z']+"", string))",826,12,8,0,0,29,0,17,0
4290716,How to write bytes to a file in Python 3 without knowing the encoding?,write bytes `bytes_` to a file `filename` in python 3,"open('filename', 'wb').write(bytes_)",911,14,9,32,1,59,0,17,0
4605439,What is the simplest way to swap char in a string with Python?,swap each pair of characters in string `s`,""""""""""""".join([s[x:x + 2][::-1] for x in range(0, len(s), 2)])",953,15,8,0,0,49,0,17,0
5183533,How to make List from Numpy Matrix in Python,Convert the first row of numpy matrix `a` to a list,numpy.array(a)[0].tolist(),1044,18,6,8,0,38,0,17,0
5858916,Find array item in a string,check if any of the items in  `search` appear in `string`,any(x in string for x in search),1100,19,0,24,0,29,0,17,0
7742752,Sorting a dictionary by value then by key,sort a dictionary `y` by value then by key,"sorted(list(y.items()), key=lambda x: (x[1], x[0]), reverse=True)",1256,23,1,38,0,20,0,17,0
8009176,Function to close the window in Tkinter,close the window in tkinter,self.root.destroy(),1276,24,4,22,1,25,1,17,0
9035479,Python - Access object attributes as in a dictionary,Get attribute `my_str` of object `my_object`,"getattr(my_object, my_str)",1383,26,4,41,1,11,1,17,0
9497290,How would I sum a multi-dimensional array in the most succinct python?,"sum all elements of two-dimensions list `[[1, 2, 3, 4], [2, 4, 5, 6]]]`","sum([sum(x) for x in [[1, 2, 3, 4], [2, 4, 5, 6]]])",1417,27,6,49,0,35,0,17,0
10271484,How to perform element-wise multiplication of two lists in Python?,create a list containing the multiplication of each elements at the same index of list `lista` and list `listb`,"[(a * b) for a, b in zip(lista, listb)]",1479,29,7,26,1,63,0,17,0
10716796,How to convert a string to its Base-10 representation?,convert a string `s` to its base-10 representation,"int(s.encode('hex'), 16)",1521,30,5,49,0,35,0,17,0
11339210,How to get integer values from a string in Python?,get multiple integer values from a string 'string1',"map(int, re.findall('\\d+', string1))",1564,31,5,41,0,14,0,17,0
13496087,Python: How to generate a 12-digit random number?,generate a random 12-digit number,"int(''.join(str(random.randint(0, 9)) for _ in range(12)))",1750,36,5,18,0,17,0,17,0
15158599,Removing entries from a dictionary based on values,Get a dictionary from a dictionary `hand` where the values are present,"dict((k, v) for k, v in hand.items() if v)",1897,39,1,57,0,4,0,17,0
16868457,python sorting dictionary by length of values,sort a dictionary `d` by length of its values and print as string,"print(' '.join(sorted(d, key=lambda k: len(d[k]), reverse=True)))",2010,42,1,11,0,35,0,17,0
17846545,Python: comprehension to compose two dictionaries,Compose keys from dictionary `d1` with respective values in dictionary `d2`,"result = {k: d2.get(v) for k, v in list(d1.items())}",2087,44,1,4,0,22,0,17,0
18504967,pandas dataframe create new columns and fill with calculated values from same df,create new column `A_perc` in dataframe `df` with row values equal to the value in column `A` divided by the value in column `sum`,df['A_perc'] = df['A'] / df['sum'],2137,46,3,5,0,37,0,17,0
19095796,How to print backslash with Python?,print backslash,print('\\'),2179,47,8,0,0,6,0,17,0
20375561,Joining pandas dataframes by column names,Join pandas data frame `frame_1` and `frame_2` with left join by `county_ID` and right join by `countyid`,"pd.merge(frame_1, frame_2, left_on='county_ID', right_on='countyid')",2257,49,3,42,0,18,0,17,0
20461165,How to convert pandas index in a dataframe to a column?,convert index at level 0 into a column in dataframe `df`,"df.reset_index(level=0, inplace=True)",2263,49,3,3,0,48,0,17,0
22520932,"Python, remove all non-alphabet chars from string",remove all non-alphabet chars from string `s`,""""""""""""".join([i for i in s if i.isalpha()])",2355,51,8,0,0,63,0,17,0
23887592,Find next sibling element in Python Selenium?,Find next sibling element in Python Selenium?,"driver.find_element_by_xpath(""//p[@id, 'one']/following-sibling::p"")",2392,52,4,45,1,47,1,17,0
24841306,Python - Sum 4D Array,get a sum of 4d array `M`,M.sum(axis=0).sum(axis=0),2411,53,6,33,0,64,0,17,0
29784889,"Python, how to enable all warnings?",enable warnings using action 'always',warnings.simplefilter('always'),2529,56,4,47,1,27,1,17,0
30945784,How to remove all characters before a specific character in Python?,remove all characters from string `stri` upto character 'I',"re.sub('.*I', 'I', stri)",2569,57,8,0,0,44,0,17,0
31818050,round number to nearest integer,round number 3.0005 up to 3 decimal places,"round(3.0005, 3)",2607,58,5,42,0,64,0,17,0
34410358,Splitting a string based on a certain set of words,"Split string 'sad_pandas_and_happy_cats_for_people' based on string 'and', 'or' or 'for'","re.split('_(?:for|or|and)_', 'sad_pandas_and_happy_cats_for_people')",2664,59,8,0,0,55,0,17,0
