question_id,intent,rewritten_intent,snippet,idx,time_batch,cluster,gradual_batch,gradual_new,recurring_batch,rec_new,sudden_batch,sudden_new
89228,Calling an external command,"Calling an external command ""ls -l""","call(['ls', '-l'])",56,0,9,26,1,17,0,25,0
227459,"get the <a href=""http://en.wikipedia.org/wiki/ASCII"" rel=""nofollow noreferrer"">ASCII</a> value of a character as an int",get the ASCII value of a character 'a' as an int,ord('a'),98,0,5,63,0,9,0,25,0
251464,How to get a function name as a string in Python?,get a name of function `my_function` as a string,my_function.__name__,112,0,4,30,1,10,1,25,0
402504,determine the variable type,determine the type of variable `v`,type(v),175,0,4,33,1,27,1,25,0
843277,check if a variable exists,check if object `obj` has attribute 'attr_name',"hasattr(obj, 'attr_name')",341,0,4,34,1,26,1,25,0
1303243,find out if a Python object is a string,check if `obj_to_test` is a string,"isinstance(obj_to_test, str)",444,2,0,30,0,8,0,25,0
1547733,How to sort this list in Python?,reverse sort list of dicts `l` by value for key `time`,"l = sorted(l, key=itemgetter('time'), reverse=True)",471,3,1,55,0,43,0,25,0
1960516,Python JSON serialize a Decimal object,encode `Decimal('3.9')` to a JSON string,json.dumps(Decimal('3.9')),530,4,5,53,0,53,0,25,0
2094176,split a string in python,split string `a` using new-line character '\n' as separator,a.rstrip().split('\n'),551,5,8,0,0,17,0,25,0
2582580,Python Mechanize select a form with no name,select a first form with no name in mechanize,br.select_form(nr=0),617,7,4,31,1,25,1,25,0
2763750,How to replace only part of the match with python re.sub,insert `_suff` before the file extension in `long.file.name.jpg` or replace `_a` with `suff` if it precedes the extension.,"re.sub('(\\_a)?\\.([^\\.]*)$', '_suff.\\2', 'long.file.name.jpg')",654,8,9,45,1,57,0,25,0
2890896,Extract IP address from an html string (python),extract ip address from an html string,"ip = re.findall('[0-9]+(?:\\.[0-9]+){3}', s)",679,8,4,33,1,27,1,25,0
3097866,Access an arbitrary element in a dictionary in Python,access an arbitrary value from dictionary `dict`,next(iter(list(dict.values()))),704,9,1,4,0,13,0,25,0
3940128,reverse a list,reverse a list `L`,L[::(-1)],852,13,7,24,1,36,0,25,0
4481724,Convert a list of characters into a string,"convert a list of characters `['a', 'b', 'c', 'd']` into a string",""""""""""""".join(['a', 'b', 'c', 'd'])",937,15,8,0,0,22,0,25,0
4710067,Deleting a specific line in a file (python),Open a file `yourfile.txt` in write mode,"f = open('yourfile.txt', 'w')",982,16,9,29,1,38,0,25,0
5106228,getting every possible combination in a list,getting every possible combination of two elements in a list,"list(itertools.combinations([1, 2, 3, 4, 5, 6], 2))",1032,17,7,58,1,17,0,25,0
5123839,Fastest way to get the first object from a queryset in django?,get the first object from a queryset in django model `Entry`,Entry.objects.filter()[:1].get(),1034,17,4,38,1,26,1,25,0
5201191,Method to sort a list of lists?,sort list of lists `L` by the second item in each list,L.sort(key=operator.itemgetter(1)),1045,18,7,24,1,35,0,25,0
5306756,how to show Percentage in python,display the float `1/3*100` as a percentage,print('{0:.0f}%'.format(1.0 / 3 * 100)),1057,18,5,52,0,34,0,25,0
7373219,Attribute getters in python,get attribute 'attr' from object `obj`,"getattr(obj, 'attr')",1234,22,4,44,1,12,1,25,0
7571635,check if a value exist in a list,check if 7 is in `a`,(7 in a),1243,23,0,7,0,42,0,25,0
8209568,How do I draw a grid onto a plot in Python?,draw a grid line on every tick of plot `plt`,plt.grid(True),1297,24,4,60,1,45,1,25,0
8569201,Get the string within brackets in Python,find the string matches within parenthesis from a string `s` using regex,"m = re.search('\\[(\\w+)\\]', s)",1340,25,0,27,0,55,0,25,0
9760588,How do you extract a url from a string using python?,extract a url from a string `myString`,"print(re.findall('(https?://[^\\s]+)', myString))",1448,28,8,0,0,56,0,25,0
12182744,python pandas: apply a function with arguments to a series,python pandas: apply a function with arguments to a series,"my_series.apply(your_function, args=(2, 3, 4), extra_kw=1)",1627,33,3,9,0,13,0,25,0
12224778,How to filter by sub-level index in Pandas,filter dataframe `df` by sub-level index '0630' in pandas,df[df.index.map(lambda x: x[1].endswith('0630'))],1632,33,3,3,0,30,0,25,0
13324554,Python: Want to use a string as a slice specifier,create a slice object using string `string_slice`,slice(*[(int(i.strip()) if i else None) for i in string_slice.split(':')]),1729,35,8,0,0,14,0,25,0
13496087,Python: How to generate a 12-digit random number?,generate a 12-digit random number,"'%0.12d' % random.randint(0, 999999999999)",1752,36,5,1,0,18,0,25,0
14764126,"How to make a python script which can logoff, shutdown, and restart a computer?",shutdown and restart a computer running windows from script,"subprocess.call(['shutdown', '/r'])",1860,38,4,18,1,10,1,25,0
14971373,Python: how to get the final output of multiple system commands?,capture final output of a chain of system commands `ps -ef | grep something | wc -l`,"subprocess.check_output('ps -ef | grep something | wc -l', shell=True)",1881,39,9,50,1,23,0,25,0
16772071,sort dict by value python,Get a list of pairs of key-value sorted by values in dictionary `data`,"sorted(list(data.items()), key=lambda x: x[1])",2006,42,1,41,0,52,0,25,0
17141558,How to sort a dataFrame in python pandas by two or more columns?,sort dataframe `df` based on column 'b' in ascending and column 'c' in descending,"df.sort_values(['b', 'c'], ascending=[True, False], inplace=True)",2039,43,3,4,0,31,0,25,0
17284947,regex to get all text outside of brackets,get all text that is not enclosed within square brackets in string `example_str`,"re.findall('(.*?)\\[.*?\\]', example_str)",2048,43,0,7,0,23,0,25,0
19555472,Change a string of integers separated by spaces to a list of int,change a string of integers `x` separated by spaces to a list of int,"x = map(int, x.split())",2203,47,5,58,0,37,0,25,0
20230211,Create a hierarchy from a dictionary of lists,sort a dictionary `a` by values that are list type,"t = sorted(list(a.items()), key=lambda x: x[1])",2255,49,1,10,0,42,0,25,0
31818050,round number to nearest integer,round number `h` to nearest integer,h = int(round(h)),2600,57,5,52,0,6,0,25,0
39870642,Matplotlib - How to plot a high resolution graph?,Save matplotlib graph to image file `filename.png` at a resolution of `300 dpi`,"plt.savefig('filename.png', dpi=300)",2778,62,9,22,1,6,0,25,0
41133414,Strip random characters from url,"strip everything up to and including the character `&` from url `url`, strip the character `=` from the remaining string and concatenate `.html` to the end","url.split('&')[-1].replace('=', '') + '.html'",2827,63,8,0,0,3,0,25,0
