question_id,intent,rewritten_intent,snippet,idx,time_batch,cluster,gradual_batch,gradual_new,recurring_batch,rec_new,sudden_batch,sudden_new
82831,check whether a file exists,check whether file `file_path` exists,os.path.exists(file_path),50,0,9,30,1,13,0,20,0
247724,How can I launch an instance of an application using Python?,How can I launch an instance of an application using Python?,os.system('start excel.exe <path/to/file>'),108,0,4,45,1,26,1,20,0
402504,determine the variable type,determine the type of variable `v`,type(v),177,0,4,13,1,47,1,20,0
432842,get the logical xor of two variables,get the logical xor of two variables `str1` and `str2`,return (bool(str1) ^ bool(str2)),190,0,4,57,1,46,1,20,0
510348,make a time delay,make a 0.1 seconds time delay,sleep(0.1),218,0,4,37,1,10,1,20,0
715417,Converting from a string to boolean in Python?,Convert string to boolean from defined set of strings,"s in ['true', '1', 't', 'y', 'yes', 'yeah', 'yup', 'certainly', 'uh-huh']",293,0,0,59,0,4,0,20,0
931092,Reverse a string,Reverse a string `string`,''.join(reversed(string)),372,0,8,0,0,60,0,20,0
1883980,Find the nth occurrence of substring in a string,find the index of the second occurrence of the substring `bar` in string `foo bar bar bar`,"""""""foo bar bar bar"""""".replace('bar', 'XXX', 1).find('bar')",518,4,0,24,0,53,0,20,0
2108126,How to run two functions simultaneously,run function 'SudsMove' simultaneously,threading.Thread(target=SudsMove).start(),552,5,4,25,1,48,1,20,0
2186656,How can I remove all instances of an element from a list in Python?,"remove all instances of `[1, 1]` from a list `a`","[x for x in a if x != [1, 1]]",568,5,7,14,1,9,0,20,0
2764586,Get current URL in Python,get current requested url,self.request.url,655,8,4,17,1,25,1,20,0
3277503,read a file line by line into a list,read file 'filename' line by line into a list `lines`,"with open('filename') as f:
    lines = f.readlines()",731,10,9,35,1,30,0,20,0
3476732,How to loop backwards in python?,iterate backwards from 10 to 0,"range(10, 0, -1)",773,11,5,2,0,39,0,20,0
3878555,How to replace repeated instances of a character with a single instance of that character in python,Replace repeated instances of a character '*' with a single instance in a string 'text',"re.sub('\\*\\*+', '*', text)",830,12,8,0,0,30,0,20,0
4270742,How to remove whitespace in BeautifulSoup,remove newlines and whitespace from string `yourstring`,"re.sub('[\\ \\n]{2,}', '', yourstring)",905,14,8,0,0,8,0,20,0
4581646,How to count all elements in a nested dictionary?,Get total number of values in a nested dictionary `food_colors`,sum(len(x) for x in list(food_colors.values())),950,15,1,27,0,1,0,20,0
6018916,Find max length of each column in a list of lists,Get the value with the maximum length in each column in array `foo`,[max(len(str(x)) for x in line) for line in zip(*foo)],1118,19,6,52,0,58,0,20,0
6429638,How to split a string into integers in Python?,split a string `42 0` by white spaces.,"""""""42 0"""""".split()",1149,20,8,0,0,36,0,20,0
8270092,remove all whitespace in a string,remove whitespace in string `sentence` from beginning and end,sentence.strip(),1312,24,8,0,0,15,0,20,0
9206964,How to split string into words that do not contain whitespaces in python?,"split string ""This     is a     string"" into words that does not contain whitespaces","""""""This     is a     string"""""".split()",1392,26,8,0,0,53,0,20,0
10895028,python append to array in json object,"append dict `{'f': var6, 'g': var7, 'h': var8}` to value of key `e` in dict `jsobj['a']['b']`","jsobj['a']['b']['e'].append({'f': var6, 'g': var7, 'h': var8})",1529,30,1,39,0,31,0,20,0
11811392,How to generate a list from a pandas DataFrame with the column name and column values?,generate a list from a pandas dataframe `df` with the column name and column values,df.values.tolist(),1607,32,3,39,0,18,0,20,0
11924135,How to use Beautiful Soup to find a tag with changing id?,select `div` tags whose `id`s begin with `value_xxx_c_1_f_8_a_`,"soup.select('div[id^=""value_xxx_c_1_f_8_a_""]')",1618,32,4,52,1,25,1,20,0
12604909,Pandas: how to change all the values of a column?,"pandas: change all the values of a column 'Date' into ""int(str(x)[-4:])""",df['Date'] = df['Date'].apply(lambda x: int(str(x)[-4:])),1661,33,3,45,0,64,0,20,0
13156395,Python load json file with UTF-8 BOM header,Open file 'sample.json' in read mode with encoding of 'utf-8-sig',"json.load(codecs.open('sample.json', 'r', 'utf-8-sig'))",1707,35,9,55,1,59,0,20,0
13254241,Removing key values pairs from a list of dictionaries,removing key values pairs with key 'mykey1' from a list of dictionaries `mylist`,"[{k: v for k, v in d.items() if k != 'mykey1'} for d in mylist]",1721,35,1,4,0,20,0,20,0
14961014,Removing items from unnamed lists in Python,Remove the string value `item` from a list of strings `my_sequence`,[item for item in my_sequence if item != 'item'],1879,39,8,18,0,43,0,20,0
15183084,how to create a dictionary using two lists in python?,create a dictionary using two lists`x` and `y`,"dict(zip(x, y))",1900,40,1,20,0,53,0,20,0
15985339,How do I get current URL in Selenium Webdriver 2 Python?,get current url in selenium webdriver `browser`,print(browser.current_url),1958,41,4,30,1,46,1,20,0
20677660,python string format() with dict with integer keys,format string with dict `{'5': 'you'}` with integer keys,'hello there %(5)s' % {'5': 'you'},2275,49,1,52,0,51,0,20,0
21947035,Print string as hex literal python,"print string ""ABC"" as hex literal","""""""ABC"""""".encode('hex')",2335,51,8,0,0,4,0,20,0
22799300,How to unpack a Series of tuples in Pandas?,unpack a series of tuples in pandas into a DataFrame with column names 'out-1' and 'out-2',"pd.DataFrame(out.tolist(), columns=['out-1', 'out-2'], index=out.index)",2364,51,3,1,0,43,0,20,0
24525111,How can I get the output of a matplotlib plot as an SVG?,Save plot `plt` as svg file 'test.svg',plt.savefig('test.svg'),2406,52,9,16,1,20,0,20,0
27946742,Regular expression in Python sentence extractor,Regular expression in Python sentence extractor,"re.split('\\.\\s', re.sub('\\.\\s*$', '', text))",2478,54,0,9,0,59,0,20,0
29760130,What is the proper way to print a nested list with the highest value in Python,get the list with the highest sum value in list `x`,"print(max(x, key=sum))",2528,56,7,50,1,65,0,20,0
30628176,Switch every pair of characters in a string,switch positions of each two adjacent characters in string `a`,"print(''.join(''.join(i) for i in zip(a2, a1)) + a[-1] if len(a) % 2 else '')",2557,56,8,16,0,50,0,20,0
32283692,Adding a 1-D Array to a 3-D array in Numpy,"adding a 1-d array `[1, 2, 3, 4, 5, 6, 7, 8, 9]` to a 3-d array `np.zeros((6, 9, 20))`","np.zeros((6, 9, 20)) + np.array([1, 2, 3, 4, 5, 6, 7, 8, 9])[(None), :, (None)]",2616,58,6,31,0,50,0,20,0
41552839,How can I convert literal escape sequences in a string to the corresponding bytes?,"convert and escape string ""\\xc3\\x85あ"" to UTF-8 code","""""""\\xc3\\x85あ"""""".encode('utf-8').decode('unicode_escape')",2841,64,8,0,0,51,0,20,0
42142756,How can I change a specific row label in a Pandas dataframe?,rename `last` row index label in dataframe `df` to `a`,df = df.rename(index={last: 'a'}),2860,64,3,6,0,32,0,20,0
