question_id,intent,rewritten_intent,snippet,idx,time_batch,cluster,gradual_batch,gradual_new,recurring_batch,rec_new,sudden_batch,sudden_new
1476,express binary literals,convert 173 to binary string,bin(173),5,0,5,62,0,62,0,62,0
36139,How do I sort a list of strings in Python?,sort list `mylist` alphabetically,mylist.sort(key=lambda x: x.lower()),23,0,7,21,1,57,0,62,0
517355,String formatting in Python,Display `1 2 3` as a list of string,"print('[{0}, {1}, {2}]'.format(1, 2, 3))",221,0,5,37,0,39,0,62,0
674764,string find,find the index of sub string 'Aloha' in `x`,x.find('Aloha'),287,0,0,6,0,48,0,62,0
940822,"Regular expression syntax for ""match nothing""?",regular expression syntax for not to match anything,re.compile('.\\A|.\\A*|.\\A+'),375,0,0,1,0,6,0,62,0
1883604,Reading utf-8 characters from a gzip file in python,Open gzip-compressed file encoded as utf-8 'file.gz' in text mode,"gzip.open('file.gz', 'rt', encoding='utf-8')",517,4,9,35,1,14,0,62,0
2755950,How to use regular expression in lxml xpath?,Get all `a` tags where the text starts with value `some text` using regex,"doc.xpath(""//a[starts-with(text(),'some text')]"")",650,7,0,61,0,64,0,62,0
3328012,How can I tell if a file is a descendant of a given directory?,check if file `filename` is descendant of directory '/the/dir/',"os.path.commonprefix(['/the/dir/', os.path.realpath(filename)]) == '/the/dir/'",747,10,9,18,1,52,0,62,0
3559559,How to delete a character from a string using python?,"Delete character ""M"" from a string `s` using python","s = s.replace('M', '')",790,11,8,0,0,49,0,62,0
3804727,"python, subprocess: reading output from subprocess",flush output of python print,sys.stdout.flush(),816,12,4,38,1,28,1,62,0
4174941,sort a list of lists by a specific index of the inner list,sort a list of lists `L` by index 2 of the inner list,"sorted(L, key=itemgetter(2))",894,14,7,16,1,34,0,62,0
4324790,Removing control characters from a string in python,removing control characters from a string `s`,return ''.join(ch for ch in s if unicodedata.category(ch)[0] != 'C'),919,14,8,0,0,7,0,62,0
5555063,Unescaping Characters in a String with Python,un-escaping characters in a string with python,"""""""\\u003Cp\\u003E"""""".decode('unicode-escape')",1076,18,8,0,0,2,0,62,0
6797984,convert string to lowercase,convert utf-8 string `s` to lowercase,s.decode('utf-8').lower(),1179,21,8,0,0,33,0,62,0
7732125,Clear text from textarea with selenium,"if Selenium textarea element `foo` is not empty, clear the field",driver.find_element_by_id('foo').clear(),1254,23,4,58,1,46,1,62,0
8546245,Python concat string with list,join a list of strings `list` using a space ' ',""""""" """""".join(list)",1337,25,7,61,1,4,0,62,0
8901996,How to print container object with unicode-containing values?,decode utf-8 code `x` into a raw unicode literal,print(str(x).decode('raw_unicode_escape')),1367,26,8,0,0,42,0,62,0
8938449,How to extract data from matplotlib plot,Get data from matplotlib plot,gca().get_lines()[n].get_xydata(),1376,26,4,37,1,11,1,62,0
10569438,How to print Unicode character in Python?,print 'here is your checkmark: ' plus unicode character u'\u2713',print('here is your checkmark: ' + '\u2713'),1505,29,4,61,1,12,1,62,0
11144513,Numpy: cartesian product of x and y array points into single array of 2D points,cartesian product of `x` and `y` array points into single array of 2d points,"numpy.dstack(numpy.meshgrid(x, y)).reshape(-1, 2)",1549,31,6,1,0,44,0,62,0
11573817,How to download a file via FTP with Python ftplib,How to download a file via FTP with Python ftplib,"ftp.retrbinary('RETR %s' % filename, file.write)",1585,31,9,43,1,7,0,62,0
13655392,Python- insert a character into a string,"insert a character ',' into a string in front of '+' character in second part of the string",""""""",+"""""".join(c.rsplit('+', 1))",1767,36,8,0,0,29,0,62,0
14406214,Moving x-axis to the top of a plot in matplotlib,Move x-axis of the pyplot object `ax` to the top of a plot in matplotlib,ax.xaxis.set_ticks_position('top'),1829,38,4,20,1,28,1,62,0
14406214,Moving x-axis to the top of a plot in matplotlib,move x-axis to the top of a plot `ax`,ax.xaxis.tick_top(),1830,38,4,23,1,11,1,62,0
14932247,variable number of digit in format string,"variable number of digits `digits` in variable `value` in format string ""{0:.{1}%}""","""""""{0:.{1}%}"""""".format(value, digits)",1876,39,5,22,0,59,0,62,0
15334783,Multiplying values from two different dictionaries together in Python,multiply values of dictionary `dict` with their respective values in dictionary `dict2`,"dict((k, v * dict2[k]) for k, v in list(dict1.items()) if k in dict2)",1915,40,1,31,0,15,0,62,0
17149561,How to find a value in a list of python dictionaries?,"Check if the value of the key ""name"" is ""Test"" in a list of dictionaries `label`",any(d['name'] == 'Test' for d in label),2041,43,1,8,0,30,0,62,0
17794266,How to get the highest element in absolute value in a numpy matrix?,get the highest element in absolute value in a numpy matrix `x`,"max(x.min(), x.max(), key=abs)",2083,44,6,11,0,9,0,62,0
20059427,Python: using a dict to speed sorting of a list of tuples,create a dictionary `list_dict` containing each tuple in list `tuple_list` as values and the tuple's first element as the corresponding key,list_dict = {t[0]: t for t in tuple_list},2240,48,1,45,0,18,0,62,0
20110170,Turn Pandas Multi-Index into column,reset index of dataframe `df`so that existing index values are transferred into `df`as columns,df.reset_index(inplace=True),2246,48,3,12,0,42,0,62,0
23306653,Python Accessing Nested JSON Data,get value of key `post code` associated with first index of key `places` of dictionary `data`,print(data['places'][0]['post code']),2374,52,1,31,0,58,0,62,0
24189150,Pandas writing dataframe to other postgresql schema,write records in dataframe `df` to table 'test' in schema 'a_schema',"df.to_sql('test', engine, schema='a_schema')",2401,52,3,7,0,7,0,62,0
27589325,How to find and replace nth occurence of word in a sentence using python regular expression?,find and replace 2nd occurrence of word 'cat' by 'Bull' in a sentence 's',"re.sub('^((.*?cat.*?){1})cat', '\\1Bull', s)",2467,54,0,45,0,52,0,62,0
31818050,round number to nearest integer,round number 4.0005 up to 3 decimal places,"round(4.0005, 3)",2601,57,5,56,0,59,0,62,0
32950347,Cleanest way to get a value from a list element,get value in string `line` matched by regex pattern '\\bLOG_ADDR\\s+(\\S+)',"print(re.search('\\bLOG_ADDR\\s+(\\S+)', line).group(1))",2637,58,0,2,0,34,0,62,0
33769531,Python: Converting from binary to String,Convert a binary value '1633837924' to string,"struct.pack('<I', 1633837924)",2651,59,5,8,0,58,0,62,0
38708621,How to calculate percentage of sparsity for a numpy array/matrix?,calculate ratio of sparsity in a numpy array `a`,np.isnan(a).sum() / np.prod(a.shape),2748,61,6,7,0,5,0,62,0
39719140,Pyhon - Best way to find the 1d center of mass in a binary numpy array,calculate the mean of the nonzero values' indices of dataframe `df`,np.flatnonzero(x).mean(),2773,62,3,9,0,13,0,62,0
42458734,"How do I convert all strings (like ""Fault"") and into a unique float?",factorize all string values in dataframe `s` into floats,(s.factorize()[0] + 1).astype('float'),2873,64,3,43,0,23,0,62,0
