question_id,intent,rewritten_intent,snippet,idx,time_batch,cluster,gradual_batch,gradual_new,recurring_batch,rec_new,sudden_batch,sudden_new
237079,get file creation & modification date/times in,get modified time of file `file`,print(('last modified: %s' % time.ctime(os.path.getmtime(file)))),101,0,9,60,1,31,0,9,0
379906,Parse String to Float or Int,parse string `a` to float,float(a),172,0,5,11,0,3,0,9,0
402504,determine the variable type,determine the type of variable `v`,type(v),179,0,4,37,1,26,1,9,0
663171,substring a string,get a new string including the first two characters of string `x`,x[:2],263,0,8,0,0,8,0,9,0
678236,How to get the filename without the extension from a path in Python?,get the filename without the extension from file 'hemanth.txt',print(os.path.splitext(os.path.basename('hemanth.txt'))[0]),289,0,9,60,1,13,0,9,0
817122,Delete digits in Python (Regex),delete digits at the end of string `s`,"re.sub('\\b\\d+\\b', '', s)",333,0,8,0,0,43,0,9,0
1082413,Sort a list of strings based on regular expression match or something similar,sort list `strings` in alphabetical order based on the letter after percent character `%` in each element,"strings.sort(key=lambda str: re.sub('.*%(.).*', '\\1', str))",413,1,0,62,0,43,0,9,0
1780174,Split dictionary of lists into list of dictionaries,create a list where each element is a dictionary with keys 'key1' and 'key2' and values corresponding to each value in the lists referenced by keys 'key1' and 'key2' in dictionary `d`,"[{'key1': a, 'key2': b} for a, b in zip(d['key1'], d['key2'])]",503,4,1,52,0,18,0,9,0
1949318,Checking if a website is up,"Check the status code of url ""http://www.stackoverflow.com""",urllib.request.urlopen('http://www.stackoverflow.com').getcode(),527,4,4,40,1,25,1,9,0
2261011,How can I resize the root window in Tkinter?,How can I resize the root window in Tkinter?,root.geometry('500x500'),581,6,4,31,1,26,1,9,0
3207219,list all files of a directory,"list all "".txt"" files of a directory ""/home/adam/""",print(glob.glob('/home/adam/*.txt')),714,9,9,46,1,40,0,9,0
3464359,Is it possible to wrap the text of xticks in matplotlib in python?,rotate the xtick labels of matplotlib plot `ax` by `45` degrees to make long labels readable,"ax.set_xticklabels(labels, rotation=45)",769,11,4,41,1,11,1,9,0
3662142,How to remove tags from a string in python using regular expressions? (NOT in HTML),remove tags from a string `mystring`,"re.sub('<[^>]*>', '', mystring)",796,11,8,0,0,3,0,9,0
3844801,check if all elements in a list are identical,check if all elements in list `myList` are identical,all(x == myList[0] for x in myList),822,12,7,27,1,2,0,9,0
3925096,How to get only the last part of a path in Python?,How to get only the last part of a path in Python?,os.path.basename(os.path.normpath('/folderA/folderB/folderC/folderD/')),838,12,4,34,1,46,1,9,0
5373474,Multiple positional arguments with Python and argparse,specify multiple positional arguments with argparse,"parser.add_argument('input', nargs='+')",1063,18,4,51,1,28,1,9,0
5404068,How to read keyboard-input?,read keyboard-input,input('Enter your input:'),1066,18,4,36,1,27,1,9,0
7284952,Django redirect to root from a view,django redirect to view 'Home.views.index',redirect('Home.views.index'),1218,22,4,30,1,48,1,9,0
8315209,Sending http headers with python,sending http headers to `client`,client.send('HTTP/1.0 200 OK\r\n'),1319,25,4,43,1,47,1,9,0
9210525,convert hex to decimal,"convert hex string ""FFFF"" to decimal","int('FFFF', 16)",1396,27,5,26,0,22,0,9,0
9733638,Post JSON using Python Requests,Execute a post request to url `http://httpbin.org/post` with json data `{'test': 'cheers'}`,"requests.post('http://httpbin.org/post', json={'test': 'cheers'})",1441,28,4,33,1,48,1,9,0
10408927,How to get all sub-elements of an element tree with Python ElementTree?,get all sub-elements of an element tree `a` excluding the root element,[elem.tag for elem in a.iter() if elem is not a],1489,29,7,49,1,30,0,9,0
11399384,Extract all keys from a list of dictionaries,extract all keys from a list of dictionaries `LoD`,[i for s in [list(d.keys()) for d in LoD] for i in s],1573,31,1,59,0,49,0,9,0
13628725,How to generate random numbers that are different?,generate 6 random numbers between 1 and 50,"random.sample(range(1, 50), 6)",1763,36,5,32,0,50,0,9,0
13999850,How to specify date format when using pandas.to_csv?,write dataframe `df` to csv file `filename` with dates formatted as yearmonthday  `%Y%m%d`,"df.to_csv(filename, date_format='%Y%m%d')",1796,37,3,3,0,24,0,9,0
15247628,How to find duplicate names using pandas?,find duplicate names in column 'name' of the dataframe `x`,x.set_index('name').index.get_duplicates(),1902,40,3,44,0,6,0,9,0
15248272,python list comprehension with multiple 'if's,list comprehension that produces integers between 11 and 19,[i for i in range(100) if i > 10 if i < 20],1903,40,5,56,0,51,0,9,0
15852295,list of ints into a list of tuples python,"convert a flat list into a list of tuples of every two items in the list, in order","print(zip(my_list[0::2], my_list[1::2]))",1950,41,7,60,1,5,0,9,0
16883447,"How to read a ""C source, ISO-8859 text""",read file 'myfile' using encoding 'iso-8859-1',"codecs.open('myfile', 'r', 'iso-8859-1').read()",2012,42,9,35,1,41,0,9,0
16962512,Convert scientific notation to decimal - python,convert scientific notation of variable `a` to decimal,"""""""{:.50f}"""""".format(float(a[0] / a[1]))",2014,42,5,19,0,57,0,9,0
17134716,Convert DataFrame column type from string to datetime,convert the dataframe column 'col' from string types to datetime types,df['col'] = pd.to_datetime(df['col']),2034,43,3,2,0,61,0,9,0
18312447,How can I split a string into tokens?,split string 'x+13.5*10x-4e1' into tokens,"print([i for i in re.split('([\\d.]+|\\W+)', 'x+13.5*10x-4e1') if i])",2120,45,5,55,0,7,0,9,0
19745091,Accessing dictionary by key in Django template,lookup dictionary key `key1` in Django template `json`,{{json.key1}},2220,48,1,15,0,9,0,9,0
23164058,How to encode text to base64 in python,encode binary string 'your string' to base64 code,"base64.b64encode(bytes('your string', 'utf-8'))",2372,52,8,0,0,19,0,9,0
31818050,round number to nearest integer,round number 1.0005 up to 3 decimal places,"round(1.0005, 3)",2599,57,5,33,0,3,0,9,0
32458541,Django can't find URL pattern,Confirm urls in Django properly,"url('^$', include('sms.urls')),",2622,58,4,61,1,10,1,9,0
35883459,Creating a list of dictionaries in python,"creating a list of dictionaries [{'A': 1, 'C': 4, 'B': 2, 'D': 4}, {'A': 1, 'C': 4, 'B': 1, 'D': 5}]","[{'A': 1, 'C': 4, 'B': 2, 'D': 4}, {'A': 1, 'C': 4, 'B': 1, 'D': 5}]",2702,60,1,54,0,23,0,9,0
41083229,Removing characters from string Python,removing vowel characters 'aeiouAEIOU' from string `text`,""""""""""""".join(c for c in text if c not in 'aeiouAEIOU')",2825,63,8,0,0,23,0,9,0
42387471,How to add a colorbar for a hist2d plot,add a colorbar to plot `plt` using image `im` on axes `ax`,"plt.colorbar(im, ax=ax)",2870,64,4,44,1,48,1,9,0
