question_id,intent,rewritten_intent,snippet,idx,time_batch,cluster,gradual_batch,gradual_new,recurring_batch,rec_new,sudden_batch,sudden_new
82831,check whether a file exists,"check whether file ""/path/to/file"" exists","my_file = Path('/path/to/file')
if my_file.is_file():
    pass",47,0,9,44,1,1,0,6,0
817122,Delete digits in Python (Regex),Delete self-contained digits from string `s`,"s = re.sub('^\\d+\\s|\\s\\d+\\s|\\s\\d+$', ' ', s)",334,0,8,0,0,29,0,6,0
903853,How do you extract a column from a multi-dimensional array?,extract first column from a multi-dimensional array `a`,[row[0] for row in a],360,0,6,7,0,5,0,6,0
931092,Reverse a string,Reverse string 'foo',''.join(reversed('foo')),374,0,8,0,0,50,0,6,0
1303243,find out if a Python object is a string,check if object `o` is a string,"isinstance(o, str)",443,2,0,52,0,52,0,6,0
1391026,Google App Engine - Request class query_string,Retrieve parameter 'var_name' from a GET request.,self.request.get('var_name'),450,2,4,61,1,11,1,6,0
1532810,How to read lines from a file into a multidimensional array (or an array of lists) in python,read lines from a csv file `./urls-eu.csv` into a list of lists `arr`,"arr = [line.split(',') for line in open('./urls-eu.csv')]",468,3,9,29,1,61,0,6,0
2052390,manually throw/raise an exception,manually throw/raise a `ValueError` exception with the message 'A very specific bad thing happened',raise ValueError('A very specific bad thing happened'),540,5,4,17,1,25,1,6,0
2075128,"Python, print all floats to 2 decimal places in output","Format all floating variables `var1`, `var2`, `var3`, `var1` to print to two decimal places.","print('%.2f kg = %.2f lb = %.2f gal = %.2f l' % (var1, var2, var3, var4))",548,5,5,12,0,53,0,6,0
2077897,Substitute multiple whitespace with single whitespace in Python,substitute multiple whitespace with single whitespace in string `mystring`,""""""" """""".join(mystring.split())",549,5,8,0,0,22,0,6,0
2655956,filtering elements from list of lists in Python?,create a list containing elements of list `a` if the sum of the element is greater than 10,[item for item in a if sum(item) > 10],642,7,7,49,1,3,0,6,0
2759323,How can I list the contents of a directory in Python?,list all the contents of the directory 'path'.,os.listdir('path'),652,8,9,47,1,61,0,6,0
3668964,How to check if a character is upper-case in Python?,check if all string elements in list `words` are upper-cased,print(all(word[0].isupper() for word in words)),797,11,0,45,0,34,0,6,0
3996904,Generate random integers between 0 and 9,Generate random integers between 0 and 9,"print((random.randint(0, 9)))",865,13,5,18,0,37,0,6,0
5229425,Precision in python,print a digit `your_number` with exactly 2 digits after decimal,print('{0:.2f}'.format(your_number)),1048,18,5,3,0,40,0,6,0
5577501,How to tell if string starts with a number?,check if string `string` starts with a number,string[0].isdigit(),1078,18,0,50,0,63,0,6,0
6407780,How to extract data from JSON Object in Python?,extract data field 'bar' from json object,"json.loads('{""foo"": 42, ""bar"": ""baz""}')['bar']",1143,20,4,29,1,27,1,6,0
8409095,matplotlib: Set markers for individual points on a line,"set circle markers on plot for individual points  defined in list   `[1,2,3,4,5,6,7,8,9,10]` created by range(10)","plt.plot(list(range(10)), linestyle='--', marker='o', color='b')",1328,25,7,42,1,31,0,6,0
9236926,Concatenating two one-dimensional NumPy arrays,Concatenating two one-dimensional NumPy arrays 'a' and 'b'.,"numpy.concatenate([a, b])",1400,27,6,25,0,24,0,6,0
10472907,How to convert dictionary into string,convert dictionary `adict` into string,""""""""""""".join('{}{}'.format(key, val) for key, val in sorted(adict.items()))",1492,29,1,28,0,41,0,6,0
10525301,String encoding and decoding from possibly latin1 and utf8,Normalize string `str` from 'cp1252' code to 'utf-8' code,print(str.encode('cp1252').decode('utf-8').encode('cp1252').decode('utf-8')),1497,29,8,0,0,31,0,6,0
12362542,"Python server ""Only one usage of each socket address is normally permitted""",Enable the SO_REUSEADDR socket option in socket object `s` to fix the error `only one usage of each socket address is normally permitted`,"s.setsockopt(SOL_SOCKET, SO_REUSEADDR, 1)",1644,33,4,40,1,48,1,6,0
12739911,How to split a string within a list to create key-value pairs in Python,create a dictionary containing each string in list `my_list` split by '=' as a key/value pairs,print(dict([s.split('=') for s in my_list])),1668,34,1,63,0,40,0,6,0
13462365,Python 2.7 Counting number of dictionary items with given value,count the number of pairs in dictionary `d` whose value equal to `chosen_value`,sum(x == chosen_value for x in list(d.values())),1747,36,1,9,0,44,0,6,0
14734750,How to get multiple parameters with same name from a URL in Pylons?,get multiple parameters with same name from a url in pylons,request.params.getall('c'),1853,38,4,24,1,27,1,6,0
17071871,Select rows from a DataFrame based on values in a column in pandas,select rows from a dataframe `df` whose value for column `column_name` is not in `some_values`,df.loc[~df['column_name'].isin(some_values)],2026,43,3,47,0,61,0,6,0
17812978,How to plot two columns of a pandas data frame using points?,How to plot two columns of a pandas data frame using points?,"df.plot(x='col_name_1', y='col_name_2', style='o')",2084,44,3,18,0,50,0,6,0
19601086,Click a href button with selenium and python?,click a href button having text `Send InMail` with selenium,driver.findElement(By.linkText('Send InMail')).click(),2206,47,4,19,1,48,1,6,0
21833383,When the key is a tuple in dictionary in Python,make all keys lowercase in dictionary `d`,"d = {(a.lower(), b): v for (a, b), v in list(d.items())}",2329,51,1,61,0,44,0,6,0
21887754,numpy concatenate two arrays vertically,numpy concatenate two arrays `a` and `b` along the first axis,"np.array((a, b))",2330,51,6,7,0,41,0,6,0
21986194,How to pass dictionary items as function arguments in python?,pass dictionary items `data` as keyword arguments in function `my_function`,my_function(**data),2337,51,1,2,0,52,0,6,0
25440008,python pandas flatten a dataframe to a list,flatten a dataframe df to a list,df.values.flatten(),2423,53,3,11,0,20,0,6,0
28901311,Numpy: find index of elements in one array that occur in another array,get index of elements in array `A` that occur in another array `B`,"np.where(np.in1d(A, B))[0]",2503,55,6,4,0,60,0,6,0
30546889,"Python list of dicts, get max value index",get dictionary with max value of key 'size' in list of dicts `ld`,"max(ld, key=lambda d: d['size'])",2553,56,1,44,0,6,0,6,0
30747705,Parsing string containing Unicode character names,Parse a unicode string `M\\N{AMPERSAND}M\\N{APOSTROPHE}s`,'M\\N{AMPERSAND}M\\N{APOSTROPHE}s'.decode('unicode-escape'),2564,57,8,0,0,38,0,6,0
39600161,Regular expression matching all but a string,regular expression matching all but 'aa' and 'bb' for string `string`,"re.findall('-(?!aa-|bb-)([^-]+)', string)",2767,62,0,51,0,5,0,6,0
41251391,Can a list of all member-dict keys be created from a dict of dicts using a list comprehension?,get a list of the keys in each dictionary in a dictionary of dictionaries `foo`,[k for d in list(foo.values()) for k in d],2832,63,1,51,0,48,0,6,0
42180455,How to get only div with id ending with a certain value in Beautiful Soup?,BeautifulSoup select 'div' elements with an id attribute value ending with sub-string '_answer' in HTML parsed string `soup`,soup.select('div[id$=_answer]'),2863,64,4,58,1,25,1,6,0
42211584,How do I compare values in a dictionary?,get the maximum of 'salary' and 'bonus' values in a dictionary,"print(max(d, key=lambda x: (d[x]['salary'], d[x]['bonus'])))",2864,64,1,8,0,7,0,6,0
