question_id,intent,rewritten_intent,snippet,idx,time_batch,cluster,gradual_batch,gradual_new,recurring_batch,rec_new,sudden_batch,sudden_new
73663,Terminating a Python script,"Terminating a Python script with error message ""some error message""",sys.exit('some error message'),45,0,4,42,1,47,1,3,0
89228,Calling an external command,"Calling an external command ""echo Hello World""",print(os.popen('echo Hello World').read()),60,0,9,11,1,35,0,3,0
663171,substring a string,get a new string with the 3rd to the second-to-last characters of string `x`,x[2:(-2)],265,0,8,0,0,9,0,3,0
852055,Build a GQL query (for Google App Engine) that has a condition on ReferenceProperty,Google App Engine execute GQL query 'SELECT * FROM Schedule WHERE station = $1' with parameter `foo.key()`,"db.GqlQuery('SELECT * FROM Schedule WHERE station = $1', foo.key())",346,0,4,43,1,10,1,3,0
1966207,Converting NumPy array into Python List structure?,convert numpy array into python list structure,"np.array([[1, 2, 3], [4, 5, 6]]).tolist()",532,4,6,3,0,20,0,3,0
2317134,How do I use a regular expression to match a name?,Match regex '[a-zA-Z][\\w-]*\\Z' on string 'A\n',"re.match('[a-zA-Z][\\w-]*\\Z', 'A\n')",585,6,0,11,0,18,0,3,0
2407398,merge lists into a list of tuples,merge lists `list_a` and `list_b` into a list of tuples,"zip(list_a, list_b)",599,6,7,21,1,1,0,3,0
2668909,How to find the real user home directory using python?,find the real user home directory using python,os.path.expanduser('~user'),643,7,4,26,1,12,1,3,0
2742784,Python: How to round 123 to 100 instead of 100.0?,round 123 to 100,"int(round(123, -2))",648,7,5,5,0,3,0,3,0
3519125,Converting a hex-string representation to actual bytes in Python,convert a hex-string representation to actual bytes,"""""""\\xF3\\xBE\\x80\\x80"""""".replace('\\x', '').decode('hex')",786,11,5,1,0,21,0,3,0
3964681,Find all files in directory with extension .txt,"Find all files in directory ""/mydir"" with extension "".txt""","os.chdir('/mydir')
for file in glob.glob('*.txt'):
    pass",859,13,9,59,1,42,0,3,0
4116061,Importing everything ( * ) dynamically from a module,import all classes from module `some.package`,globals().update(importlib.import_module('some.package').__dict__),880,13,4,15,1,12,1,3,0
5775719,How do I find the first letter of each word?,find the first letter of each element in string `input`,output = ''.join(item[0].upper() for item in input.split()),1088,19,0,53,0,40,0,3,0
6879364,Print file age in seconds using Python,Get the age of directory (or file) `/tmp` in seconds.,print(os.path.getmtime('/tmp')),1181,21,9,56,1,35,0,3,0
7142227,How do I sort a zipped list in Python?,sort a zipped list `zipped` using lambda function,"sorted(zipped, key=lambda x: x[1])",1201,22,7,55,1,60,0,3,0
8171751,How do I convert tuple of tuples to list in one line (pythonic)?,"convert tuple of tuples `(('aa',), ('bb',), ('cc',))` to tuple","from functools import reduce
reduce(lambda a, b: a + b, (('aa',), ('bb',), ('cc',)))",1286,24,7,46,1,43,0,3,0
8905864,URL encoding in python,Replace special characters in utf-8 encoded string `s` using the %xx escape,urllib.parse.quote(s.encode('utf-8')),1369,26,8,0,0,34,0,3,0
11361985,Output data from all columns in a dataframe in pandas,Display maximum output data of columns in dataframe `pandas` that will fit into the screen,"pandas.set_option('display.max_columns', None)",1570,31,3,57,0,54,0,3,0
11414596,"dropping a row in pandas with dates indexes, python",return dataframe `df` with last row dropped,df.ix[:-1],1578,31,3,5,0,43,0,3,0
13093727,How to replace unicode characters in string with something else python?,replace unicode characters ''\u2022' in string 'str' with '*',"str.decode('utf-8').replace('\u2022', '*')",1700,34,8,0,0,2,0,3,0
13254241,Removing key values pairs from a list of dictionaries,Removing key values pairs from a list of dictionaries,"[dict((k, v) for k, v in d.items() if k != 'mykey1') for d in mylist]",1720,35,1,62,0,55,0,3,0
13954840,How do I convert LF to CRLF?,open the file 'words.txt' in 'rU' mode,"f = open('words.txt', 'rU')",1795,37,9,60,1,34,0,3,0
14026704,How do I get the url parameter in a Flask view,How do I get the url parameter in a Flask view,request.args['myParam'],1797,37,4,26,1,47,1,3,0
14858916,True for all characters of a string,check characters of string `string` are true predication of function `predicate`,all(predicate(x) for x in string),1868,39,0,51,0,44,0,3,0
16772071,sort dict by value python,sort dict by value python,"sorted(list(data.items()), key=lambda x: x[1])",2007,42,1,29,0,63,0,3,0
17021863,Re-read an open file Python,Put the curser at beginning of the file,file.seek(0),2016,42,9,30,1,43,0,3,0
17608210,sorting a list in python,Sort a list of strings 'words' such that items starting with 's' come first.,"sorted(words, key=lambda x: 'a' + x if x.startswith('s') else 'b' + x)",2071,44,7,26,1,14,0,3,0
17888152,Parse string to int when string contains a number + extra characters,parse string `s` to int when string contains a number,int(''.join(c for c in s if c.isdigit())),2089,44,0,42,0,39,0,3,0
17895835,format strings and named arguments in Python,print two numbers `10` and `20` using string formatting,"""""""{0} {1}"""""".format(10, 20)",2090,44,5,8,0,51,0,3,0
21188504,python pandas: apply a function with arguments to a series. Update,"Add 100 to each element of column ""x"" in dataframe `a`","a['x'].apply(lambda x, y: x + y, args=(100,))",2298,50,3,8,0,37,0,3,0
22296496,Add element to a json in python,add variable `var` to key 'f' of first element in JSON data `data`,data[0]['f'] = var,2349,51,1,3,0,35,0,3,0
22904654,How to save Xlsxwriter file in certain path?,save xlsxwriter file in 'app/smth1/smth2/Expenses01.xlsx' path and assign to variable `workbook`,workbook = xlsxwriter.Workbook('app/smth1/smth2/Expenses01.xlsx'),2368,52,9,31,1,16,0,3,0
25040875,Get a list of values from a list of dictionaries in python,get a list of values with key 'key' from a list of dictionaries `l`,[d['key'] for d in l if 'key' in d],2415,53,1,56,0,39,0,3,0
27457970,Python regex alternative for join,concatenate '-' in between characters of string `str`,"re.sub('(?<=.)(?=.)', '-', str)",2462,54,8,0,0,55,0,3,0
29815129,Pandas DataFrame to List of Dictionaries,convert dataframe `df` to list of dictionaries including the index values,df.to_dict('index'),2531,56,3,12,0,5,0,3,0
29877663,Finding multiple attributes within the span tag in Python,BeautifulSoup find all 'span' elements in HTML string `soup` with class of 'starGryB sp',"soup.find_all('span', {'class': 'starGryB sp'})",2533,56,4,60,1,12,1,3,0
37080612,pandas DataFrame filter regex,get rows of dataframe `df` that match regex '(Hel|Just)',df.loc[df[0].str.contains('(Hel|Just)')],2721,61,3,51,0,62,0,3,0
41727442,How to get a list of all integer points in an n-dimensional cube using python?,get a list of all integer points in a `dim` dimensional hypercube with coordinates from `-x` to `y` for all dimensions,"list(itertools.product(list(range(-x, y)), repeat=dim))",2844,64,6,49,0,42,0,3,0
41923906,Align numpy array according to another array,align values in array `b` to the order of corresponding values in array `a`,"a[np.in1d(a, b)]",2854,64,6,15,0,20,0,3,0
