question_id,intent,rewritten_intent,snippet,idx,time_batch,cluster,gradual_batch,gradual_new,recurring_batch,rec_new,sudden_batch,sudden_new
51520,How to get an absolute file path in Python,get an absolute file path of file 'mydir/myfile.txt',os.path.abspath('mydir/myfile.txt'),34,0,9,57,1,55,0,54,0
432842,get the logical xor of two variables,get logical xor of `a` and `b`,"xor(bool(a), bool(b))",191,0,0,55,0,5,0,54,0
642154,convert strings into integers,function to convert strings into integers,int(),260,0,5,9,0,2,0,54,0
961263,Two values from one input in python?,"assign values to two variables, `var1` and `var2` from user input response to `'Enter two numbers here: ` split on whitespace","var1, var2 = input('Enter two numbers here: ').split()",382,1,8,0,0,40,0,54,0
2233917,How to input an integer tuple from user?,input an integer tuple from user,"tuple(map(int, input().split(',')))",580,6,5,22,0,23,0,54,0
2372573,How do I remove whitespace from the end of a string in Python?,"remove white spaces from the end of string ""    xyz     ""","""""""    xyz     """""".rstrip()",593,6,8,0,0,15,0,54,0
2606976,How to replace empty string with zero in comma-separated string?,"split string `s` into a list of strings based on ',' then replace empty strings with zero",""""""","""""".join(x or '0' for x in s.split(','))",632,7,8,3,0,7,0,54,0
2783079,How do I convert a unicode to a string at the Python level?,convert a unicode 'Andr\xc3\xa9' to a string,""""""""""""".join(chr(ord(c)) for c in 'Andr\xc3\xa9').decode('utf8')",659,8,8,0,0,39,0,54,0
3506678,"In Django, how do I select 100 random records from the database?","in Django, select 100 random records from the database `Content.objects`",Content.objects.all().order_by('?')[:100],781,11,4,45,1,12,1,54,0
5625524,How to Close a program using python?,execute os command ''TASKKILL /F /IM firefox.exe'',os.system('TASKKILL /F /IM firefox.exe'),1085,19,4,19,1,46,1,54,0
6886493,Get all object attributes,Get all object attributes of an object,dir(),1183,21,4,36,1,12,1,54,0
7371935,Sort a string in lexicographic order python,"get a sorted list of the characters of string `s` in lexicographic order, with lowercase letters first","sorted(s, key=str.lower)",1230,22,0,50,0,16,0,54,0
7934620,python: dots in the name of variable in a format string,python: dots in the name of variable in a format string,"""""""Name: {0[person.name]}"""""".format({'person.name': 'Joe'})",1268,23,8,0,0,34,0,54,0
8217613,How to get data from command line from within a Python program?,"get the output of a subprocess command `echo ""foo""` in command line","subprocess.check_output('echo ""foo""', shell=True)",1301,24,9,33,1,23,0,54,0
8908287,Base64 encoding in Python 3,encode a string `data to be encoded` to `ascii` encoding,encoded = 'data to be encoded'.encode('ascii'),1370,26,8,0,0,23,0,54,0
9849192,sorting values of python dict using sorted builtin function,reverse sort items in dictionary `mydict` by value,"sorted(iter(mydict.items()), key=itemgetter(1), reverse=True)",1453,28,1,7,0,49,0,54,0
11336548,Django - taking values from POST request,"django get the value of key 'title' from POST request `request` if exists, else return empty string ''","request.POST.get('title', '')",1563,31,4,20,1,45,1,54,0
11837979,Removing white space around a saved image in matplotlib,remove white space padding around a saved image `test.png` in matplotlib,"plt.savefig('test.png', bbox_inches='tight')",1611,32,4,40,1,27,1,54,0
15411107,Delete a dictionary item if the key exists,"Delete an item with key ""key"" from `mydict`","mydict.pop('key', None)",1923,40,1,7,0,6,0,54,0
16658068,How to use Unicode characters in a python string,print a character that has unicode value `\u25b2`,print('\u25b2'.encode('utf-8')),1996,42,5,55,0,54,0,54,0
17117912,Python Accessing Values in A List of Dictionaries,create a list of tuples with the values of keys 'Name' and 'Age' from each dictionary `d` in the list `thisismylist`,"[(d['Name'], d['Age']) for d in thisismylist]",2032,43,1,37,0,33,0,54,0
17618981,How to sort pandas data frame using values from several columns?,sort pandas data frame `df` using values from columns `c1` and `c2` in ascending order,"df.sort(['c1', 'c2'], ascending=[True, True])",2072,44,3,28,0,32,0,54,0
18367007,Python how to write to a binary file?,write `newFileBytes` to a binary file `newFile`,"newFile.write(struct.pack('5B', *newFileBytes))",2125,45,9,39,1,55,0,54,0
18695605,python pandas dataframe to dictionary,"convert pandas dataframe `df` with fields 'id', 'value' to dictionary",df.set_index('id')['value'].to_dict(),2154,46,3,28,0,55,0,54,0
19156472,Sorting numpy array on multiple columns in Python,"Sort a structured numpy array 'df' on multiple columns 'year', 'month' and 'day'.","df.sort(['year', 'month', 'day'])",2184,47,3,6,0,39,0,54,0
19601086,Click a href button with selenium and python?,click a href button 'Send' with selenium,driver.find_element_by_partial_link_text('Send').click(),2207,47,4,11,1,11,1,54,0
20986631,How can I scroll a web page using selenium webdriver in python?,scroll to the bottom of a web page using selenium webdriver,"driver.execute_script('window.scrollTo(0, Y)')",2291,50,4,27,1,10,1,54,0
22397058,Dropping a single (sub-) column from a MultiIndex,"dropping all columns named 'a' from a multiindex 'df', across all level.","df.drop('a', level=1, axis=1)",2352,51,3,38,0,63,0,54,0
23855976,Middle point of each pair of an numpy.array,get an array of the mean of each two consecutive values in numpy array `x`,x[:-1] + (x[1:] - x[:-1]) / 2,2390,52,6,4,0,53,0,54,0
26097916,"python, best way to convert a pandas series into a pandas dataframe",convert a pandas series `sf` into a pandas dataframe `df` with columns `email` and `list`,"pd.DataFrame({'email': sf.index, 'list': sf.values})",2437,53,3,12,0,52,0,54,0
28253102,Python 3: Multiply a vector by a matrix without NumPy,"Get the dot product of matrix `[1,0,0,1,0,0]` and matrix `[[0,1],[1,1],[1,0],[1,0],[1,1],[0,1]]`","np.dot([1, 0, 0, 1, 0, 0], [[0, 1], [1, 1], [1, 0], [1, 0], [1, 1], [0, 1]])",2487,55,6,33,0,51,0,54,0
29035168,How to use a dot in Python format strings?,Print a dictionary `{'user': {'name': 'Markus'}}` with string formatting,"""""""Hello {user[name]}"""""".format(**{'user': {'name': 'Markus'}})",2507,55,1,4,0,33,0,54,0
33065588,How to execute a command in the terminal from a Python script?,execute a command `command ` in the terminal from a python script,os.system(command),2641,59,4,54,1,25,1,54,0
33680914,Grouping dataframes in pandas?,Return values for column `C` after group by on column `A` and `B` in dataframe `df`,"df.groupby(['A', 'B'])['C'].unique()",2648,59,3,11,0,16,0,54,0
34148637,Sorting JSON in python by a specific value,sort json `ips_data` by a key 'data_two',"sorted_list_of_keyvalues = sorted(list(ips_data.items()), key=item[1]['data_two'])",2656,59,1,26,0,64,0,54,0
36518800,Sort a list in python based on another sorted list,sort a list `unsorted_list` based on another sorted list `presorted_list`,"sorted(unsorted_list, key=presorted_list.index)",2712,60,7,57,1,50,0,54,0
38147447,How to remove square bracket from pandas dataframe,remove square bracket '[]' from pandas dataframe `df` column 'value',df['value'] = df['value'].str.strip('[]'),2735,61,3,62,0,34,0,54,0
40582103,using regular expression to split string in python,use regex pattern '((.+?)\\2+)' to split string '44442(2)2(2)44',[m[0] for m in re.compile('((.+?)\\2+)').findall('44442(2)2(2)44')],2807,63,8,0,0,44,0,54,0
40851413,MITM proxy over SSL hangs on wrap_socket with client,send data 'HTTP/1.0 200 OK\r\n\r\n' to socket `connection`,connection.send('HTTP/1.0 200 OK\r\n\r\n'),2816,63,4,23,1,10,1,54,0
