question_id,intent,rewritten_intent,snippet,idx,time_batch,cluster,gradual_batch,gradual_new,recurring_batch,rec_new,sudden_batch,sudden_new
72899,How do I sort a list of dictionaries by values of the dictionary in Python?,Sort a list of dictionaries `list_to_be_sorted` by the value of the dictionary key `name`,"newlist = sorted(list_to_be_sorted, key=lambda k: k['name'])",41,0,1,39,0,39,0,36,0
209513,Convert hex string to int,Convert hex string `hexString` to int,"int(hexString, 16)",93,0,5,24,0,20,0,36,0
317413,Get Element value with minidom with Python,get value of first child of xml node `name`,name[0].firstChild.nodeValue,142,0,4,17,1,26,1,36,0
518021,Getting the length of an array,Getting the length of `my_string`,len(my_string),226,0,8,0,0,29,0,36,0
613183,Sort a Python dictionary by value,Sort dictionary `d` by value in descending order,"sorted(d, key=d.get, reverse=True)",246,0,1,6,0,41,0,36,0
638360,Python - How to calculate equal parts of two dictionaries?,get set intersection between dictionaries `d1` and `d2`,"dict((x, set(y) & set(d1.get(x, ()))) for x, y in d2.items())",256,0,1,11,0,2,0,36,0
663171,substring a string,get a new string including the last two characters of string `x`,x[(-2):],270,0,8,0,0,56,0,36,0
674519,How can I convert a Python dictionary to a list of tuples?,convert a python dictionary `d` to a list of tuples,"[(v, k) for k, v in list(d.items())]",275,0,1,9,0,16,0,36,0
940822,"Regular expression syntax for ""match nothing""?",create a regular expression object with a pattern that will match nothing,re.compile('a^'),376,0,0,50,0,24,0,36,0
961632,Converting integer to string,convert `a` to string,str(a),383,1,8,0,0,32,0,36,0
3151146,Replace the single quote (') character from a string,"replace single quote character in string ""didn't"" with empty string ''","""""""didn't"""""".replace(""'"", '')",707,9,8,0,0,57,0,36,0
3252590,Python: Finding a (string) key in a dictionary that contains a substring,Find all the items from a dictionary `D` if the key contains the string `Light`,"[(k, v) for k, v in D.items() if 'Light' in k]",722,9,1,36,0,56,0,36,0
3431825,Generating an MD5 checksum of a file,Generate MD5 checksum of file in the path `full_path` in hashlib,"print(hashlib.md5(open(full_path, 'rb').read()).hexdigest())",762,10,9,62,1,3,0,36,0
3437059,string contains substring method,"check if string `s` contains ""is""","if (s.find('is') == (-1)):
    print(""No 'is' here!"")
else:
    print(""Found 'is' in the string."")",764,10,0,22,0,49,0,36,0
6243460,Python lambda function,lambda function that adds two operands,"lambda x, y: x + y",1128,20,4,30,1,10,1,36,0
6586310,Python: Convert list of key-value tuples into dictionary?,"convert list of key-value tuples `[('A', 1), ('B', 2), ('C', 3)]` into dictionary","dict([('A', 1), ('B', 2), ('C', 3)])",1160,21,1,36,0,19,0,36,0
7243750,Download file from web in Python 3,download the file from url `url` and save it under file `file_name`,"urllib.request.urlretrieve(url, file_name)",1206,22,9,25,1,34,0,36,0
7332841,Add single element to array in numpy,append the first element of array `a` to array `a`,"numpy.append(a, a[0])",1224,22,6,6,0,60,0,36,0
7670226,python/numpy: how to get 2D array column length?,get second array column length of array `a`,a.shape[1],1251,23,6,13,0,55,0,36,0
8993904,Python regex split case insensitive in 2.6,split string 'fooxyzbar' based on case-insensitive matching using string 'XYZ',"re.compile('XYZ', re.IGNORECASE).split('fooxyzbar')",1379,26,0,28,0,55,0,36,0
9224385,"In dictionary, converting the value from string to integer",convert values in dictionary `d` into integers,"{k: int(v) for k, v in d.items()}",1399,27,1,41,0,29,0,36,0
12030179,Issue sending email with python?,setup a smtp mail server to `smtp.gmail.com` with port `587`,"server = smtplib.SMTP('smtp.gmail.com', 587)",1623,32,4,51,1,28,1,36,0
15049182,Write value to hidden element with selenium python script,add one to the hidden web element with id 'XYZ' with selenium python script,"browser.execute_script(""document.getElementById('XYZ').value+='1'"")",1888,39,4,61,1,47,1,36,0
16233593,How to strip comma in Python string,replace comma in string `s` with empty string '',"s = s.replace(',', '')",1978,42,8,0,0,60,0,36,0
16374540,Efficient way to convert a list to dictionary,"Convert a list `['A:1', 'B:2', 'C:3', 'D:4']` to dictionary","dict(map(lambda s: s.split(':'), ['A:1', 'B:2', 'C:3', 'D:4']))",1985,42,1,16,0,31,0,36,0
16735786,How to generate unique equal hash for equal dictionaries?,generate unique equal hash for equal dictionaries `a` and `b`,hash(pformat(a)) == hash(pformat(b)),1999,42,1,3,0,41,0,36,0
17106819,Accessing Python dict values with the key start characters,get values from a dictionary `my_dict` whose key contains the string `Date`,"[v for k, v in list(my_dict.items()) if 'Date' in k]",2030,43,1,64,0,16,0,36,0
17277100,Python: slicing a multi-dimensional array,get a list `slice` of array slices of the first two rows and columns from array `arr`,"slice = [arr[i][0:2] for i in range(0, 2)]",2047,43,6,47,0,54,0,36,0
17960441,"in Numpy, how to zip two 2-D arrays?",zip two 2-d arrays `a` and `b`,"np.array(zip(a.ravel(), b.ravel()), dtype='i4,i4').reshape(a.shape)",2095,45,6,33,0,56,0,36,0
19328874,Python - read text file with weird utf-16 format,open a text file `data.txt` in io module with encoding `utf-16-le`,"file = io.open('data.txt', 'r', encoding='utf-16-le')",2190,47,9,56,1,60,0,36,0
20986631,How can I scroll a web page using selenium webdriver in python?,scroll a to the bottom of a web page using selenium webdriver,"driver.execute_script('window.scrollTo(0, document.body.scrollHeight);')",2292,50,4,58,1,10,1,36,0
23145240,Python: split elements of a list,split elements of a list `l` by '\t',[i.partition('\t')[-1] for i in l if '\t' in i],2371,52,7,63,1,53,0,36,0
24082784,pandas dataframe groupby datetime month,Group a pandas data frame by monthly frequenct `M` using groupby,df.groupby(pd.TimeGrouper(freq='M')),2400,52,3,35,0,32,0,36,0
24242433,"Python - how to convert a ""raw"" string into a normal string","decode string ""\\x89\\n"" into a normal string","""""""\\x89\\n"""""".decode('string_escape')",2404,52,8,0,0,54,0,36,0
29218750,What is the best way to remove a dictionary item by value in python?,remove items from dictionary `myDict` if the item's value `val` is equal to 42,"myDict = {key: val for key, val in list(myDict.items()) if val != 42}",2509,55,1,6,0,57,0,36,0
29218750,What is the best way to remove a dictionary item by value in python?,Remove all items from a dictionary `myDict` whose values are `42`,"{key: val for key, val in list(myDict.items()) if val != 42}",2510,55,1,64,0,15,0,36,0
32063985,Deleting a div with a particlular class using BeautifulSoup,remove a div with a id `main-content` using beautifulsoup,"soup.find('div', id='main-content').decompose()",2614,58,4,43,1,10,1,36,0
35414625,pandas: how to run a pivot with a multi-index?,run a pivot with a multi-index `year` and `month` in a pandas data frame,"df.pivot_table(values='value', index=['year', 'month'], columns='item')",2693,60,3,37,0,13,0,36,0
40903174,Sorting data in DataFrame Pandas,Sorting data in DataFrame Pandas,"df.sort_values(['System_num', 'Dis'])",2818,63,3,4,0,35,0,36,0
