question_id,intent,rewritten_intent,snippet,idx,time_batch,cluster,gradual_batch,gradual_new,recurring_batch,rec_new,sudden_batch,sudden_new
89228,Calling an external command,"Calling an external command ""some_command with args""",os.system('some_command with args'),58,0,9,27,1,18,0,59,0
247770,Retrieving python module path,get the path of module `a_module`,print(a_module.__file__),109,0,9,29,1,16,0,59,0
273192,check if a directory exists and create it if necessary,check if directory `directory ` exists and create it if necessary,"if (not os.path.exists(directory)):
    os.makedirs(directory)",116,0,9,27,1,15,0,59,0
364519,iterate over a dictionary in sorted order,iterate over a dictionary `dict` in sorted order,return sorted(dict.items()),157,0,1,2,0,56,0,59,0
444591,convert a string of bytes into an int (python),convert string of bytes `y\xcc\xa6\xbb` into an int,"struct.unpack('<L', 'y\xcc\xa6\xbb')[0]",198,0,5,20,0,38,0,59,0
455612,Limiting floats to two decimal points,print float `a` with two decimal points,print(('{0:.2f}'.format(a))),205,0,5,44,0,37,0,59,0
687295,How do I do a not equal in Django queryset filtering?,Filter model 'Entry' where 'id' is not equal to 3 in Django,Entry.objects.filter(~Q(id=3)),290,0,4,40,1,45,1,59,0
761804,Trimming a string,"Trimming a string ""Bob has a cat""",'Bob has a cat'.strip(),311,0,8,0,0,39,0,59,0
1024847,Add key to a dictionary,"Add key ""mynewkey"" to dictionary `d` with value ""mynewvalue""",d['mynewkey'] = 'mynewvalue',401,1,1,7,0,62,0,59,0
3945856,Converting string to tuple and adding to tuple,"converting string '(1,2,3,4)' to a tuple","ast.literal_eval('(1,2,3,4)')",856,13,5,42,0,42,0,59,0
4433017,Shortest way to convert these bytes to int in python?,convert bytes string `s`  to an unsigned integer,"struct.unpack('>q', s)[0]",930,15,5,9,0,56,0,59,0
5749195,How can I split and parse a string in Python?,How can I split and parse a string in Python?,"""""""2.7.0_bf4fda703454"""""".split('_')",1087,19,8,0,0,30,0,59,0
6856119,Can I use an alias to execute a program from a python script,execute command 'source .bashrc; shopt -s expand_aliases; nuke -x scriptPath' from python script,os.system('source .bashrc; shopt -s expand_aliases; nuke -x scriptPath'),1180,21,9,15,1,44,0,59,0
8247792,Python - How to cut a string in Python?,cut a string using delimiter '&',s[:s.rfind('&')],1308,24,8,0,0,53,0,59,0
11416772,Find all words in a string that start with the $ sign in Python,find all words in a string `mystring` that start with the `$` sign,[word for word in mystring.split() if word.startswith('$')],1579,31,0,38,0,62,0,59,0
11840111,Divide the values of two dictionaries in python,divide the value for each key `k` in dict `d2` by the value for the same key `k` in dict `d1`,{k: (d2[k] / d1[k]) for k in list(d1.keys()) & d2},1614,32,1,40,0,2,0,59,0
12005558,Python - find digits in a string,get digits in string `my_string`,""""""""""""".join(c for c in my_string if c.isdigit())",1621,32,5,20,0,52,0,59,0
12201577,How can I convert an RGB image into grayscale in Python?,convert an rgb image 'messi5.jpg' into grayscale `img`,"img = cv2.imread('messi5.jpg', 0)",1628,33,4,33,1,45,1,59,0
12575421,Convert a 1D array to a 2D array in numpy,convert a 1d `A` array to a 2d array `B`,"B = np.reshape(A, (-1, 2))",1657,33,6,60,0,8,0,59,0
13042013,Adding url to mysql row in python,adding url `url` to mysql row,"cursor.execute('INSERT INTO index(url) VALUES(%s)', (url,))",1692,34,4,21,1,45,1,59,0
13411544,Delete column from pandas DataFrame,delete column 'column_name' from dataframe `df`,"df = df.drop('column_name', 1)",1741,35,3,39,0,23,0,59,0
14041791,print variable and a string in python,Print a string `card` with string formatting,print('I have: {0.price}'.format(card)),1798,37,8,0,0,50,0,59,0
15014276,Python: Sum values in a dictionary based on condition,sum values greater than 0 in dictionary `d`,sum(v for v in list(d.values()) if v > 0),1885,39,1,34,0,59,0,59,0
15313250,Python BeautifulSoup Extract specific URLs,find all anchor tags in html `soup` whose url begins with `http://www.iwashere.com`,"soup.find_all('a', href=re.compile('http://www\\.iwashere\\.com/'))",1912,40,4,37,1,26,1,59,0
16127862,"in Python, how to convert list of float numbers to string with certain format?",convert list of sublists `lst` of floats to a list of sublists `str_list` of strings of integers in scientific notation with 8 decimal points,str_list = [['{0:.8e}'.format(flt) for flt in sublist] for sublist in lst],1968,41,5,21,0,32,0,59,0
19585280,Convert a row in pandas into list,convert rows in pandas data frame `df` into list,"df.apply(lambda x: x.tolist(), axis=1)",2205,47,3,6,0,56,0,59,0
19664253,selenium how to get the content of href within some targeted class,get the content of child tag with`href` attribute whose parent has css `someclass`,self.driver.find_element_by_css_selector('.someclass a').get_attribute('href'),2216,48,4,49,1,27,1,59,0
20774910,How can I convert a unicode string into string literals in Python 2.7?,convert unicode string `s` into string literals,print(s.encode('unicode_escape')),2279,49,8,0,0,5,0,59,0
21317384,Pandas/Python: How to concatenate two dataframes without duplicates?,concatenate dataframe `df1` with `df2` whilst removing duplicates,"pandas.concat([df1, df2]).drop_duplicates().reset_index(drop=True)",2303,50,3,30,0,59,0,59,0
22128218,Pandas how to apply multiple functions to dataframe,apply functions `mean` and `std` to each column in dataframe `df`,"df.groupby(lambda idx: 0).agg(['mean', 'std'])",2340,51,3,33,0,49,0,59,0
22904654,How to save Xlsxwriter file in certain path?,save xlsxwriter file to 'C:/Users/Steven/Documents/demo.xlsx' path,workbook = xlsxwriter.Workbook('C:/Users/Steven/Documents/demo.xlsx'),2367,51,9,63,1,35,0,59,0
28986489,Python Pandas: How to replace a characters in a column of a dataframe?,Python Pandas: How to replace a characters in a column of a dataframe?,"df['range'].replace(',', '-', inplace=True)",2505,55,3,14,0,57,0,59,0
29370211,pandas split string into columns,"pandas split strings in column 'stats' by ',' into columns in dataframe `df`","df['stats'].str[1:-1].str.split(',', expand=True).astype(float)",2516,55,3,9,0,61,0,59,0
29565452,Averaging the values in a dictionary based on the key,get the average of a list values for each key in dictionary `d`),"[(i, sum(j) / len(j)) for i, j in list(d.items())]",2525,56,1,12,0,13,0,59,0
31267493,Remove list of indices from a list in Python,remove elements from list `centroids` the indexes of which are in array `index`,"[element for i, element in enumerate(centroids) if i not in index]",2578,57,6,33,0,4,0,59,0
32926587,How to capture the entire string while using 'lookaround' with chars in regex?,find all substrings in string `mystring` composed only of letters `a` and `b` where each `a` is directly preceded and succeeded by `b`,"re.findall('\\b(?:b+a)+b+\\b', mystring)",2636,58,0,58,0,6,0,59,0
33711985,Flattening a list of NumPy arrays?,concatenate a list of numpy arrays `input_list` together into a flattened list of values,np.concatenate(input_list).ravel().tolist(),2649,59,6,13,0,49,0,59,0
33724111,Python RegEx using re.sub with multiple patterns,remove colon character surrounded by vowels letters in string `word`,"word = re.sub('([aeiou]):(([aeiou][^aeiou]*){3})$', '\\1\\2', word)",2650,59,8,0,0,48,0,59,0
40517350,How to sum the nlargest() integers in groupby,sum the 3 largest integers in groupby by 'STNAME' and 'COUNTY_POP',df.groupby('STNAME')['COUNTY_POP'].agg(lambda x: x.nlargest(3).sum()),2804,63,3,13,0,16,0,59,0
