question_id,intent,rewritten_intent,snippet,idx,time_batch,cluster,gradual_batch,gradual_new,recurring_batch,rec_new,sudden_batch,sudden_new
72899,How do I sort a list of dictionaries by values of the dictionary in Python?,How do I sort a list of dictionaries by values of the dictionary in Python?,list_of_dicts.sort(key=operator.itemgetter('name')),42,0,1,64,0,41,0,40,0
89228,Calling an external command,"Calling an external command ""some_command with args""",stream = os.popen('some_command with args'),61,0,9,12,1,64,0,40,0
493386,print in Python without newline or space,"print ""."" without newline",sys.stdout.write('.'),210,0,8,0,0,13,0,40,0
508657,Multidimensional array in Python,Create multidimensional array `matrix` with 3 rows and 2 columns in python,"matrix = [[a, b], [c, d], [e, f]]",212,0,6,7,0,57,0,40,0
521502,How to get the concrete class name as a string?,How to get the concrete class name as a string?,instance.__class__.__name__,227,0,4,58,1,12,1,40,0
663171,reversing a string,reverse a string `some_string`,some_string[::(-1)],267,0,8,0,0,32,0,40,0
674764,string find,find the index of sub string 'g' in string `str`,str.find('g'),286,0,0,15,0,16,0,40,0
1303243,find out if a Python object is a string,check if object `obj` is a string,"isinstance(obj, str)",441,2,0,24,0,2,0,40,0
1810743,How to set the current working directory in Python?,set the current working directory to 'c:\\Users\\uname\\desktop\\python',os.chdir('c:\\Users\\uname\\desktop\\python'),509,4,4,28,1,10,1,40,0
2375335,"In Django, how do I clear a sessionkey?",clear session key 'mykey',del request.session['mykey'],594,6,4,54,1,47,1,40,0
3207219,list all files of a directory,list all files of a directory `mypath`,"onlyfiles = [f for f in listdir(mypath) if isfile(join(mypath, f))]",717,9,9,43,1,7,0,40,0
3457673,"Elegant way to create a dictionary of pairs, from a list of tuples?",create a dictionary of pairs from a list of tuples `myListOfTuples`,dict(x[1:] for x in reversed(myListOfTuples)),767,10,1,15,0,64,0,40,0
4357787,python reverse tokens in a string,"Reverse the order of words, delimited by `.`, in string `s`","""""""."""""".join(s.split('.')[::-1])",922,14,8,0,0,64,0,40,0
4574509,Remove duplicate chars using regex?,remove duplicate characters from string 'ffffffbbbbbbbqqq',"re.sub('([a-z])\\1+', '\\1', 'ffffffbbbbbbbqqq')",947,15,8,0,0,18,0,40,0
4906977,Access environment variables,"get value of environment variable ""HOME""",os.environ['HOME'],1007,17,4,33,1,27,1,40,0
6416131,add new item to dictionary,"add key ""item3"" and value ""3"" to dictionary `default_data `","default_data.update({'item3': 3, })",1144,20,1,12,0,17,0,40,0
8199398,Extracting only characters from a string in Python,extract only alphabetic characters from a string `your string`,""""""" """""".join(re.split('[^a-zA-Z]*', 'your string'))",1295,24,0,2,0,4,0,40,0
9079540,"how to get around ""Single '}' encountered in format string"" when using .format and formatting in printing","Escape character '}' in string '{0}:<15}}{1}:<15}}{2}:<8}}' while using function `format` with arguments `('1', '2', '3')`","print('{0}:<15}}{1}:<15}}{2}:<8}}'.format('1', '2', '3'))",1388,26,8,0,0,4,0,40,0
11040626,Pandas DataFrame Add column to index without resetting,add column `d` to index of dataframe `df`,"df.set_index(['d'], append=True)",1542,30,3,16,0,44,0,40,0
11709079,Parsing HTML,Parsing HTML string `html` using BeautifulSoup,"parsed_html = BeautifulSoup(html)
print(parsed_html.body.find('div', attrs={'class': 'container', }).text)",1599,32,4,19,1,27,1,40,0
11801309,loop over files,loop over files in directory '.',"for fn in os.listdir('.'):
    if os.path.isfile(fn):
        pass",1605,32,9,50,1,59,0,40,0
12557612,Calling a parent class constructor from a child class in python,call parent class `Instructor` of child class constructor,"super(Instructor, self).__init__(name, year)",1655,33,4,13,1,27,1,40,0
12572362,Get a string after a specific substring,"print a string after a specific substring ', ' in string `my_string `","print(my_string.split(', ', 1)[1])",1656,33,0,28,0,4,0,40,0
12883376,Remove the first word in a Python string?,remove first word in string `s`,"s.split(' ', 1)[1]",1683,34,8,0,0,1,0,40,0
13142347,How to remove leading and trailing zeros in a string? Python,remove leading and trailing zeros in the string 'your_Strip',your_string.strip('0'),1704,34,8,0,0,53,0,40,0
14227561,Find a value within nested json dictionary in python,find a value within nested json 'data' where the key inside another key 'B' is unknown.,list(data['A']['B'].values())[0]['maindata'][0]['Info'],1815,37,1,34,0,52,0,40,0
14931769,get all combination of n binary value,get all combination of n binary values,"lst = map(list, itertools.product([0, 1], repeat=n))",1874,39,7,60,1,37,0,40,0
15352457,How can I sum a column of a list?,sum columns of a list `array`,[sum(row[i] for row in array) for i in range(len(array[0]))],1917,40,6,29,0,31,0,40,0
21022865,Pandas: Elementwise multiplication of two dataframes,create a dataframe containing the multiplication of element-wise in dataframe `df` and dataframe `df2` using index name and column labels of dataframe `df`,"pd.DataFrame(df.values * df2.values, columns=df.columns, index=df.index)",2294,50,3,7,0,20,0,40,0
21360028,NumPy List Comprehension Syntax,Get a list comprehension in list of lists `X`,[[X[i][j] for j in range(len(X[i]))] for i in range(len(X))],2306,50,7,58,1,41,0,40,0
22187233,How to delete all instances of a character in a string in python?,delete all instances of a character 'i' in a string 'it is icy',"re.sub('i', '', 'it is icy')",2343,51,8,0,0,60,0,40,0
30693804,Python: trying to lower a string and remove non-alphanumeric characters aside from space,remove all non-alphanumeric characters except space from a string `text` and lower it,"re.sub('(?!\\s)[\\W_]', '', text).lower().strip()",2561,56,8,0,0,14,0,40,0
30843103,How to get the index of an integer from a list if the list contains a boolean?,get the index of an integer `1` from a list `lst` if the list also contains boolean items,"next(i for i, x in enumerate(lst) if not isinstance(x, bool) and x == 1)",2568,57,7,61,1,24,0,40,0
32191029,Getting the indices of several elements in a NumPy array at once,Get the indices in array `b` of each element appearing in array `a`,"np.in1d(b, a).nonzero()[0]",2615,58,6,15,0,24,0,40,0
32792874,"Searching if the values on a list is in the dictionary whose format is key-string, value-list(strings)",get list of keys in dictionary `my_dict` whose values contain values from list `lst`,"[key for item in lst for key, value in list(my_dict.items()) if item in value]",2632,58,1,6,0,50,0,40,0
38831808,Reading hex to double-precision float python,unpack the binary data represented by the hexadecimal string '4081637ef7d0424a' to a float,"struct.unpack('d', binascii.unhexlify('4081637ef7d0424a'))",2749,61,5,48,0,56,0,40,0
39607540,Count the number of Occurrence of Values based on another column,get the count of each unique value in column `Country` of dataframe `df` and store in column `Sum of Accidents`,df.Country.value_counts().reset_index(name='Sum of Accidents'),2771,62,3,11,0,9,0,40,0
41807864,Regex matching 5-digit substrings not enclosed with digits,regex matching 5-digit substrings not enclosed with digits in `s`,"re.findall('(?<!\\d)\\d{5}(?!\\d)', s)",2845,64,0,7,0,49,0,40,0
42548362,Python. Convert escaped utf string to utf-string,Convert escaped utf string to utf string in `your string`,print('your string'.decode('string_escape')),2875,65,8,0,0,62,0,40,0
