question_id,intent,rewritten_intent,snippet,idx,time_batch,cluster,gradual_batch,gradual_new,recurring_batch,rec_new,sudden_batch,sudden_new
89228,Calling an external command,"Calling an external command ""echo Hello World""","print(subprocess.Popen('echo Hello World', shell=True, stdout=subprocess.PIPE).stdout.read())",62,0,9,27,1,38,0,38,0
613183,Sort a Python dictionary by value,Sort dictionary `dict1` by value in ascending order,"sorted(dict1, key=dict1.get)",247,0,1,40,0,37,0,38,0
627435,remove an element from a list by index,remove the last element in list `a`,del a[(-1)],250,0,7,34,1,58,0,38,0
674509,"How do I iterate over a Python dictionary, ordered by values?",sort dictionary `dictionary` in ascending order by its values,"sorted(list(dictionary.items()), key=operator.itemgetter(1))",272,0,1,10,0,30,0,38,0
930865,how to sort by a computed value in django,sort objects in model `Profile` based on Theirs `reputation` attribute,"sorted(Profile.objects.all(), key=lambda p: p.reputation)",366,0,4,34,1,45,1,38,0
1064335,"In Python 2.5, how do I kill a subprocess?",kill a process with id `process.pid`,"os.kill(process.pid, signal.SIGKILL)",411,1,4,20,1,11,1,38,0
1731346,How to get two random records with Django,get two random records from model 'MyModel' in Django,MyModel.objects.order_by('?')[:2],495,3,4,18,1,10,1,38,0
2052390,Manually raising (throwing) an exception,"throw a value error with message 'A very specific bad thing happened', 'foo', 'bar', 'baz'",raise ValueError('A very specific bad thing happened'),545,5,4,28,1,45,1,38,0
2354166,How do you modify sys.path in Google App Engine (Python)?,modify sys.path for python module `subdir`,"sys.path.append(os.path.join(os.path.dirname(__file__), 'subdir'))",592,6,9,38,1,14,0,38,0
2917372,How to search a list of tuples in Python,get the indices of tuples in list of tuples `L` where the first value is 53,"[i for i, v in enumerate(L) if v[0] == 53]",681,8,7,40,1,29,0,38,0
3296499,Case insensitive dictionary search with Python,convert keys in dictionary `thedict` into case insensitive,theset = set(k.lower() for k in thedict),744,10,1,3,0,16,0,38,0
3365673,How to throw an error window in Python in Windows,throw an error window in python in windows,"ctypes.windll.user32.MessageBoxW(0, 'Error', 'Error', 0)",751,10,4,52,1,25,1,38,0
4143502,How to do a scatter plot with empty circles in Python?,do a scatter plot with empty circles,"plt.plot(np.random.randn(100), np.random.randn(100), 'o', mfc='none')",886,14,4,18,1,28,1,38,0
4576115,Convert a list to a dictionary in Python,"convert a list 'a' to a dictionary where each even element represents the key to the dictionary, and the following odd element is the value","b = {a[i]: a[i + 1] for i in range(0, len(a), 2)}",948,15,1,8,0,58,0,38,0
4906977,Access environment variables,get all environment variables,os.environ,1010,17,4,51,1,11,1,38,0
5501641,How to create a list with the characters of a string?,create a list with the characters of a string `5+6`,list('5+6'),1071,18,5,1,0,34,0,38,0
5838735,Open file in Python,open file `path` with mode 'r',"open(path, 'r')",1094,19,9,47,1,13,0,38,0
7371935,Sort a string in lexicographic order python,sort string `s` in lexicographic order,"sorted(sorted(s), key=str.upper)",1231,22,0,11,0,32,0,38,0
7503241,django models selecting single field,django return a QuerySet list containing the values of field 'eng_name' in model `Employees`,"Employees.objects.values_list('eng_name', flat=True)",1238,23,4,46,1,26,1,38,0
7961363,Removing duplicates in lists,Removing duplicates in list `abracadabra`,list(OrderedDict.fromkeys('abracadabra')),1272,23,7,34,1,14,0,38,0
8199398,Extracting only characters from a string in Python,Extract only characters from a string as a list,"re.split('[^a-zA-Z]*', 'your string')",1296,24,0,37,0,48,0,38,0
8305518,switching keys and values in a dictionary in python,switch keys and values in a dictionary `my_dict`,"dict((v, k) for k, v in my_dict.items())",1317,25,1,19,0,57,0,38,0
9573244,Most elegant way to check if the string is empty,check if string `some_string` is empty,"if (not some_string):
    pass",1429,27,0,56,0,20,0,38,0
10675054,How to import a module in Python with importlib.import_module,import a nested module `c.py` within `b` within `a` with importlib,"importlib.import_module('.c', 'a.b')",1517,30,4,17,1,47,1,38,0
10675054,How to import a module in Python with importlib.import_module,import a module 'a.b.c' with importlib.import_module in python 2,importlib.import_module('a.b.c'),1518,30,4,26,1,26,1,38,0
11692613,Python - sum values in dictionary,sum values in list of dictionaries `example_list` with key 'gold',sum(item['gold'] for item in example_list),1594,32,1,5,0,59,0,38,0
11924135,How to use Beautiful Soup to find a tag with changing id?,BeautifulSoup find a tag whose id ends with string 'para',soup.findAll(id=re.compile('para$')),1617,32,4,32,1,11,1,38,0
13740672,in pandas how can I groupby weekday() for a datetime column?,create a new column `weekday` in pandas data frame `data` based on the values in column `my_dt`,data['weekday'] = data['my_dt'].apply(lambda x: x.weekday()),1773,36,3,27,0,58,0,38,0
14306852,How do I modify the width of a TextCtrl in wxPython?,modify the width of a text control as `300` keeping default height in wxpython,"wx.TextCtrl(self, -1, size=(300, -1))",1824,38,4,40,1,27,1,38,0
14853243,Parsing XML with namespace in Python via 'ElementTree',find all `owl:Class` tags by parsing xml with namespace,root.findall('{http://www.w3.org/2002/07/owl#}Class'),1867,39,4,53,1,48,1,38,0
16412563,Python: sorting dictionary of dictionaries,sort dictionary of dictionaries `dic` according to the key 'Fisher',"sorted(list(dic.items()), key=lambda x: x[1]['Fisher'], reverse=True)",1989,42,1,31,0,35,0,38,0
17679089,Pandas DataFrame Groupby two columns and get counts,get count of rows in each series grouped by column 'col5' and column 'col2' of dataframe `df`,"df.groupby(['col5', 'col2']).size().groupby(level=1).max()",2075,44,3,35,0,7,0,38,0
22882922,Splitting a string with repeated characters into a list using regex,split a string `s` with into all strings of repeated characters,"[m.group(0) for m in re.finditer('(\\d)\\1*', s)]",2366,51,8,0,0,18,0,38,0
23931444,Selenium open pop up window [Python],"Selenium `driver` click a hyperlink with the pattern ""a[href^='javascript']""","driver.find_element_by_css_selector(""a[href^='javascript']"").click()",2396,52,4,44,1,10,1,38,0
28664103,How to transform a time series pandas dataframe using the index attributes?,transform time series `df` into a pivot table aggregated by column 'Close' using column `df.index.date` as index and values of column `df.index.time` as columns,"pd.pivot_table(df, index=df.index.date, columns=df.index.time, values='Close')",2493,55,3,2,0,57,0,38,0
29360607,How does this function to remove duplicate characters from a string in python work?,Create new string with unique characters from `s` seperated by ' ',print(' '.join(OrderedDict.fromkeys(s))),2513,55,8,0,0,37,0,38,0
36661837,How to retrieve only arabic texts from a string using regular expression?,retrieve arabic texts from string `my_string`,"print(re.findall('[\\u0600-\\u06FF]+', my_string))",2715,60,0,60,0,22,0,38,0
38273353,How to repeat individual characters in strings in Python,repeat every character for 7 times in string 'map',""""""""""""".join(map(lambda x: x * 7, 'map'))",2739,61,8,0,0,35,0,38,0
39187788,Find rows with non zero values in a subset of columns in pandas dataframe,find rows with non zero values in a subset of columns where `df.dtypes` is not equal to `object` in pandas dataframe,"df.loc[(df.loc[:, (df.dtypes != object)] != 0).any(1)]",2754,61,3,47,0,30,0,38,0
