question_id,intent,rewritten_intent,snippet,idx,time_batch,cluster,gradual_batch,gradual_new,recurring_batch,rec_new,sudden_batch,sudden_new
1476,express binary literals,convert binary string '01010101111' to integer,"int('01010101111', 2)",4,0,5,51,0,51,0,51,0
1854,What OS am I running on,get the name of the OS,print(os.name),8,0,4,51,1,45,1,51,0
22676,download a file over HTTP,download a file 'http://www.example.com/' over HTTP,"response = urllib.request.urlopen('http://www.example.com/')
html = response.read()",17,0,9,62,1,57,0,51,0
977491,Comparing two .txt files using difflib in Python,compare contents  at filehandles `file1` and `file2` using difflib,"difflib.SequenceMatcher(None, file1.read(), file2.read())",391,1,9,49,1,24,0,51,0
983855,Python JSON encoding,Python JSON encoding,"json.dumps({'apple': 'cat', 'banana': 'dog', 'pear': 'fish'})",393,1,4,38,1,25,1,51,0
1031851,Python: Best Way to Exchange Keys with Values in a Dictionary?,swap keys with values in a dictionary `a`,"res = dict((v, k) for k, v in a.items())",404,1,1,13,0,23,0,51,0
1185524,trim whitespace,trim whitespace in string `s`,s.strip(),421,2,8,0,0,17,0,51,0
1186789,call a Python script from another Python script,"call a Python script ""test2.py""","exec(compile(open('test2.py').read(), 'test2.py', 'exec'))",426,2,4,34,1,25,1,51,0
1249388,Removing all non-numeric characters from string in Python,remove all non-numeric characters from string `sdkjh987978asd098as0980a98sd `,"re.sub('[^0-9]', '', 'sdkjh987978asd098as0980a98sd')",435,2,8,0,0,50,0,51,0
1270951,Python - how to refer to relative paths of resources when working with code repository,get a relative path of file 'my_file' into variable `fn`,"fn = os.path.join(os.path.dirname(__file__), 'my_file')",438,2,9,45,1,49,0,51,0
2527892,Parsing a tweet to extract hashtags into an array in Python,pars a string 'http://example.org/#comments' to extract hashtags into an array,"re.findall('#(\\w+)', 'http://example.org/#comments')",610,6,0,12,0,1,0,51,0
3518778,read csv into record array in numpy,read csv file 'myfile.csv' into array,"np.genfromtxt('myfile.csv', delimiter=',')",783,11,6,19,0,2,0,51,0
4182603,python: how to convert a string to utf-8,decode the string 'stringnamehere'  to UTF-8,"stringnamehere.decode('utf-8', 'ignore')",896,14,8,0,0,5,0,51,0
4906977,Access environment variables,"Access environment variable ""HOME""",os.environ['HOME'],1009,17,4,38,1,12,1,51,0
4928526,"python, format string","python, format string ""{} %s {}"" to have 'foo' and 'bar' in the first and second positions","""""""{} %s {}"""""".format('foo', 'bar')",1019,17,8,0,0,29,0,51,0
5503925,How do I use a dictionary to update fields in Django models?,update fields in Django model `Book` with arguments in dictionary `d` where primary key is equal to `pk`,Book.objects.filter(pk=pk).update(**d),1072,18,1,47,0,51,0,51,0
6086047,Get output of python script from within python script,get output of script `proc`,print(proc.communicate()[0]),1120,20,4,50,1,28,1,51,0
6159900,write line to file,"write line ""hi there"" to file `f`","print('hi there', file=f)",1126,20,9,61,1,18,0,51,0
6714826,How can I determine the byte length of a utf-8 encoded string in Python?,Determine the byte length of a utf-8 encoded string `s`,return len(s.encode('utf-8')),1173,21,8,0,0,36,0,51,0
8247792,Python - How to cut a string in Python?,get all characters in string 'foobar' up to the fourth index,"""""""foobar""""""[:4]",1307,24,0,22,0,13,0,51,0
8249836,how to get all possible combination of items from 2-dimensional list in python?,get all possible combination of items from 2-dimensional list `a`,list(itertools.product(*a)),1309,24,7,46,1,1,0,51,0
10194713,Sorting a defaultdict by value in python,reverse sort dictionary `d` based on its values,"sorted(list(d.items()), key=lambda k_v: k_v[1], reverse=True)",1471,29,1,50,0,61,0,51,0
12655007,Python: elegant way of creating a list of tuples?,"zip list `a`, `b`, `c` into a list of tuples","[(x + tuple(y)) for x, y in zip(zip(a, b), c)]",1662,33,7,20,1,15,0,51,0
13279399,How to obtain values of request variables using Python and Flask,Flask get posted form data 'firstname',first_name = request.form.get('firstname'),1724,35,4,31,1,25,1,51,0
15405636,Python's argparse to show program's version with prog and version string formatting,argparse add argument with flag '--version' and version action of '%(prog)s 2.0' to parser `parser`,"parser.add_argument('--version', action='version', version='%(prog)s 2.0')",1920,40,4,41,1,27,1,51,0
18170459,How to check if a dictionary is in another dictionary in python,check if dictionary `L[0].f.items()` is in dictionary `a3.f.items()`,set(L[0].f.items()).issubset(set(a3.f.items())),2111,45,1,26,0,20,0,51,0
18461623,Average values in two Numpy arrays,Get the average values from two numpy arrays `old_set` and `new_set`,"np.mean(np.array([old_set, new_set]), axis=0)",2132,45,6,14,0,31,0,51,0
19328874,Python - read text file with weird utf-16 format,print line `line` from text file with 'utf-16-le' format,print(line.decode('utf-16-le').split()),2189,47,8,0,0,21,0,51,0
20078816,Replace non-ASCII characters with a single space,Replace non-ASCII characters in string `text` with a single space,"re.sub('[^\\x00-\\x7F]+', ' ', text)",2243,48,8,0,0,23,0,51,0
21887754,numpy concatenate two arrays vertically,numpy concatenate two arrays `a` and `b` along the first axis,"print(concatenate((a, b), axis=0))",2332,51,6,8,0,23,0,51,0
26727314,Multiple files for one argument in argparse Python 2.7,argparse associate zero or more arguments with flag 'file',"parser.add_argument('file', nargs='*')",2449,54,9,16,1,7,0,51,0
29881993,How can I access elements inside a list within a dictionary python?,"join together with "","" elements inside a list indexed with 'category' within a dictionary `trans`",""""""","""""".join(trans['category'])",2534,56,1,7,0,50,0,51,0
31465002,Python regex findall alternation behavior,"find all digits in string '6,7)' and put them to a list","re.findall('\\d|\\d,\\d\\)', '6,7)')",2584,57,5,25,0,7,0,51,0
31547657,How can I solve system of linear equations in SymPy?,"sympy solve matrix of linear equations `(([1, 1, 1, 1], [1, 1, 2, 3]))` with variables `(x, y, z)`","linsolve(Matrix(([1, 1, 1, 1], [1, 1, 2, 3])), (x, y, z))",2586,57,6,5,0,53,0,51,0
34158494,Variants of string concatenation?,"concatenate array of strings `['A', 'B', 'C', 'D']` into a string",""""""""""""".join(['A', 'B', 'C', 'D'])",2658,59,8,0,0,54,0,51,0
34338341,Regex for getting all digits in a string after a character,get all digits in a string `s` after a '[' character,"re.findall('\\d+(?=[^[]+$)', s)",2661,59,0,51,0,7,0,51,0
37934969,Creating a Pandas dataframe from elements of a dictionary,create a pandas dataframe `df` from elements of a dictionary `nvalues`,"df = pd.DataFrame.from_dict({k: v for k, v in list(nvalues.items()) if k != 'y3'})",2730,61,3,53,0,29,0,51,0
39804375,Python - Sort a list of dics by value of dict`s dict value,sort a list of dictionary `persons` according to the key `['passport']['birth_info']['date']`,"sorted(persons, key=lambda x: x['passport']['birth_info']['date'])",2774,62,1,23,0,8,0,51,0
41552839,How can I convert literal escape sequences in a string to the corresponding bytes?,"encode string ""\\xc3\\x85あ"" to bytes","""""""\\xc3\\x85あ"""""".encode('utf-8')",2840,64,8,0,0,53,0,51,0
