question_id,intent,rewritten_intent,snippet,idx,time_batch,cluster,gradual_batch,gradual_new,recurring_batch,rec_new,sudden_batch,sudden_new
163542,pass a string into subprocess.Popen,set the stdin of the process 'grep f' to be b'one\ntwo\nthree\nfour\nfive\nsix\n',"p = Popen(['grep', 'f'], stdout=PIPE, stdin=PIPE, stderr=STDOUT)
grep_stdout = p.communicate(input='one\ntwo\nthree\nfour\nfive\nsix\n')[0]",76,0,9,37,1,15,0,30,0
209513,Convert hex string to int,"Convert hex string ""0xa"" to integer","int('0xa', 16)",92,0,5,35,0,43,0,30,0
227459,"get the <a href=""http://en.wikipedia.org/wiki/ASCII"" rel=""nofollow noreferrer"">ASCII</a> value of a character as an int",get the ASCII value of a character as an int,ord(),97,0,5,42,0,22,0,30,0
300445,How to unquote a urlencoded unicode string in python?,unquote a urlencoded unicode string '%0a',urllib.parse.unquote('%0a'),133,0,8,29,0,63,0,30,0
356483,Python regex findall numbers and dots,python regex  to find all numbers and dots from 'text',"re.findall('Test([\\d.]*\\d+)', text)",153,0,0,25,0,64,0,30,0
587647,How to increment a value with leading zeroes?,increment a value with leading zeroes in a number `x`,str(int(x) + 1).zfill(len(x)),241,0,5,44,0,62,0,30,0
761804,Trimming a string,"left trimming ""\n\r"" from string `myString`",myString.lstrip('\n\r'),312,0,8,0,0,21,0,30,0
843277,check if a variable exists,check if a global variable `myVar` exists,('myVar' in globals()),337,0,4,30,1,26,1,30,0
902408,How to use variables in SQL statement in Python?,"Execute a sql statement using variables `var1`, `var2` and `var3`","cursor.execute('INSERT INTO table VALUES (%s, %s, %s)', (var1, var2, var3))",356,0,4,23,1,27,1,30,0
1027714,How to execute a file within the python interpreter?,execute file 'filename.py',"exec(compile(open('filename.py').read(), 'filename.py', 'exec'))",403,1,9,35,1,33,0,30,0
1546226,A simple way to remove multiple spaces in a string in Python,remove multiple spaces in a string `foo`,""""""" """""".join(foo.split())",470,3,8,0,0,34,0,30,0
2813806,How do you check the presence of many keys in a Python dictinary?,check if key 'stackoverflow' and key 'google' are presented in dictionary `sites`,"set(['stackoverflow', 'google']).issubset(sites)",670,8,1,4,0,8,0,30,0
3294889,Iterating over dictionaries using for loops,get keys and items of dictionary `d`,list(d.items()),739,10,1,64,0,30,0,30,0
3820312,Python: Write a list of tuples to a file,create a file 'filename' with each tuple in the list `mylist` written to a line,"open('filename', 'w').write('\n'.join('%s %s' % x for x in mylist))",820,12,9,51,1,32,0,30,0
4484690,How to filter a dictionary in Python?,Filter a dictionary `d` to remove keys with value 'None' and replace other values with 'updated',"dict((k, 'updated') for k, v in d.items() if v != 'None')",938,15,1,13,0,19,0,30,0
4618373,How do I use the HTMLUnit driver with Selenium from Python?,Load the url `http://www.google.com` in selenium webdriver `driver`,driver.get('http://www.google.com'),954,15,4,52,1,12,1,30,0
4642501,How to sort dictionaries by keys in Python,How to sort dictionaries by keys in Python,sorted(d.items()),960,15,1,4,0,41,0,30,0
6886493,Get all object attributes,Get all object attributes of object `obj`,print((obj.__dict__)),1184,21,4,34,1,11,1,30,0
7658932,Finding index of the same elements in a list,Get all indexes of a letter `e` from a string `word`,"[index for index, letter in enumerate(word) if letter == 'e']",1249,23,0,50,0,8,0,30,0
7732125,Clear text from textarea with selenium,clear text from textarea 'foo' with selenium,driver.find_element_by_id('foo').clear(),1253,23,4,37,1,27,1,30,0
7745260,Iterate through words of a file in Python,get a list of words `words` of a file 'myfile',words = open('myfile').read().split(),1257,23,9,25,1,50,0,30,0
9775297,Append a NumPy array to a NumPy array,append a numpy array 'b' to a numpy array 'a',"np.vstack((a, b))",1450,28,6,30,0,30,0,30,0
9880173,How to decode encodeURIComponent in GAE (python)?,decode encodeuricomponent in GAE,urllib.parse.unquote(h.path.encode('utf-8')).decode('utf-8'),1455,28,4,60,1,25,1,30,0
10562778,Replacing characters in a file,replace character 'a' with character 'e' and character 's' with character '3' in file `contents`,"newcontents = contents.replace('a', 'e').replace('s', '3')",1502,29,8,0,0,41,0,30,0
10960463,Non-ASCII characters in Matplotlib,set font `Arial` to display non-ascii characters in matplotlib,"matplotlib.rc('font', **{'sans-serif': 'Arial', 'family': 'sans-serif'})",1533,30,4,59,1,45,1,30,0
11269575,How to hide output of subprocess in Python 2.7,"hide output of subprocess `['espeak', text]`","subprocess.check_output(['espeak', text], stderr=subprocess.STDOUT)",1556,31,4,60,1,28,1,30,0
11430863,How to find overlapping matches with a regexp?,find overlapping matches from a string `hello` using regex,"re.findall('(?=(\\w\\w))', 'hello')",1580,31,0,20,0,60,0,30,0
13496087,Python: How to generate a 12-digit random number?,generate a random 12-digit number,""""""""""""".join(str(random.randint(0, 9)) for _ in range(12))",1753,36,5,61,0,34,0,30,0
13557937,How to convert decimal to binary list in python,convert decimal integer 8 to a list of its binary values as elements,[int(x) for x in list('{0:0b}'.format(8))],1757,36,5,32,0,15,0,30,0
13793321,Joining Table/DataFrames with common Column in Python,joining data from dataframe `df1` with data from dataframe `df2` based on matching values of column 'Date_Time' in both dataframes,"df1.merge(df2, on='Date_Time')",1776,36,3,62,0,20,0,30,0
16772071,sort dict by value python,sort dict `data` by value,"sorted(data, key=data.get)",2005,42,1,45,0,41,0,30,0
17057544,Python - Extract folder path from file path,extract folder path from file path,os.path.dirname(os.path.abspath(existGDBPath)),2022,43,9,35,1,7,0,30,0
17926273,How to count distinct values in a column of a pandas group by object?,How to count distinct values in a column of a pandas group by object?,"df.groupby(['col1', 'col2'])['col3'].nunique().reset_index()",2092,44,3,8,0,52,0,30,0
20796355,change current working directory in python,change current working directory,os.chdir('.\\chapter3'),2281,49,9,27,1,3,0,30,0
22187233,How to delete all instances of a character in a string in python?,delete all occurrences of character 'i' in string 'it is icy',""""""""""""".join([char for char in 'it is icy' if char != 'i'])",2344,51,8,0,0,9,0,30,0
27975069,How to filter rows containing a string pattern from a Pandas dataframe,filter rows containing key word `ball` in column `ids`,df[df['ids'].str.contains('ball')],2481,54,0,36,0,3,0,30,0
35561743,python comprehension loop for dictionary,count `True` values associated with key 'one' in dictionary `tadas`,sum(item['one'] for item in list(tadas.values())),2696,60,1,22,0,32,0,30,0
41946927,Getting pandas dataframe from list of nested dictionaries,create a pandas data frame from list of nested dictionaries `my_list`,"pd.concat([pd.DataFrame(l) for l in my_list], axis=1).T",2855,64,3,49,0,49,0,30,0
42364992,Python - Insert numbers in string between quotes,Enclose numbers in quotes in a string `This is number 1 and this is number 22`,"re.sub('(\\d+)', '""\\1""', 'This is number 1 and this is number 22')",2869,64,8,0,0,37,0,30,0
