question_id,intent,rewritten_intent,snippet,idx,time_batch,cluster,gradual_batch,gradual_new,recurring_batch,rec_new,sudden_batch,sudden_new
640001,How can I remove text within parentheses with a regex?,remove parentheses and text within it in string `filename`,"re.sub('\\([^)]*\\)', '', filename)",257,0,8,0,0,19,0,19,0
674509,"How do I iterate over a Python dictionary, ordered by values?","iterate over a python dictionary, ordered by values","sorted(list(dictionary.items()), key=lambda x: x[1])",271,0,1,41,0,33,0,19,0
755857,Default value for field in Django model,Django set default value of field `b` equal to '0000000',"b = models.CharField(max_length=7, default='0000000', editable=False)",310,0,4,45,1,12,1,19,0
764235,Dictionary to lowercase in Python,"Convert each key,value pair in a dictionary `{'My Key': 'My Value'}` to lowercase","dict((k.lower(), v.lower()) for k, v in {'My Key': 'My Value'}.items())",322,0,1,9,0,19,0,19,0
818949,How to convert strings numbers to integers in a list?,create list `changed_list ` containing elements of list `original_list` whilst converting strings containing digits to integers,changed_list = [(int(f) if f.isdigit() else f) for f in original_list],335,0,5,10,0,56,0,19,0
2052390,Manually raising (throwing) an exception,"throw an assertion error with message ""Unexpected value of 'distance'!"", distance","raise AssertionError(""Unexpected value of 'distance'!"", distance)",541,5,4,52,1,46,1,19,0
2397687,What's the easiest way to convert a list of hex byte strings to a list of hex integers?,"convert a list of hex byte strings `['BB', 'A7', 'F6', '9E']` to a list of hex integers","[int(x, 16) for x in ['BB', 'A7', 'F6', '9E']]",596,6,5,31,0,60,0,19,0
3090175,Python - Find the greatest number in a set of numbers,"Find the greatest number in set `(1, 2, 3)`","print(max(1, 2, 3))",702,9,7,18,1,19,0,19,0
3283984,Decode Hex String in Python 3,decode a hex string '4a4b4c' to UTF-8.,bytes.fromhex('4a4b4c').decode('utf-8'),734,10,8,0,0,21,0,19,0
3887469,python: how to convert currency to decimal?,convert currency string `dollars` to decimal `cents_int`,cents_int = int(round(float(dollars.strip('$')) * 100)),833,12,5,20,0,5,0,19,0
4789021,"In Django, how do I check if a user is in a certain group?","in django, check if a user is in a group 'Member'",return user.groups.filter(name='Member').exists(),987,16,4,39,1,27,1,19,0
5075247,Regular expression to remove line breaks,remove line breaks from string `textblock` using regex,"re.sub('(?<=[a-z])\\r?\\n', ' ', textblock)",1031,17,0,43,0,17,0,19,0
5137497,Find current directory and file's directory,get the directory name of `path`,os.path.dirname(path),1040,17,9,17,1,55,0,19,0
6159313,Can Python test the membership of multiple values in a list?,"test if either of strings `a` or `b` are members of the set of strings, `['b', 'a', 'foo', 'bar']`","set(['a', 'b']).issubset(['b', 'a', 'foo', 'bar'])",1123,20,0,34,0,65,0,19,0
6429638,How to split a string into integers in Python?,split a string `s` into integers,l = (int(x) for x in s.split()),1148,20,5,31,0,15,0,19,0
8139797,How do I extract table data in pairs using BeautifulSoup?,extract table data from table `rows` using beautifulsoup,[[td.findNext(text=True) for td in tr.findAll('td')] for tr in rows],1284,24,4,45,1,11,1,19,0
8751653,How can I convert a binary to a float number,convert a binary `b8` to a float number,"struct.unpack('d', b8)[0]",1360,26,5,32,0,57,0,19,0
10078470,Sort numpy matrix row values in ascending order,sort rows of numpy matrix `arr` in ascending order according to all column values,"numpy.sort(arr, axis=0)",1466,28,6,27,0,44,0,19,0
12300912,transpose dictionary (extract all the values for one key from a list of dictionaries),extract all the values with keys 'x' and 'y' from a list of dictionaries `d` to list of tuples,"[(x['x'], x['y']) for x in d]",1634,33,1,49,0,22,0,19,0
12330522,Reading a file without newlines,read a file `file` without newlines,[line.rstrip('\n') for line in file],1641,33,9,14,1,34,0,19,0
13462365,Python 2.7 Counting number of dictionary items with given value,count the number of values in `d` dictionary that are predicate to function `some_condition`,sum(1 for x in list(d.values()) if some_condition(x)),1746,36,1,4,0,7,0,19,0
13860026,update dictionary with dynamic keys and values in python,update the dictionary `mydic` with dynamic keys `i` and values with key 'name' from dictionary `o`,mydic.update({i: o['name']}),1784,37,1,63,0,57,0,19,0
14111705,Displaying a grayscale Image,display a grayscale image from array of pixels `imageArray`,"imshow(imageArray, cmap='Greys_r')",1806,37,6,23,0,14,0,19,0
16125229,Last Key in Python Dictionary,get the last key of dictionary `dict`,list(dict.keys())[-1],1967,41,1,2,0,61,0,19,0
17856928,How to terminate process from Python using pid?,terminate process `p`,p.terminate(),2088,44,4,55,1,26,1,19,0
17952279,Logarithmic y-axis bins in python,plot a data logarithmically in y axis,"plt.yscale('log', nonposy='clip')",2093,44,4,57,1,25,1,19,0
18079029,Index of element in Numpy array,get the indexes of the x and y axes in Numpy array `np` where variable `a` is equal to variable `value`,"i, j = np.where(a == value)",2101,45,6,13,0,30,0,19,0
18470323,How to select only specific columns from a DataFrame with MultiIndex columns?,From multiIndexed dataframe `data` select columns `a` and `c` within each higher order column `one` and `two`,"data.loc[:, (list(itertools.product(['one', 'two'], ['a', 'c'])))]",2134,46,3,64,0,17,0,19,0
18689823,pandas DataFrame: replace nan values with average of columns,replace nan values in a pandas data frame with the average of columns,"df.apply(lambda x: x.fillna(x.mean()), axis=0)",2153,46,3,4,0,55,0,19,0
19894365,Running R script from python,run r script '/usr/bin/Rscript --vanilla /pathto/MyrScript.r',"subprocess.call('/usr/bin/Rscript --vanilla /pathto/MyrScript.r', shell=True)",2230,48,9,59,1,5,0,19,0
20400135,Simple way to append a pandas series with same index,simple way to append a pandas series `a` and `b` with same index,"pd.concat([a, b], ignore_index=True)",2258,49,3,5,0,6,0,19,0
27744882,Finding consecutive consonants in a word,find consecutive consonants in a word `CONCENTRATION` using regex,"re.findall('[bcdfghjklmnpqrstvwxyz]+', 'CONCERTATION', re.IGNORECASE)",2470,54,0,3,0,34,0,19,0
28669459,How to print variables without spaces between values,Print a string `value` with string formatting,"print('Value is ""{}""'.format(value))",2496,55,8,0,0,34,0,19,0
31522361,Python: Getting rid of \u200b from a string using regular expressions,replacing  '\u200b' with '*' in a string  using regular expressions,"'used\u200b'.replace('\u200b', '*')",2585,57,8,0,0,58,0,19,0
32743479,pandas read csv with extra commas in column,read pandas data frame csv `comma.csv` with extra commas in column specifying string delimiter `'`,"df = pd.read_csv('comma.csv', quotechar=""'"")",2629,58,3,59,0,34,0,19,0
33078554,Mapping dictionary value to list,get a list from a list `lst` with values mapped into a dictionary `dct`,[dct[k] for k in lst],2642,59,7,59,1,30,0,19,0
34468983,How to check if all elements in a tuple or list are in another?,"check if all elements in a tuple `(1, 6)` are in another `(1, 2, 3, 4, 5)`","all(i in (1, 2, 3, 4, 5) for i in (1, 6))",2668,59,7,37,1,57,0,19,0
40707158,type conversion in python from int to float,Change data type of data in column 'grade' of dataframe `data_df` into float and then to int,data_df['grade'] = data_df['grade'].astype(float).astype(int),2812,63,3,2,0,4,0,19,0
41071947,How to remove the space between subplots in matplotlib.pyplot?,remove the space between subplots in matplotlib.pyplot,"fig.subplots_adjust(wspace=0, hspace=0)",2824,63,4,52,1,11,1,19,0
