question_id,intent,rewritten_intent,snippet,idx,time_batch,cluster,gradual_batch,gradual_new,recurring_batch,rec_new,sudden_batch,sudden_new
89228,Calling an external command,"Calling an external command ""echo Hello World""","return_code = subprocess.call('echo Hello World', shell=True)",63,0,9,14,1,39,0,39,0
406121,Flattening a shallow list in Python,flatten list `list_of_menuitems`,[image for menuitem in list_of_menuitems for image in menuitem],183,0,7,40,1,29,0,39,0
627435,remove an element from a list by index,remove the element in list `a` with index 1,a.pop(1),254,0,7,38,1,31,0,39,0
740287,How to check if one of the following items is in a list?,check if any item from list `b` is in list `a`,print(any(x in a for x in b)),301,0,7,57,1,15,0,39,0
961632,Converting integer to string,convert `i` to string,str(i),385,1,8,0,0,14,0,39,0
974678,How to create single Python dict from a list of dicts by summing values with common keys?,create a flat dictionary by summing values associated with similar keys in each dictionary of list `dictlist`,"dict((key, sum(d[key] for d in dictList)) for key in dictList[0])",390,1,1,3,0,39,0,39,0
1514553,declare an array,declare an array `variable`,variable = [],465,3,6,51,0,51,0,39,0
3294889,Iterating over dictionaries using for loops,Iterating key and items over dictionary `d`,"for (letter, number) in list(d.items()):
    pass",738,10,1,51,0,17,0,39,0
3673428,Convert int to ASCII and back in Python,convert ascii value 'a' to int,ord('a'),798,11,5,4,0,41,0,39,0
4383082,Python regex separate space-delimited words into a list,separate words delimited by one or more spaces into a list,"re.split(' +', 'hello world sample text')",927,15,8,0,0,61,0,39,0
4411811,Python: define multiple variables of same type?,create list `levels` containing 3 empty dictionaries,"levels = [{}, {}, {}]",929,15,1,10,0,5,0,39,0
5245058,Python: Filter lines from a text file which contain a particular word,filter lines from a text file 'textfile' which contain a word 'apple',[line for line in open('textfile') if 'apple' in line],1049,18,0,10,0,64,0,39,0
5280178,How do I load a file into the python console?,load a file `file.py` into the python console,"exec(compile(open('file.py').read(), 'file.py', 'exec'))",1053,18,9,61,1,39,0,39,0
6146778,matplotlib Legend Markers Only Once,make matplotlib plot legend put marker in legend only once,legend(numpoints=1),1122,20,4,42,1,28,1,39,0
6916542,Writing List of Strings to Excel CSV File in Python,write a list of strings `row` to csv object `csvwriter`,csvwriter.writerow(row),1188,21,8,0,0,23,0,39,0
7154739,How can I get an array of alternating values in python?,set every two-stride far element to -1 starting from second element in array `a`,a[1::2] = -1,1202,22,6,4,0,41,0,39,0
7286365,Print a list in reverse order with range()?,reverse the list that contains 1 to 10,list(reversed(list(range(10)))),1219,22,7,62,1,1,0,39,0
7351270,Control a print format when printing a list in Python,format print output of list of floats `l` to print only up to 3 decimal points,"print('[' + ', '.join('%5.3f' % v for v in l) + ']')",1228,22,5,1,0,37,0,39,0
9760588,How do you extract a url from a string using python?,extract a url from a string `myString`,"print(re.search('(?P<url>https?://[^\\s]+)', myString).group('url'))",1449,28,8,0,0,8,0,39,0
10824319,Python: How to convert a string containing hex bytes to a hex string,Convert a string `s` containing hex bytes to a hex string,s.decode('hex'),1526,30,8,0,0,2,0,39,0
11399384,Extract all keys from a list of dictionaries,create a set containing all keys' names from dictionary `LoD`,{k for d in LoD for k in list(d.keys())},1574,31,1,33,0,4,0,39,0
12496531,Sort NumPy float array column by column,sort numpy float array `A` column by column,"A = np.array(sorted(A, key=tuple))",1653,33,6,33,0,5,0,39,0
13438574,Sorting JSON data by keys value,sort list `results` by keys value 'year',"sorted(results, key=itemgetter('year'))",1745,36,1,8,0,1,0,39,0
13636592,How to sort a Pandas DataFrame according to multiple criteria?,sort a pandas data frame by column `Peak` in ascending and `Weeks` in descending order,"df.sort(['Peak', 'Weeks'], ascending=[True, False], inplace=True)",1765,36,3,5,0,22,0,39,0
13902805,List of all unique characters in a string?,List of all unique characters in a string?,""""""""""""".join(set('aaabcabccd'))",1788,37,0,57,0,9,0,39,0
14182339,Matching multiple regex patterns with the alternation operator?,"get whatever is between parentheses as a single match, and any char outside as an individual match in string '(zyx)bc'","re.findall('\\(.+?\\)|\\w', '(zyx)bc')",1812,37,0,42,0,21,0,39,0
15315452,Selecting with complex criteria from pandas.DataFrame,"select values from column 'A' for which corresponding values in column 'B' will be greater than 50, and in column 'C' - equal 900 in dataframe `df`",df['A'][(df['B'] > 50) & (df['C'] == 900)],1913,40,3,61,0,60,0,39,0
15819980,Calculate mean across dimension in a 2D array,calculate mean across dimension in a 2d array `a`,"np.mean(a, axis=1)",1945,41,6,44,0,19,0,39,0
19365513,How to add an extra row to a pandas dataframe,"Add row `['8/19/2014', 'Jun', 'Fly', '98765']` to dataframe `df`","df.loc[len(df)] = ['8/19/2014', 'Jun', 'Fly', '98765']",2193,47,3,6,0,29,0,39,0
19894365,Running R script from python,running r script '/pathto/MyrScript.r' from python,"subprocess.call(['/usr/bin/Rscript', '--vanilla', '/pathto/MyrScript.r'])",2229,48,9,61,1,24,0,39,0
21684346,How to display a pdf that has been downloaded in python,display a pdf  file that has been downloaded as `my_pdf.pdf`,webbrowser.open('file:///my_pdf.pdf'),2314,50,9,44,1,30,0,39,0
22918212,Fastest Way to Drop Duplicated Index in a Pandas DataFrame,drop duplicate indexes in a pandas data frame `df`,df[~df.index.duplicated()],2369,52,3,14,0,2,0,39,0
23566515,Multiplication of 1d arrays in numpy,get the dot product of two one dimensional numpy arrays,"np.dot(a[:, (None)], b[(None), :])",2382,52,6,26,0,57,0,39,0
31650399,find all digits between a character in python,find all digits between two characters `\xab` and `\xbb`in a string `text`,"print(re.findall('\\d+', '\n'.join(re.findall('\xab([\\s\\S]*?)\xbb', text))))",2588,57,0,62,0,58,0,39,0
32792874,"Searching if the values on a list is in the dictionary whose format is key-string, value-list(strings)",get geys of dictionary `my_dict` that contain any values from list `lst`,"[key for key, value in list(my_dict.items()) if set(value).intersection(lst)]",2633,58,1,54,0,50,0,39,0
35044115,Replacing characters in a regex,replace dot characters  '.' associated with ascii letters in list `s` with space ' ',"[re.sub('(?<!\\d)\\.(?!\\d)', ' ', i) for i in s]",2684,60,8,0,0,13,0,39,0
35837346,Is there a one line code to find maximal value in a matrix?,find maximal value in matrix `matrix`,max([max(i) for i in matrix]),2701,60,6,18,0,29,0,39,0
36623789,How to convert unicode text to normal text,convert unicode text from list `elems` with index 0 to normal text 'utf-8',elems[0].getText().encode('utf-8'),2714,60,8,0,0,53,0,39,0
41821112,How can I sum the product of two list items using for loop in python?,sum the products of each two elements at the same index of list `a` and list `b`,"list(x * y for x, y in list(zip(a, b)))",2847,64,7,48,1,8,0,39,0
