question_id,intent,rewritten_intent,snippet,idx,time_batch,cluster,gradual_batch,gradual_new,recurring_batch,rec_new,sudden_batch,sudden_new
234512,Splitting strings in python,split a string 's' by space while ignoring spaces within square braces and quotes.,"re.findall('\\[[^\\]]*\\]|""[^""]*""|\\S+', s)",100,0,8,0,0,4,0,8,0
402504,determine the variable type,get the type of variable `variable_name`,print(type(variable_name)),176,0,4,53,1,28,1,8,0
849674,Simple threading in Python 2.6 using thread.start_new_thread(),start a new thread for `myfunction` with parameters 'MyStringHere' and 1,"thread.start_new_thread(myfunction, ('MyStringHere', 1))",345,0,4,19,1,10,1,8,0
952914,Making a flat list out of list of lists,make a flat list from list of lists `sublist`,[item for sublist in l for item in sublist],379,1,7,42,1,49,0,8,0
1207457,Convert a Unicode string to a string,Convert a Unicode string `title` to a 'ascii' string,"unicodedata.normalize('NFKD', title).encode('ascii', 'ignore')",430,2,8,0,0,14,0,8,0
1299855,upload file with Python Mechanize,upload file with Python Mechanize,"br.form.add_file(open(filename), 'text/plain', filename)",439,2,9,37,1,5,0,8,0
1555968,Efficient way to find the largest key in a dictionary with non-zero value,get the largest key whose not associated with value of 0 in dictionary `x`,"(k for k, v in x.items() if v != 0)",473,3,1,5,0,55,0,8,0
1920145,How to find duplicate elements in array using for loop in Python?,Get all the keys from dictionary `y` whose value is `1`,[i for i in y if y[i] == 1],523,4,1,15,0,38,0,8,0
2111163,Selecting specific column in each row from array,"subset numpy array `a` by column and row, returning the values from the first row, first column and the second row, second column and the third row, first column.","a[np.arange(3), (0, 1, 0)]",553,5,6,21,0,63,0,8,0
2338531,Python sorting - A list of objects,sort list `L` based on the value of variable 'resultType' for each object in list `L`,"sorted(L, key=operator.itemgetter('resultType'))",590,6,7,64,1,1,0,8,0
2430539,How do I get all the keys that are stored in the Cassandra column family with pycassa?,get a list of all keys in Cassandra database `cf` with pycassa,list(cf.get_range().get_keys()),606,6,1,51,0,19,0,8,0
2878084,Sort a list of dicts by dict values,"sort a list of dictionaries by the value of keys 'title', 'title_url', 'id' in ascending order.","l.sort(key=lambda x: (x['title'], x['title_url'], x['id']))",677,8,1,7,0,29,0,8,0
3728017,Sorting while preserving order in python,Sorting while preserving order in python,"sorted(enumerate(a), key=lambda x: x[1])",804,11,7,23,1,42,0,8,0
4581646,How to count all elements in a nested dictionary?,count all elements in a nested dictionary `food_colors`,sum(len(v) for v in food_colors.values()),949,15,1,50,0,19,0,8,0
6159900,write line to file,"write line ""hi there"" to file `myfile`","f = open('myfile', 'w')
f.write('hi there\n')
f.close()",1125,20,9,59,1,8,0,8,0
7271385,How do I combine two lists into a dictionary in Python?,"combine two lists `[1, 2, 3, 4]` and `['a', 'b', 'c', 'd']` into a dictionary","dict(zip([1, 2, 3, 4], ['a', 'b', 'c', 'd']))",1213,22,1,13,0,38,0,8,0
9210525,convert hex to decimal,"convert hex string ""0xff"" to decimal","int('0xff', 16)",1397,27,5,27,0,21,0,8,0
10472907,How to convert dictionary into string,convert dictionary `adict` into string,""""""""""""".join('{}{}'.format(key, val) for key, val in list(adict.items()))",1491,29,1,43,0,60,0,8,0
11009155,how to split a string on the first instance of delimiter in python,"split string ""jvm.args= -Dappdynamics.com=true, -Dsomeotherparam=false,"" on the first occurrence of delimiter '='","""""""jvm.args= -Dappdynamics.com=true, -Dsomeotherparam=false,"""""".split('=', 1)",1541,30,8,0,0,43,0,8,0
12376863,Adding calculated column(s) to a dataframe in pandas,use operations like max/min within a row to a dataframe 'd' in pandas,"d.apply(lambda row: min([row['A'], row['B']]) - row['C'], axis=1)",1645,33,3,64,0,7,0,8,0
14931769,get all combination of n binary value,get all combination of 3 binary values,"lst = list(itertools.product([0, 1], repeat=3))",1875,39,7,16,1,32,0,8,0
15974730,How do I get the different parts of a Flask request's url?,retrieve the path from a Flask request,request.url,1957,41,4,26,1,10,1,8,0
16196712,wait for shell command to complete,wait for shell command `p` evoked by  subprocess.Popen to complete,p.wait(),1976,41,9,42,1,36,0,8,0
16249440,Changing file permission in python,changing permission of file `path` to `stat.S_IRUSR | stat.S_IRGRP | stat.S_IROTH`,"os.chmod(path, stat.S_IRUSR | stat.S_IRGRP | stat.S_IROTH)",1979,42,9,18,1,39,0,8,0
16866261,Detecting non-ascii characters in unicode string,Get all non-ascii characters in a unicode string `\xa3100 is worth more than \u20ac100`,"print(re.sub('[\x00-\x7f]', '', '\xa3100 is worth more than \u20ac100'))",2009,42,8,0,0,56,0,8,0
18816297,How can I get the index value of a list comprehension?,Get the index value in list `p_list` using enumerate in list comprehension,"{p.id: {'id': p.id, 'position': ind} for ind, p in enumerate(p_list)}",2164,46,7,21,1,33,0,8,0
19794051,Regex for removing data in parenthesis,Remove all data inside parenthesis in string `item`,"item = re.sub(' \\(\\w+\\)', '', item)",2224,48,8,0,0,55,0,8,0
21800169,Python Pandas: Get index of rows which column matches certain value,get index of rows in dataframe `df` which column 'BoolCol' matches value True,df[df['BoolCol']].index.tolist(),2320,50,3,8,0,22,0,8,0
21805490,Python Regex - checking for a capital letter with a lowercase after,python regex - check for a capital letter with a following lowercase in string `string`,"re.sub('^[A-Z0-9]*(?![a-z])', '', string)",2326,50,0,58,0,61,0,8,0
22625616,listing files from a directory using glob python,list all files in a current directory,glob.glob('*'),2356,51,9,36,1,16,0,8,0
23351183,Django - Filter queryset by CharField value length,Filter queryset for all objects in Django model `MyModel` where texts length are greater than `254`,MyModel.objects.filter(text__regex='^.{254}.*'),2375,52,4,61,1,26,1,8,0
24041436,set multi index of an existing data frame in pandas,Set multi index on columns 'Company' and 'date' of data frame `df` in pandas.,"df.set_index(['Company', 'date'], inplace=True)",2398,52,3,14,0,1,0,8,0
25148611,How do I extract all the values of a specific key from a list of dictionaries?,extract all the values of a specific key named 'values' from a list of dictionaries,results = [item['value'] for item in test_data],2418,53,1,3,0,24,0,8,0
27946742,Regular expression in Python sentence extractor,Get all the sentences from a string `text` using regex,"re.split('\\.\\s', text)",2479,54,0,9,0,58,0,8,0
35118265,Dot notation string manipulation,remove the last dot and all text beyond it in string `s`,"re.sub('\\.[^.]+$', '', s)",2687,60,8,0,0,44,0,8,0
36454494,Calcuate mean for selected rows for selected columns in pandas data frame,"get mean of columns `2, 5, 6, 7, 8` for all rows in dataframe `df`","df.iloc[:, ([2, 5, 6, 7, 8])].mean(axis=1)",2711,60,3,55,0,18,0,8,0
38147447,How to remove square bracket from pandas dataframe,get element at index 0 of each list in column 'value' of dataframe `df`,df['value'] = df['value'].str.get(0),2733,61,3,60,0,62,0,8,0
38457059,Pandas changing cell values based on another cell,change NaN values in dataframe `df` using preceding values in the frame,"df.fillna(method='ffill', inplace=True)",2744,61,3,9,0,15,0,8,0
40196941,Regex to remove periods in acronyms?,remove periods inbetween capital letters that aren't immediately preceeded by word character(s) in a string `s` using regular expressions,"re.sub('(?<!\\w)([A-Z])\\.', '\\1', s)",2790,62,0,32,0,16,0,8,0
