question_id,intent,rewritten_intent,snippet,idx,time_batch,cluster,gradual_batch,gradual_new,recurring_batch,rec_new,sudden_batch,sudden_new
1476,express binary literals,convert binary string '11111111' to integer,"int('11111111', 2)",0,0,5,53,0,53,0,53,0
22676,download a file over HTTP,download a file `url` over HTTP,r = requests.get(url),20,0,9,55,1,64,0,53,0
38987,How to merge two Python dictionaries in a single expression?,merge dictionaries form array `dicts` in a single expression,"dict((k, v) for d in dicts for k, v in list(d.items()))",25,0,1,36,0,51,0,53,0
89228,Calling an external command,"Calling an external command ""ls""","p = subprocess.Popen('ls', shell=True, stdout=subprocess.PIPE, stderr=subprocess.STDOUT)
for line in p.stdout.readlines():
    print(line, end=' ')
retval = p.wait()",59,0,9,28,1,37,0,53,0
356483,Python regex findall numbers and dots,Find all numbers and dots from a string `text` using regex,"re.findall('Test([0-9.]*[0-9]+)', text)",154,0,0,20,0,53,0,53,0
364519,iterate over a dictionary in sorted order,iterate over a dictionary `d` in sorted order,"for (key, value) in sorted(d.items()):
    pass",158,0,1,1,0,59,0,53,0
455612,Limiting floats to two decimal points,limit float 13.9499999 to two decimal points,('%.2f' % 13.9499999),201,0,5,4,0,53,0,53,0
753052,Strip HTML from strings in Python,strip html from strings,"re.sub('<[^<]+?>', '', text)",309,0,8,0,0,55,0,53,0
1679798,How to open a file with the standard application?,"open a file ""$file"" under Unix","os.system('start ""$file""')",485,3,9,61,1,8,0,53,0
1810743,How to set the current working directory in Python?,set the current working directory to path `path`,os.chdir(path),510,4,9,52,1,62,0,53,0
1949318,Checking if a website is up,"Checking if website ""http://www.stackoverflow.com"" is up",print(urllib.request.urlopen('http://www.stackoverflow.com').getcode()),525,4,4,29,1,10,1,53,0
1957273,"How do I generate a random string (of length X, a-z only) in Python?",generate a random string of length `x`  containing lower cased ASCII letters,""""""""""""".join(random.choice(string.lowercase) for x in range(X))",529,4,8,0,0,49,0,53,0
2030053,Random strings in Python,Get a random string of length `length`,return ''.join(random.choice(string.lowercase) for i in range(length)),534,4,8,0,0,16,0,53,0
2052390,Manually raising (throwing) an exception,"throw a ValueError with message 'represents a hidden bug, do not catch this'","raise ValueError('represents a hidden bug, do not catch this')",546,5,4,49,1,27,1,53,0
2813829,How do I coalesce a sequence of identical characters into just one?,coalesce non-word-characters in string `a`,"print(re.sub('(\\W)\\1+', '\\1', a))",671,8,8,36,0,17,0,53,0
3108285,"In Python script, how do I set PYTHONPATH?",set pythonpath in python script.,sys.path.append('/path/to/whatever'),706,9,9,62,1,62,0,53,0
3718657,How to properly determine current script directory in Python?,get current script directory,os.path.dirname(os.path.abspath(__file__)),801,11,9,56,1,22,0,53,0
4315506,load csv into 2D matrix with numpy for plotting,convert csv file 'test.csv' into two-dimensional matrix,"numpy.loadtxt(open('test.csv', 'rb'), delimiter=',', skiprows=1)",918,14,6,10,0,4,0,53,0
5944630,sort a list of dicts by x then by y,sort a list of dictionary `list` first by key `points` and then by `time`,"list.sort(key=lambda item: (item['points'], item['time']))",1112,19,1,3,0,19,0,53,0
6429638,How to split a string into integers in Python?,How to split a string into integers in Python?,"map(int, '42 0'.split())",1150,20,5,5,0,4,0,53,0
6561653,how to get the index of dictionary with the highest value in a list of dictionary,Get an item from a list of dictionary `lst` which has maximum value in the key `score` using lambda function,"max(lst, key=lambda x: x['score'])",1158,20,1,24,0,41,0,53,0
8122079,Python: How to check a string for substrings from a list?,check if any element of list `substring_list` are in string `string`,any(substring in string for substring in substring_list),1282,24,0,7,0,51,0,53,0
8270092,remove all whitespace in a string,remove all whitespaces in string `sentence`,"sentence = re.sub('\\s+', '', sentence, flags=re.UNICODE)",1311,24,8,0,0,9,0,53,0
8970524,Python regex search AND split,search and split string 'aaa bbb ccc ddd eee fff' by delimiter '(ddd)',"re.split('(ddd)', 'aaa bbb ccc ddd eee fff', 1)",1377,26,0,34,0,5,0,53,0
10351772,converting list of string to list of integer,convert list of string numbers into list of integers,"map(int, eval(input('Enter the unfriendly numbers: ')))",1482,29,5,1,0,34,0,53,0
13353233,Best way to split a DataFrame given an edge,split dataframe `df` where the value of column `a` is equal to 'B',df.groupby((df.a == 'B').shift(1).fillna(0).cumsum()),1731,35,3,11,0,1,0,53,0
15392730,"In Python, is it possible to escape newline characters when printing a string?",Print new line character as `\n` in a string `foo\nbar`,print('foo\nbar'.encode('string_escape')),1919,40,8,0,0,50,0,53,0
18319101,What's the best way to generate random strings of a specific length in Python?,generate random upper-case ascii string of 12 characters length,print(''.join(choice(ascii_uppercase) for i in range(12))),2121,45,8,0,0,9,0,53,0
18524642,Convert list of lists to list of integers,combine elements of each list in list `L` into digits of a single integer,[''.join(str(d) for d in x) for x in L],2139,46,7,37,1,3,0,53,0
20837786,Changing the referrer URL in python requests,request URL `url` using http header `{'referer': my_referer}`,"requests.get(url, headers={'referer': my_referer})",2284,49,4,51,1,27,1,53,0
25678689,How does python do string magic?,"append array of strings `['x', 'x', 'x']` into one string",""""""""""""".join(['x', 'x', 'x'])",2427,53,8,0,0,34,0,53,0
26081300,Pandas: Subtract row mean from each element in row,Subtract the mean of each row in dataframe `df` from the corresponding row's elements,"df.sub(df.mean(axis=1), axis=0)",2436,53,3,6,0,2,0,53,0
30190459,How to gracefully fallback to `NaN` value while reading integers from a CSV with Pandas?,convert nan values to ‘n/a’ while reading rows from a csv `read_csv` with pandas,"df = pd.read_csv('my.csv', na_values=['n/a'])",2544,56,3,1,0,1,0,53,0
33435418,How to find the difference between 3 lists that may have duplicate numbers,"Get the difference between two lists `[1, 2, 2, 2, 3]` and `[1, 2]` that may have duplicate values","Counter([1, 2, 2, 2, 3]) - Counter([1, 2])",2646,59,7,57,1,33,0,53,0
38379453,How to read only part of a list of strings in python,get a list of substrings consisting of the first 5 characters of every string in list `buckets`,[s[:5] for s in buckets],2741,61,0,14,0,3,0,53,0
40512124,convert dictionaries into string python,"concatenate key/value pairs in dictionary `a` with string ', ' into a single string",""""""", """""".join([(str(k) + ' ' + str(v)) for k, v in list(a.items())])",2803,63,1,36,0,34,0,53,0
40987319,How to subset a dataset in pandas dataframe?,extract the first four rows of the column `ID` from a pandas dataframe `df`,df.groupby('ID').head(4),2821,63,3,7,0,4,0,53,0
41256648,Select multiple ranges of columns in Pandas DataFrame,"select multiple ranges of columns 1-10, 15, 17, and 50-100 in pandas dataframe `df`","df.iloc[:, (np.r_[1:10, (15), (17), 50:100])]",2833,63,3,8,0,17,0,53,0
41513324,Python Pandas: drop rows of a timeserie based on time range,Drop the rows in pandas timeseries `df` from the row containing index `start_remove` to the row containing index `end_remove`,df.loc[(df.index < start_remove) | (df.index > end_remove)],2838,64,3,39,0,41,0,53,0
