question_id,intent,rewritten_intent,snippet,idx,time_batch,cluster,gradual_batch,gradual_new,recurring_batch,rec_new,sudden_batch,sudden_new
273192,check if a directory exists and create it if necessary,check if a directory `path` exists and create it if necessary,"try:
    os.makedirs(path)
except OSError as exception:
    if (exception.errno != errno.EEXIST):
        raise",119,0,9,36,1,31,0,60,0
674764,string find,find the index of sub string 'a' in string `str`,str.find('a'),278,0,0,60,0,7,0,60,0
674764,string find,find the index of sub string 's' in string `str` starting from index 11,"str.find('s', 11)",285,0,0,24,0,6,0,60,0
843277,check if a variable exists,check if a local variable `myVar` exists,('myVar' in locals()),338,0,4,47,1,25,1,60,0
2545397,Converting a string into a list in Python,Get a list of integers `lst` from a file `filename.txt`,"lst = map(int, open('filename.txt').readlines())",614,7,9,48,1,19,0,60,0
3944876,Casting an int to a string in Python,cast an int `i` to a string and concat to string 'ME','ME' + str(i),854,13,8,0,0,19,0,60,0
5503925,How do I use a dictionary to update fields in Django models?,update the fields in django model `Book` using dictionary `d`,Book.objects.create(**d),1073,18,1,35,0,49,0,60,0
6416131,add new item to dictionary,"add key ""item3"" and value ""3"" to dictionary `default_data `",default_data['item3'] = 3,1146,20,1,42,0,44,0,60,0
7142062,Get function name as a string in python,get the name of function `func` as a string,print(func.__name__),1199,22,4,12,1,27,1,60,0
7263824,Get HTML Source of WebElement in Selenium WebDriver using Python,get html source of Selenium WebElement `element`,element.get_attribute('innerHTML'),1211,22,4,31,1,46,1,60,0
7271482,python getting a list of value from list of dict,python getting a list of value from list of dict,[d['value'] for d in l if 'value' in d],1215,22,1,36,0,44,0,60,0
7271482,python getting a list of value from list of dict,python getting a list of value from list of dict,[d['value'] for d in l],1216,22,1,7,0,9,0,60,0
7351270,Control a print format when printing a list in Python,print a list of floating numbers `l` using string formatting,print([('%5.3f' % val) for val in l]),1227,22,5,29,0,60,0,60,0
8650415,get keys correspond to a value in dictionary,Reverse key-value pairs in a dictionary `map`,"dict((v, k) for k, v in map.items())",1344,25,1,6,0,42,0,60,0
8654637,"Pythonic way to fetch all elements in a dictionary, falling between two keys?",fetch all elements in a dictionary 'parent_dict' where the key is between the range of 2 to 4,"dict((k, v) for k, v in parent_dict.items() if k > 2 and k < 4)",1346,25,1,12,0,48,0,60,0
9470142,Remove string between 2 characters from text string,remove all square brackets from string 'abcd[e]yth[ac]ytwec',"re.sub('\\[.*?\\]', '', 'abcd[e]yth[ac]ytwec')",1415,27,8,0,0,29,0,60,0
9573244,Most elegant way to check if the string is empty,check if string `my_string` is empty,"if (not my_string):
    pass",1428,27,0,5,0,64,0,60,0
10194713,Sorting a defaultdict by value in python,sorting a defaultdict `d` by value,"sorted(list(d.items()), key=lambda k_v: k_v[1])",1473,29,1,46,0,43,0,60,0
10565598,Numpy: How to check if array contains certain numbers?,check if array `b` contains all elements of array `a`,"numpy.in1d(b, a).all()",1503,29,6,5,0,4,0,60,0
11760095,convert binary string to numpy array,convert binary string '\x00\x00\x80?\x00\x00\x00@\x00\x00@@\x00\x00\x80@' to numpy array,"np.fromstring('\x00\x00\x80?\x00\x00\x00@\x00\x00@@\x00\x00\x80@', dtype='<f4')",1601,32,5,10,0,56,0,60,0
13081090,Convert binary to list of digits Python,create a list containing the digits values from binary string `x` as elements,[int(d) for d in str(bin(x))[2:]],1699,34,5,32,0,20,0,60,0
14694482,Converting html to text with Python,convert a beautiful soup html `soup` to text,print(soup.get_text()),1849,38,4,17,1,47,1,60,0
15451958,Simple way to create matrix of random numbers,create 3 by 3 matrix of random numbers,"numpy.random.random((3, 3))",1925,40,6,46,0,35,0,60,0
15882395,Matplotlib.animation: how to remove white margin,"set the size of figure `fig` in inches to width height of `w`, `h`","fig.set_size_inches(w, h, forward=True)",1953,41,4,43,1,28,1,60,0
16127862,"in Python, how to convert list of float numbers to string with certain format?",convert list `lst` of tuples of floats to list `str_list` of tuples of strings of floats in scientific notation with eight decimal point precision,str_list = [tuple('{0:.8e}'.format(flt) for flt in sublist) for sublist in lst],1969,41,5,1,0,48,0,60,0
16566069,Url decode UTF-8 in Python,decode url `url` with utf8 and print it,print(urllib.parse.unquote(url).decode('utf8')),1994,42,8,0,0,33,0,60,0
16866261,Detecting non-ascii characters in unicode string,"Strip all non-ASCII characters from a unicode string, `\xa3\u20ac\xa3\u20ac`","print(set(re.sub('[\x00-\x7f]', '', '\xa3\u20ac\xa3\u20ac')))",2008,42,8,0,0,38,0,60,0
19819863,Converting hex to int in python,convert hex '\xff' to integer,ord('\xff'),2227,48,5,42,0,36,0,60,0
19863964,fastest way to find the magnitude (length) squared of a vector field,find the magnitude (length) squared of a vector `vf` field,"np.einsum('...j,...j->...', vf, vf)",2228,48,4,24,1,48,1,60,0
22397058,Dropping a single (sub-) column from a MultiIndex,drop a single subcolumn 'a' in column 'col1' from a dataframe `df`,"df.drop(('col1', 'a'), axis=1)",2351,51,3,27,0,63,0,60,0
24242433,"Python - how to convert a ""raw"" string into a normal string",convert a raw string `raw_string` into a normal string,raw_string.decode('string_escape'),2402,52,8,0,0,9,0,60,0
24242433,"Python - how to convert a ""raw"" string into a normal string",convert a raw string `raw_byte_string` into a normal string,raw_byte_string.decode('unicode_escape'),2403,52,8,0,0,6,0,60,0
27758657,How do I find the largest integer less than x?,find the largest integer less than `x`,int(math.ceil(x)) - 1,2471,54,5,28,0,5,0,60,0
29454773,How can I tell if a string only contains letter AND spaces,Check if string 'a b' only contains letters and spaces,"""""""a b"""""".replace(' ', '').isalpha()",2520,55,0,4,0,6,0,60,0
30241279,Flask - How to make an app externally visible through a router?,run app `app` on host '192.168.0.58' and port 9000 in Flask,"app.run(host='192.168.0.58', port=9000, debug=False)",2546,56,4,43,1,11,1,60,0
30406725,Python pandas - grouping by and summarizing on a field,convert dataframe `df` into a pivot table using column 'order' as index and values of column 'sample' as columns,"df.pivot(index='order', columns='sample')",2551,56,3,1,0,52,0,60,0
36957908,Removing white space from txt with python,substitute two or more whitespace characters with character '|' in string `line`,"re.sub('\\s{2,}', '|', line.strip())",2718,60,8,0,0,60,0,60,0
37584492,Regular expression substitution in Python,remove all instances of parenthesesis containing text beginning with `as ` from string `line`,"line = re.sub('\\(+as .*?\\) ', '', line)",2725,61,8,0,0,15,0,60,0
38549915,Merging data frame columns of strings into one single column in Pandas,Merge all columns in dataframe `df` into one column,"df.apply(' '.join, axis=0)",2746,61,3,7,0,54,0,60,0
