question_id,intent,rewritten_intent,snippet,idx,time_batch,cluster,gradual_batch,gradual_new,recurring_batch,rec_new,sudden_batch,sudden_new
209513,Convert hex string to int,Convert hex string `s` to integer,"int(s, 16)",89,0,5,22,0,29,0,27,0
209513,Convert hex string to int,"Convert hex string ""a"" to integer","int('a', 16)",91,0,5,23,0,20,0,27,0
303200,How do I remove/delete a folder that is not empty with Python?,remove directory tree '/folder_name',shutil.rmtree('/folder_name'),135,0,9,64,1,22,0,27,0
663171,get a new string from the 3rd character to the end of the string,get a new string from the 3rd character to the end of the string `x`,x[2:],266,0,8,0,0,42,0,27,0
1082413,Sort a list of strings based on regular expression match or something similar,sort a list of strings `strings` based on regex match,"strings.sort(key=lambda str: re.sub('.*%', '', str))",412,1,0,10,0,9,0,27,0
3984539,Python: use regular expression to remove the white space from all lines,remove white spaces from all the lines using a regular expression in string 'a\n b\n c',"re.sub('(?m)^\\s+', '', 'a\n b\n c')",862,13,8,0,0,36,0,27,0
4135344,generate pdf from markdown file,generate pdf file `output_filename` from markdown file `input_filename`,"with open(input_filename, 'r') as f:
    html_text = markdown(f.read(), output_format='html4')
pdfkit.from_string(html_text, output_filename)",884,13,9,38,1,43,0,27,0
4230000,Creating a 2d matrix in python,creating a 5x6 matrix filled with `None` and save it as `x`,x = [[None for _ in range(5)] for _ in range(6)],898,14,6,8,0,8,0,27,0
4302166,Format string dynamically,"format number of spaces between strings `Python`, `:` and `Very Good` to be `20`","print('%*s : %*s' % (20, 'Python', 20, 'Very Good'))",917,14,8,0,0,19,0,27,0
4843173,How to check if type of a variable is string?,check if type of variable `s` is a string,"isinstance(s, str)",999,16,0,48,0,13,0,27,0
4880960,Sum of all values in a Python dict,sum of all values in a python dict `d`,sum(d.values()),1004,17,1,29,0,44,0,27,0
4880960,Sum of all values in a Python dict,Sum of all values in a Python dict,sum(d.values()),1005,17,1,2,0,37,0,27,0
4918425,Subtract a value from every number in a list in Python?,subtract 13 from every number in a list `a`,a[:] = [(x - 13) for x in a],1016,17,7,42,1,31,0,27,0
6416131,add new item to dictionary,"add key value pairs 'item4' , 4 and 'item5' , 5 to dictionary `default_data`","default_data.update({'item4': 4, 'item5': 5, })",1145,20,1,21,0,50,0,27,0
6633523,How can I convert a string with dot and comma into a float number in Python,convert a string `my_string` with dot and comma into a float number `my_float`,"my_float = float(my_string.replace(',', ''))",1165,21,5,60,0,33,0,27,0
6996603,Delete a file or folder,recursively delete all contents in directory `path`,"shutil.rmtree(path, ignore_errors=False, onerror=None)",1189,21,9,39,1,17,0,27,0
7164679,How to send cookies in a post request with the Python Requests library?,send cookies `cookie` in a post request to url 'http://wikipedia.org' with the python requests library,"r = requests.post('http://wikipedia.org', cookies=cookie)",1203,22,4,23,1,47,1,27,0
9153527,"Import module in another directory from a ""parallel"" sub-directory",append a path `/path/to/main_folder` in system path,sys.path.append('/path/to/main_folder'),1391,26,9,47,1,16,0,27,0
9746522,How can I use sum() function for a list in Python?,convert int values in list `numlist` to float,numlist = [float(x) for x in numlist],1443,28,5,58,0,31,0,27,0
10351772,converting list of string to list of integer,converting list of strings `intstringlist` to list of integer `nums`,nums = [int(x) for x in intstringlist],1481,29,5,44,0,58,0,27,0
10668585,How to get max value in django ORM,Django get maximum value associated with field 'added' in model `AuthorizedEmail`,AuthorizedEmail.objects.filter(group=group).order_by('-added')[0],1516,30,4,15,1,46,1,27,0
13156395,Python load json file with UTF-8 BOM header,load json file 'sample.json' with utf-8 bom header,json.loads(open('sample.json').read().decode('utf-8-sig')),1708,35,4,18,1,25,1,27,0
13905936,converting integer to list in python,converting integer `num` to list,[int(x) for x in str(num)],1790,37,5,34,0,64,0,27,0
14358567,Finding consecutive segments in a pandas data frame,find consecutive segments from a column 'A' in a pandas data frame 'df',df.reset_index().groupby('A')['index'].apply(np.array),1826,38,3,9,0,64,0,27,0
15103484,"How to use regular expression to separate numbers and characters in strings like ""30M1000N20M""","separate numbers from characters in string ""30m1000n20m""","re.findall('(([0-9]+)([A-Z]))', '20M10000N80M')",1893,39,5,64,0,62,0,27,0
18224991,how to set global const variables in python,assign float 9.8 to variable `GRAVITY`,GRAVITY = 9.8,2114,45,5,16,0,63,0,27,0
18366797,pandas.read_csv: how to skip comment lines,pandas read comma-separated CSV file `s` and skip commented lines starting with '#',"pd.read_csv(StringIO(s), sep=',', comment='#')",2124,45,3,5,0,40,0,27,0
19445682,How do I increase the timeout for imaplib requests?,handle the `urlfetch_errors ` exception for imaplib request to url `url`,"urlfetch.fetch(url, deadline=10 * 60)",2198,47,4,45,1,12,1,27,0
19602931,http file downloading and saving,"download ""http://randomsite.com/file.gz"" from http and save as ""file.gz""","testfile = urllib.request.URLopener()
testfile.retrieve('http://randomsite.com/file.gz', 'file.gz')",2211,47,9,17,1,49,0,27,0
21822054,How to force os.system() to use bash instead of shell,force bash interpreter '/bin/bash' to be used instead of shell,"os.system('GREPDB=""echo 123""; /bin/bash -c ""$GREPDB""')",2327,50,9,49,1,37,0,27,0
21822054,How to force os.system() to use bash instead of shell,Run a command `echo hello world` in bash instead of shell,"os.system('/bin/bash -c ""echo hello world""')",2328,50,9,37,1,3,0,27,0
22086116,how do you filter pandas dataframes by multiple columns,create dataframe `males` containing data of dataframe `df` where column `Gender` is equal to 'Male' and column `Year` is equal to 2014,males = df[(df[Gender] == 'Male') & (df[Year] == 2014)],2338,51,3,52,0,54,0,27,0
23914774,Python 2.7: making a dictionary object from a specially-formatted list object,"Make a dictionary from list `f` which is in the format of four sets of  ""val, key, val""","{f[i + 1]: [f[i], f[i + 2]] for i in range(0, len(f), 3)}",2395,52,1,14,0,16,0,27,0
28134319,Fastest way to remove first and last lines from a Python string,remove first and last lines of string `s`,s[s.find('\n') + 1:s.rfind('\n')],2482,54,8,0,0,64,0,27,0
31258561,get current directory - Python,Get the current directory of a script,os.path.basename(os.path.dirname(os.path.realpath(__file__))),2577,57,9,50,1,16,0,27,0
34776651,Concatenate rows of pandas DataFrame with same id,group rows of pandas dataframe `df` with same 'id',df.groupby('id').agg(lambda x: x.tolist()),2676,59,3,61,0,13,0,27,0
39870642,Matplotlib - How to plot a high resolution graph?,Save plot `plt` as png file 'filename.png',plt.savefig('filename.png'),2777,62,9,21,1,20,0,27,0
39998424,How to delete a file without an extension?,delete file `filename`,os.remove(filename),2780,62,9,24,1,13,0,27,0
40924332,Splitting a list in a Pandas cell into multiple columns,split a list in first column  into multiple columns keeping other columns as well in pandas data frame,"pd.concat([df[0].apply(pd.Series), df[1]], axis=1)",2819,63,3,1,0,39,0,27,0
