question_id,intent,rewritten_intent,snippet,idx,time_batch,cluster,gradual_batch,gradual_new,recurring_batch,rec_new,sudden_batch,sudden_new
19339,inverse of zip,"unzip the list `[('a', 1), ('b', 2), ('c', 3), ('d', 4)]`","zip(*[('a', 1), ('b', 2), ('c', 3), ('d', 4)])",14,0,7,64,1,61,0,64,0
22676,download a file over HTTP,download a file `url` over HTTP and save to `file_name`,"u = urllib.request.urlopen(url)
f = open(file_name, 'wb')
meta = u.info()
file_size = int(meta.getheaders('Content-Length')[0])
print(('Downloading: %s Bytes: %s' % (file_name, file_size)))
file_size_dl = 0
block_sz = 8192
while True:
    buffer = u.read(block_sz)
    if (not buffer):
        break
    file_size_dl += len(buffer)
    f.write(buffer)
    status = ('%10d  [%3.2f%%]' % (file_size_dl, ((file_size_dl * 100.0) / file_size)))
    status = (status + (chr(8) * (len(status) + 1)))
    print(status, end=' ')
f.close()",18,0,9,53,1,43,0,64,0
89228,Calling an external command,"Calling an external command ""some_command < input_file | another_command > output_file""",os.system('some_command < input_file | another_command > output_file'),64,0,9,30,1,55,0,64,0
354038,check if a string is a number (float),check if string `a` is an integer,a.isdigit(),151,0,0,31,0,2,0,64,0
1747817,Create a dictionary with list comprehension,Create a dictionary `d` from list of key value pairs `iterable`,"d = {k: v for (k, v) in iterable}",496,4,1,43,0,17,0,64,0
2331943,decode JSON,decode JSON string `u` to a dictionary,json.load(u),587,6,1,54,0,43,0,64,0
2951701,Is it possible to use 'else' in a python list comprehension?,"replace `0` with `2` in the list `[0, 1, 0, 3]`","[(a if a else 2) for a in [0, 1, 0, 3]]",684,8,7,34,1,37,0,64,0
3518778,read csv into record array in numpy,read csv file 'my_file.csv' into numpy array,"my_data = genfromtxt('my_file.csv', delimiter=',')",784,11,6,49,0,30,0,64,0
3842155,Is there a way to make the Tkinter text widget read only?,change the state of the Tkinter `Text` widget to read only i.e. `disabled`,text.config(state=DISABLED),821,12,4,46,1,47,1,64,0
4476373,Simple URL GET/POST function,post request url `url` with parameters `payload`,"r = requests.post(url, data=payload)",933,15,4,27,1,10,1,64,0
4644025,Python how to sort this list?,Sort a list 'lst' in descending order.,"sorted(lst, reverse=True)",963,15,7,52,1,50,0,64,0
4768151,How to perform double sort inside an array?,sort list `bar` by each element's attribute `attrb1` and attribute `attrb2` in reverse order,"bar.sort(key=lambda x: (x.attrb1, x.attrb2), reverse=True)",986,16,7,28,1,31,0,64,0
5844672,Delete an element from a dictionary,Delete an element 0 from a dictionary `a`,{i: a[i] for i in a if (i != 0)},1098,19,1,5,0,37,0,64,0
7595148,Python - Converting Hex to INT/CHAR,converting hex string `s` to its integer representations,[ord(c) for c in s.decode('hex')],1245,23,5,5,0,62,0,64,0
8916302,selecting across multiple columns with python pandas?,select all rows from pandas DataFrame 'df' where the value in column 'A' is greater than 1 or less than -1 in column 'B'.,df[(df['A'] > 1) | (df['B'] < -1)],1372,26,3,60,0,64,0,64,0
9554544,"Python, running command line tools in parallel",subprocess run command 'start command -flags arguments' through the shell,"subprocess.call('start command -flags arguments', shell=True)",1423,27,9,58,1,63,0,64,0
12777222,How can I zip file with a flattened directory structure using Zipfile in Python?,zip file `pdffile` using its basename as directory name,"archive.write(pdffile, os.path.basename(pdffile))",1672,34,9,52,1,63,0,64,0
12814667,How to sort a list according to another list?,How to sort a list according to another list?,a.sort(key=lambda x_y: b.index(x_y[0])),1677,34,7,28,1,19,0,64,0
12905999,Python dict how to create key or append an element to key?,Create a key `key` if it does not exist in dict `dic` and append element `value` to value.,"dic.setdefault(key, []).append(value)",1686,34,1,46,0,29,0,64,0
14182339,Matching multiple regex patterns with the alternation operator?,match regex '\\((.*?)\\)|(\\w)' with string '(zyx)bc',"re.findall('\\((.*?)\\)|(\\w)', '(zyx)bc')",1814,37,0,12,0,7,0,64,0
14661051,Convert Python dictionary to JSON array,convert python dictionary `your_data` to json array,"json.dumps(your_data, ensure_ascii=False)",1846,38,1,27,0,39,0,64,0
15043326,getting string between 2 characters in python,getting the string between 2 '$' characters in '$sin (x)$ is an function of x',"re.findall('\\$(.*?)\\$', '$sin (x)$ is an function of x')",1886,39,8,0,0,36,0,64,0
15851568,how to get the last part of a string before a certain character?,get the last part of a string before the character '-',"print(x.rsplit('-', 1)[0])",1948,41,8,0,0,17,0,64,0
17484631,Format string - spaces between every three digit,"insert ' ' between every three digit before '.' and replace ',' with '.' in 12345678.46","format(12345678.46, ',').replace(',', ' ').replace('.', ',')",2063,44,5,52,0,51,0,64,0
18102109,How do I implement a null coalescing operator in SQLAlchemy?,query all data from table `Task` where the value of column `time_spent` is bigger than 3 hours,session.query(Task).filter(Task.time_spent > timedelta(hours=3)).all(),2104,45,4,35,1,26,1,64,0
18116235,Removing letters from a list of both numbers and letters,Get only digits from a string `strs`,""""""""""""".join([c for c in strs if c.isdigit()])",2105,45,0,6,0,9,0,64,0
19433630,How to use 'User' as foreign key in Django 1.5,django create a foreign key column `user` and link it to table 'User',"user = models.ForeignKey('User', unique=True)",2197,47,4,41,1,28,1,64,0
19618912,Finding common rows (intersection) in two Pandas dataframes,Join data of dataframe `df1` with data in dataframe `df2` based on similar values of column 'user_id' in both dataframes,"s1 = pd.merge(df1, df2, how='inner', on=['user_id'])",2213,48,3,18,0,16,0,64,0
19641579,Python convert tuple to string,"concatenate strings in tuple `('a', 'b', 'c', 'd', 'g', 'x', 'r', 'e')` into a single string",""""""""""""".join(('a', 'b', 'c', 'd', 'g', 'x', 'r', 'e'))",2214,48,8,0,0,58,0,64,0
20796355,change current working directory in python,change current working directory,os.chdir('C:\\Users\\username\\Desktop\\headfirstpython\\chapter3'),2283,49,9,33,1,1,0,64,0
21361604,Specific sort a list of numbers separated by dots,sort a list `L` by number after second '.',"print(sorted(L, key=lambda x: int(x.split('.')[2])))",2307,50,7,63,1,62,0,64,0
21800169,Python Pandas: Get index of rows which column matches certain value,get index of rows in column 'BoolCol',df.loc[df['BoolCol']],2323,50,6,36,0,5,0,64,0
25823608,Find matching rows in 2 dimensional numpy array,"find rows matching `(0,1)` in a 2 dimensional numpy array `vals`","np.where((vals == (0, 1)).all(axis=1))",2432,53,6,7,0,21,0,64,0
26441253,how to reverse a priority queue in Python without using classes?,reverse a priority queue `q` in python without using classes,"q.put((-n, n))",2442,53,4,30,1,28,1,64,0
29836836,How do I filter a pandas DataFrame based on value counts?,filter dataframe `df` by values in column `A` that appear more than once,df.groupby('A').filter(lambda x: len(x) > 1),2532,56,3,1,0,4,0,64,0
31818050,round number to nearest integer,round number 2.0005 up to 3 decimal places,"round(2.0005, 3)",2597,57,5,6,0,59,0,64,0
34155829,How to efficiently convert Matlab engine arrays to numpy ndarray?,convert matlab engine array `x` to a numpy ndarray,np.array(x._data).reshape(x.size[::-1]).T,2657,59,6,54,0,21,0,64,0
36296993,avoiding regex in pandas str.replace,replace string 'in.' with ' in. ' in dataframe `df` column 'a',"df['a'] = df['a'].str.replace('in.', ' in. ')",2708,60,3,60,0,8,0,64,0
39605640,How do I pull a recurring key from a JSON?,pull a value with key 'name' from a json object `item`,print(item['name']),2770,62,4,25,1,27,1,64,0
