question_id,intent,rewritten_intent,snippet,idx,time_batch,cluster,gradual_batch,gradual_new,recurring_batch,rec_new,sudden_batch,sudden_new
82831,check whether a file exists,"check whether a file ""/does/not/exist"" exists",print(os.path.isfile('/does/not/exist')),51,0,9,22,1,57,0,45,0
275018,remove (chomp) a newline,"remove trailing newline in string ""test string\n""",'test string\n'.rstrip(),127,0,8,0,0,41,0,45,0
663171,selecting alternate characters,"select alternate characters of ""H-e-l-l-o- -W-o-r-l-d""",'H-e-l-l-o- -W-o-r-l-d'[::2],269,0,8,0,0,15,0,45,0
674509,"How do I iterate over a Python dictionary, ordered by values?",Iterate over dictionary `d` in ascending order of values,"sorted(iter(d.items()), key=lambda x: x[1])",273,0,1,8,0,50,0,45,0
741877,How do I tell matplotlib that I am done with a plot?,Matplotlib clear the current axes.,plt.cla(),302,0,4,18,1,10,1,45,0
761804,Trimming a string,"Trimming ""\n"" from string `myString`",myString.strip('\n'),315,0,8,0,0,52,0,45,0
1007481,How do I replace whitespaces with underscore and vice versa?,replace spaces with underscore,"mystring.replace(' ', '_')",395,1,8,35,0,49,0,45,0
1823058,print number with commas as thousands separators,print number `value` as thousands separators,"'{:,}'.format(value)",511,4,5,2,0,52,0,45,0
2354166,How do you modify sys.path in Google App Engine (Python)?,Insert directory 'apps' into directory `__file__`,"sys.path.insert(1, os.path.join(os.path.dirname(__file__), 'apps'))",591,6,9,45,1,14,0,45,0
3040904,Save JSON outputed from a URL to a file,save json output from a url ‘http://search.twitter.com/search.json?q=hi’ to file ‘hi.json’ in Python 2,"urllib.request.urlretrieve('http://search.twitter.com/search.json?q=hi', 'hi.json')",695,9,4,28,1,47,1,45,0
3781851,"Run a python script from another python script, passing in args","run python script 'script2.py' from another python script, passing in 1 as an argument",os.system('script2.py 1'),815,12,4,27,1,10,1,45,0
3886669,Tuple to string,convert tuple `tst` to string `tst2`,tst2 = str(tst),832,12,8,0,0,62,0,45,0
3925614,How do you read a file into a list in Python?,read a file 'C:/name/MyDocuments/numbers' into a list `data`,"data = [line.strip() for line in open('C:/name/MyDocuments/numbers', 'r')]",840,12,9,27,1,24,0,45,0
3940128,reverse a list,reverse a list `array`,reversed(array),853,13,7,31,1,32,0,45,0
4004550,Converting string series to float list,Converting string lists `s` to float list,"floats = map(float, s.split())",867,13,5,37,0,41,0,45,0
4523551,Python ASCII to binary,Convert ascii value 'P' to binary,bin(ord('P')),943,15,5,18,0,63,0,45,0
4810537,how to clear the screen in python,clear terminal screen on windows,os.system('cls'),992,16,4,55,1,25,1,45,0
5301996,How to do many-to-many Django query to find book with 2 given authors?,Filter Django objects by `author` with ids `1` and `2`,Book.objects.filter(author__id=1).filter(author__id=2),1055,18,4,16,1,25,1,45,0
8409095,matplotlib: Set markers for individual points on a line,set color marker styles `--bo` in matplotlib,"plt.plot(list(range(10)), '--bo')",1327,25,4,53,1,46,1,45,0
8425046,The best way to filter a dictionary in Python,Filter dictionary `d` to have items with value greater than 0,"d = {k: v for k, v in list(d.items()) if v > 0}",1330,25,1,8,0,60,0,45,0
13145368,Find the maximum value in a list of tuples in Python,get the item at index 0 from the tuple that has maximum value at index 1 in list `lis`,"max(lis, key=itemgetter(1))[0]",1705,35,7,25,1,48,0,45,0
13598363,How to dynamically select template directory to be used in flask?,Flask set folder 'wherever' as the default template folder,"Flask(__name__, template_folder='wherever')",1760,36,9,28,1,62,0,45,0
13793973,Easiest way to remove unicode representations from a string in python 3?,Print string `t` with proper unicode representations,print(t.decode('unicode_escape')),1777,36,8,0,0,32,0,45,0
14766194,testing whether a Numpy array contains a given row,"Check whether a numpy array `a` contains a given row `[1, 2]`","any(np.equal(a, [1, 2]).all(1))",1864,39,6,62,0,14,0,45,0
17306755,How can I format a float using matplotlib's LaTeX formatter?,format float `3.5e+20`  to `$3.5 \\times 10^{20}$` and set as title of matplotlib plot `ax`,"ax.set_title('$%s \\times 10^{%s}$' % ('3.5', '+20'))",2050,43,4,54,1,27,1,45,0
17352321,Python splitting string by parentheses,"find all occurrences of the pattern '\\[[^\\]]*\\]|\\([^\\)]*\\)|""[^""]*""|\\S+' within `strs`","re.findall('\\[[^\\]]*\\]|\\([^\\)]*\\)|""[^""]*""|\\S+', strs)",2053,43,0,13,0,61,0,45,0
17558552,How do I add custom field to Python log format string?,Log info message 'Log message' with attributes `{'app_name': 'myapp'}`,"logging.info('Log message', extra={'app_name': 'myapp'})",2067,44,4,35,1,10,1,45,0
17731822,Elegant way to convert list to hex string,Convert list of booleans `walls` into a hex string,"hex(int(''.join([str(int(b)) for b in walls]), 2))",2078,44,8,0,0,54,0,45,0
20205455,How to correctly parse UTF-8 encoded HTML to Unicode strings with BeautifulSoup?,parse UTF-8 encoded HTML response `response` to BeautifulSoup object,soup = BeautifulSoup(response.read().decode('utf-8')),2251,49,4,22,1,47,1,45,0
20457038,Python - how to round down to 2 decimals,Round number `answer` to 2 precision after the decimal point,"answer = str(round(answer, 2))",2260,49,5,40,0,42,0,45,0
20970279,"how to do a left,right and mid of a string in a pandas dataframe",get the middle two characters of a string 'state' in a pandas dataframe `df`,df['state'].apply(lambda x: x[len(x) / 2 - 1:len(x) / 2 + 1]),2290,50,3,43,0,23,0,45,0
21164910,Delete Column in Pandas based on Condition,delete all columns in  DataFrame `df` that do not hold a non-zero value in its records,"df.loc[:, ((df != 0).any(axis=0))]",2297,50,3,40,0,34,0,45,0
21800169,Python Pandas: Get index of rows which column matches certain value,Create a list containing the indexes of rows where the value of column 'BoolCol' in dataframe `df` are equal to True,df.iloc[np.flatnonzero(df['BoolCol'])],2322,50,3,35,0,39,0,45,0
26443308,Find last occurrence of character,"Find last occurrence of character '}' in string ""abcd}def}""",'abcd}def}'.rfind('}'),2443,53,0,27,0,7,0,45,0
27516849,How to convert list of numpy arrays into single numpy array?,concatenate sequence of numpy arrays  `LIST` into a one dimensional array along the first axis,"numpy.concatenate(LIST, axis=0)",2464,54,6,10,0,60,0,45,0
28431359,How to decode a 'url-encoded' string in python,"decode a double URL encoded string 
'FireShot3%2B%25282%2529.png' to
'FireShot3+(2).png'",urllib.parse.unquote(urllib.parse.unquote('FireShot3%2B%25282%2529.png')),2489,55,8,0,0,49,0,45,0
28684154,Python copy a list of lists,Copy list `old_list` and name it `new_list`,new_list = [x[:] for x in old_list],2497,55,7,59,1,9,0,45,0
33127636,PUT Request to REST API using Python,Execute a put request to the url `url`,"response = requests.put(url, data=json.dumps(data), headers=headers)",2643,59,4,59,1,11,1,45,0
41469647,Outer product of each column of a 2D array to form a 3D array - NumPy,outer product of each column of a 2d `X` array to form a 3d array `X`,"np.einsum('ij,kj->jik', X, X)",2837,64,6,8,0,52,0,45,0
