question_id,intent,rewritten_intent,snippet,idx,time_batch,cluster,gradual_batch,gradual_new,recurring_batch,rec_new,sudden_batch,sudden_new
70797,user input and commandline arguments,"print ""Please enter something: "" to console, and read user input to `var`",var = input('Please enter something: '),39,0,4,40,1,28,1,21,0
436599,Python Split String,truncate string `s` up to character ':',"s.split(':', 1)[1]",194,0,8,0,0,6,0,21,0
518021,Getting the length of an array,Getting the length of array `s`,len(s),225,0,6,3,0,18,0,21,0
973473,Getting a list of all subdirectories in the current directory,get a list of all subdirectories in the directory `directory`,[x[0] for x in os.walk(directory)],389,1,9,30,1,14,0,21,0
2011048,how to check the character count of a file in python,Get the characters count in a file `filepath`,os.stat(filepath).st_size,533,4,9,18,1,53,0,21,0
2229827,Django urlsafe base64 decoding with decryption,django urlsafe base64 decode string `uenc` with decryption,base64.urlsafe_b64decode(uenc.encode('ascii')),575,6,4,20,1,46,1,21,0
2406700,Accented characters in Matplotlib,"set an array of unicode characters `[u'\xe9', u'\xe3', u'\xe2']` as labels in Matplotlib `ax`","ax.set_yticklabels(['\xe9', '\xe3', '\xe2'])",598,6,4,19,1,28,1,21,0
2424412,What is the easiest way to convert list with str into list with int?,convert list of strings `str_list` into list of integers,[int(i) for i in str_list],604,6,5,11,0,22,0,21,0
2744795,Background color for Tk in Python,Change background color in Tkinter,root.configure(background='black'),649,7,4,64,1,48,1,21,0
3258573,Pythonic way to insert every 2 elements in a string,Insert a character `-` after every two elements in a string `s`,"""""""-"""""".join(a + b for a, b in zip(s[::2], s[1::2]))",723,9,8,0,0,29,0,21,0
3437059,string contains substring,"check if string ""substring"" is in string",string.find('substring'),766,10,0,30,0,16,0,21,0
3877491,deleting rows in numpy array,delete first row of array `x`,"x = numpy.delete(x, 0, axis=0)",827,12,6,12,0,63,0,21,0
3939361,Remove specific characters from a string,"Remove characters ""!@#$"" from a string `line`","line.translate(None, '!@#$')",848,13,8,0,0,4,0,21,0
4642501,How to sort dictionaries by keys in Python,get sorted list of keys of dict `d`,sorted(d),961,15,1,52,0,58,0,21,0
5255657,How can I disable logging while running unit tests in Python Django?,disable logging while running unit tests in python django,logging.disable(logging.CRITICAL),1052,18,4,57,1,27,1,21,0
7125009,How to change legend size with matplotlib.pyplot,change legend font size with matplotlib.pyplot to 6,"plot.legend(loc=2, prop={'size': 6})",1194,21,4,44,1,12,1,21,0
7371935,Sort a string in lexicographic order python,Sort a string `s` in lexicographic order,"sorted(s, key=str.upper)",1232,22,0,5,0,54,0,21,0
9257094,change a string into uppercase,change string `s` to upper case,s.upper(),1401,27,8,0,0,13,0,21,0
10194713,Sorting a defaultdict by value in python,Sort dictionary `u` in ascending order based on second elements of its values,"sorted(list(u.items()), key=lambda v: v[1])",1472,29,1,17,0,7,0,21,0
10677350,Convert float to comma-separated string,Convert float 24322.34 to comma-separated string,"""""""{0:,.2f}"""""".format(24322.34)",1519,30,5,7,0,44,0,21,0
10824319,Python: How to convert a string containing hex bytes to a hex string,convert a string `s` containing hex bytes to a hex string,binascii.a2b_hex(s),1525,30,8,0,0,29,0,21,0
11709079,Parsing HTML,Parsing webpage 'http://www.google.com/' using BeautifulSoup,"page = urllib.request.urlopen('http://www.google.com/')
soup = BeautifulSoup(page)",1598,32,4,29,1,47,1,21,0
11833266,How do I read the first line of a string?,read the first line of a string `my_string`,my_string.splitlines()[0],1609,32,8,0,0,18,0,21,0
13303100,how to access the class variable by string in Python?,access the class variable `a_string` from a class object `test`,"getattr(test, a_string)",1728,35,4,47,1,12,1,21,0
13413590,How to drop rows of Pandas DataFrame whose value in certain columns is NaN,"Drop rows of pandas dataframe `df` having NaN in column at index ""1""",df.dropna(subset=[1]),1743,35,3,9,0,6,0,21,0
14986218,From a list of lists to a dictionary,Convert a list of lists `lol` to a dictionary with key as second value of a list and value as list itself,{x[1]: x for x in lol},1882,39,1,5,0,40,0,21,0
15286401,Print multiple arguments in python,"print the string `Total score for`, the value of the variable `name`, the string `is` and the value of the variable `score` in one print call.","print(('Total score for', name, 'is', score))",1909,40,4,59,1,46,1,21,0
17109608,change figure size and figure format in matplotlib,change figure size to 3 by 4 in matplotlib,"plt.figure(figsize=(3, 4))",2031,43,4,64,1,25,1,21,0
17117912,Python Accessing Values in A List of Dictionaries,create a list where each element is a value of the key 'Name' for each dictionary `d` in the list `thisismylist`,[d['Name'] for d in thisismylist],2033,43,1,26,0,23,0,21,0
17577727,"Python, Encoding output to UTF-8",decode string `content` to UTF-8 code,print(content.decode('utf8')),2068,44,8,0,0,63,0,21,0
18391059,python - How to format variable number of arguments into a string?,how to format a list of arguments `my_args` into a string,"'Hello %s' % ', '.join(my_args)",2126,45,8,0,0,14,0,21,0
19643099,Sorting a list of tuples with multiple conditions,sort list `list_` based on first element of each tuple and by the length of the second element of each tuple,"list_.sort(key=lambda x: [x[0], len(x[1]), x[1]])",2215,48,7,55,1,40,0,21,0
19948732,Changing marker's size in matplotlib,Matplotlib change marker size to 500,"scatter(x, y, s=500, color='green', marker='h')",2233,48,4,63,1,45,1,21,0
27905295,How to replace NaNs by preceding values in pandas DataFrame?,replace nans by preceding values in pandas dataframe `df`,"df.fillna(method='ffill', inplace=True)",2477,54,3,54,0,31,0,21,0
30650254,Is it possible to serve a static html page at the root of a django project?,serve a static html page 'your_template.html' at the root of a django project,"url('^$', TemplateView.as_view(template_name='your_template.html'))",2558,56,4,49,1,26,1,21,0
32722143,Flask application traceback doesn't show up in server log,run flask application `app` in debug mode.,app.run(debug=True),2628,58,4,44,1,11,1,21,0
39532974,Remove final characters from string recursively - What's the best way to do this?,remove letters from string `example_line` if the letter exist in list `bad_chars`,""""""""""""".join(dropwhile(lambda x: x in bad_chars, example_line[::-1]))[::-1]",2764,62,8,0,0,43,0,21,0
40133826,Python save list and read data from file,python save list `mylist` to file object 'save.txt',"pickle.dump(mylist, open('save.txt', 'wb'))",2786,62,9,52,1,17,0,21,0
40319433,Numpy: find the euclidean distance between two 3-D arrays,find the euclidean distance between two 3-d arrays `A` and `B`,np.sqrt(((A - B) ** 2).sum(-1)),2796,62,6,56,0,4,0,21,0
