question_id,intent,rewritten_intent,snippet,idx,time_batch,cluster,gradual_batch,gradual_new,recurring_batch,rec_new,sudden_batch,sudden_new
82831,check whether a file exists,"check whether a path ""/etc"" exists",print(os.path.exists('/etc')),49,0,9,56,1,8,0,13,0
209840,Map two lists into a dictionary in Python,map two lists `keys` and `values` into a dictionary,"dict([(k, v) for k, v in zip(keys, values)])",94,0,1,4,0,22,0,13,0
354038,check if a string is a number,check if string `b` is a number,b.isdigit(),152,0,0,18,0,52,0,13,0
861190,Ordering a list of dictionaries in python,ordering a list of dictionaries `mylist` by elements 'weight' and 'factor',"mylist.sort(key=lambda d: (d['weight'], d['factor']))",347,0,1,8,0,15,0,13,0
1185524,trim whitespace (including tabs),trim whitespace (including tabs) in `s` on the left side,s = s.lstrip(),422,2,8,0,0,51,0,13,0
1303243,find out if a Python object is a string,check if object `o` is a string,(type(o) is str),442,2,0,59,0,51,0,13,0
1885181,How do I un-escape a backslash-escaped string in python?,"un-escape a backslash-escaped string in `Hello,\\nworld!`","print('""Hello,\\nworld!""'.decode('string_escape'))",519,4,8,0,0,30,0,13,0
2052390,Manually raising (throwing) an exception,"Manually throw an exception ""I know python!""",raise Exception('I know python!'),539,5,4,28,1,45,1,13,0
2544710,How I can get rid of None values in dictionary?,get rid of None values in dictionary `kwargs`,"res = {k: v for k, v in list(kwargs.items()) if v is not None}",612,6,1,37,0,54,0,13,0
2636755,How to convert hex string to integer in Python?,convert a hex string `x` to string,"y = str(int(x, 16))",640,7,8,0,0,18,0,13,0
3809265,numpy matrix multiplication,scalar multiply matrix `a` by `b`,(a.T * b).T,818,12,6,11,0,22,0,13,0
3895874,"Regex to match 'lol' to 'lolllll' and 'omg' to 'omggg', etc",Write a regex statement to match 'lol' to 'lolllll'.,"re.sub('l+', 'l', 'lollll')",835,12,0,57,0,43,0,13,0
3989016,How to find all positions of the maximum value in a list?,get index of the first biggest element in list `a`,a.index(max(a)),863,13,7,15,1,24,0,13,0
4143502,How to do a scatter plot with empty circles in Python?,"scatter a plot with x, y position of `np.random.randn(100)` and face color equal to none","plt.scatter(np.random.randn(100), np.random.randn(100), facecolors='none')",885,13,4,20,1,10,1,13,0
4289331,Python: Extract numbers from a string,Python: Extract numbers from a string,"[int(s) for s in re.findall('\\b\\d+\\b', ""he33llo 42 I'm a 32 string 30"")]",910,14,5,58,0,7,0,13,0
4789021,"In Django, how do I check if a user is in a certain group?","check if a user `user` is in a group from list of groups `['group1', 'group2']`","return user.groups.filter(name__in=['group1', 'group2']).exists()",988,16,7,32,1,21,0,13,0
4940032,Search for string in txt file,Search for string 'blabla' in txt file 'example.txt',"if ('blabla' in open('example.txt').read()):
    pass",1023,17,0,8,0,4,0,13,0
5864271,Reverse a string in Python two characters at a time (Network byte order),reverse a string `a` by 2 characters at a time,""""""""""""".join(reversed([a[i:i + 2] for i in range(0, len(a), 2)]))",1101,19,8,0,0,44,0,13,0
8908287,Base64 encoding in Python 3,encode string 'data to be encoded',encoded = base64.b64encode('data to be encoded'),1371,26,8,0,0,18,0,13,0
8924173,How do I print bold text in Python?,print bold text 'Hello',print('\x1b[1m' + 'Hello'),1373,26,8,0,0,15,0,13,0
9550867,Python Pandas Pivot Table,produce a pivot table as dataframe using column 'Y' in datafram `df` to form the axes of the resulting dataframe,"df.pivot_table('Y', rows='X', cols='X2')",1422,27,3,35,0,19,0,13,0
11692613,Python - sum values in dictionary,Get all the values in key `gold` summed from a list of dictionary `myLIst`,sum(item['gold'] for item in myLIst),1593,32,1,15,0,6,0,13,0
11833266,How do I read the first line of a string?,How do I read the first line of a string?,"my_string.split('\n', 1)[0]",1610,32,8,0,0,59,0,13,0
12096252,use a list of values to select rows from a pandas dataframe,"use a list of values `[3,6]` to select rows from a pandas dataframe `df`'s column 'A'","df[df['A'].isin([3, 6])]",1624,32,3,1,0,39,0,13,0
12345387,Removing _id element from Pymongo results,Find all records from collection `collection` without extracting mongo id `_id`,"db.collection.find({}, {'_id': False})",1643,33,4,48,1,12,1,13,0
13167391,filtering grouped df in pandas,filter dataframe `grouped` where the length of each group `x` is bigger than 1,grouped.filter(lambda x: len(x) > 1),1710,35,3,37,0,15,0,13,0
13945749,String Formatting in Python 3,format the variables `self.goals` and `self.penalties` using string formatting,"""""""({:d} goals, ${:d})"""""".format(self.goals, self.penalties)",1791,37,8,0,0,19,0,13,0
14435268,"How to access a tag called ""name"" in BeautifulSoup","access a tag called ""name"" in beautifulsoup `soup`",print(soup.find('name').string),1833,38,4,25,1,25,1,13,0
15286401,Print multiple arguments in python,print string including multiple variables `name` and `score`,"print(('Total score for', name, 'is', score))",1908,40,8,0,0,34,0,13,0
16874598,How do I calculate the md5 checksum of a file in Python?,calculate the md5 checksum of a file named  'filename.exe',"hashlib.md5(open('filename.exe', 'rb').read()).hexdigest()",2011,42,9,62,1,6,0,13,0
18176933,Create an empty data frame with index from another data frame,create an empty data frame `df2` with index from another data frame `df1`,df2 = pd.DataFrame(index=df1.index),2112,45,3,13,0,18,0,13,0
18649884,Python list comprehension for loops,Get a list from two strings `12345` and `ab` with values as each character concatenated,[(x + y) for x in '12345' for y in 'ab'],2148,46,8,0,0,36,0,13,0
20668060,PyQt QPushButton Background color,change the background colour of the button `pushbutton` to red,self.pushButton.setStyleSheet('background-color: red'),2274,49,4,64,1,25,1,13,0
20950650,How to sort Counter by value? - python,reverse sort Counter `x` by values,"sorted(x, key=x.get, reverse=True)",2288,49,7,23,1,60,0,13,0
28925267,delete every nth row or column in a matrix using Python,delete every 8th column in a numpy array 'a'.,"np.delete(a, list(range(0, a.shape[1], 8)), axis=1)",2504,55,6,20,0,41,0,13,0
39821166,How to reverse the elements in a sublist?,"given list `to_reverse`, reverse the all sublists and the list itself",[sublist[::-1] for sublist in to_reverse[::-1]],2776,62,7,24,1,3,0,13,0
40094588,How to get a list of matchable characters from a regex class,get a list of characters in string `x` matching regex pattern `pattern`,"print(re.findall(pattern, x))",2785,62,0,12,0,53,0,13,0
41067960,How to convert a list of multiple integers into a single integer?,convert a list of integers into a single integer,"r = int(''.join(map(str, x)))",2822,63,5,53,0,44,0,13,0
42178481,How to count the number of a specific character at the end of a string ignoring duplicates?,count the number of trailing question marks in string `my_text`,len(my_text) - len(my_text.rstrip('?')),2862,64,0,30,0,41,0,13,0
