question_id,intent,rewritten_intent,snippet,idx,time_batch,cluster,gradual_batch,gradual_new,recurring_batch,rec_new,sudden_batch,sudden_new
1854,What OS am I running on,get os version,"import platform
platform.release()",7,0,4,61,1,11,1,61,0
275018,remove (chomp) a newline,"remove newline in string ""Hello\n\n\n"" on the right side",'Hello\n\n\n'.rstrip('\n'),126,0,8,0,0,39,0,61,0
432842,get the logical xor of two variables,get logical xor of `a` and `b`,(bool(a) != bool(b)),193,0,0,48,0,30,0,61,0
931092,Reverse a string,Reverse a string `a_string`,a_string[::(-1)],369,0,8,0,0,8,0,61,0
931092,Reverse a string,Reverse a string 'hello world','hello world'[::(-1)],371,0,8,0,0,56,0,61,0
1058712,How do I select a random element from an array in Python?,"select a random element from array `[1, 2, 3]`","random.choice([1, 2, 3])",409,1,6,61,0,51,0,61,0
1405602,How to adjust the quality of a resized image in Python Imaging Library?,"resized image `image` to width, height of `(x, y)` with filter of `ANTIALIAS`","image = image.resize((x, y), Image.ANTIALIAS)",456,2,4,49,1,45,1,61,0
2233917,How to input an integer tuple from user?,input a tuple of integers from user,"tuple(int(x.strip()) for x in input().split(','))",579,6,5,7,0,44,0,61,0
2953746,Python parse comma-separated number into int,"parse a comma-separated string number '1,000,000' into int","int('1,000,000'.replace(',', ''))",685,8,5,36,0,55,0,61,0
3061761,Numpy array dimensions,get the dimensions of numpy array `a`,N.shape(a),700,9,6,29,0,65,0,61,0
3182716,Python unicode string with UTF-8?,Encode a latin character in string `Sopet\xc3\xb3n` properly,'Sopet\xc3\xb3n'.encode('latin-1').decode('utf-8'),712,9,8,0,0,49,0,61,0
4284648,Converting lists of tuples to strings Python,convert each tuple in list `l` to a string with '@' separating the tuples' elements,""""""" """""".join([('%d@%d' % (t[0], t[1])) for t in l])",906,14,7,63,1,57,0,61,0
4508155,How do I use a MD5 hash (or other binary data) as a key name?,Get a md5 hash from string `thecakeisalie`,k = hashlib.md5('thecakeisalie').hexdigest(),942,15,4,38,1,46,1,61,0
5971312,How to set environment variables in Python,Get a environment variable `DEBUSSY`,print(os.environ['DEBUSSY']),1114,19,4,27,1,26,1,61,0
6886493,Get all object attributes,Get all object attributes of an object,dir(),1182,21,4,23,1,26,1,61,0
6996603,Delete a file or folder,recursively remove folder `name`,os.removedirs(name),1190,21,9,47,1,20,0,61,0
8440117,How do I print a Celsius symbol with matplotlib?,print a celsius symbol on x axis of a plot `ax`,ax.set_xlabel('Temperature (\u2103)'),1332,25,4,13,1,10,1,61,0
9040939,How to find all possible sequences of elements in a list?,"find all possible sequences of elements in a list `[2, 3, 4]`","map(list, permutations([2, 3, 4]))",1385,26,7,35,1,14,0,61,0
10264618,Transform unicode string in python,"encode value of key `City` in dictionary `data` as `ascii`, ignoring non-ascii characters","data['City'].encode('ascii', 'ignore')",1478,29,1,20,0,53,0,61,0
11280536,How can I add the corresponding elements of several lists of numbers?,sum elements at the same index of each list in list `lists`,"map(sum, zip(*lists))",1558,31,7,44,1,1,0,61,0
12814667,How to sort a list according to another list?,sort list `a` using the first dimension of the element as the key to list `b`,a.sort(key=lambda x: b.index(x[0])),1676,34,7,51,1,37,0,61,0
14104778,Set execute bit for a file using python,Change the mode of file 'my_script.sh' to permission number 484,"os.chmod('my_script.sh', 484)",1805,37,9,63,1,37,0,61,0
15103484,"How to use regular expression to separate numbers and characters in strings like ""30M1000N20M""",separate numbers and characters in string '20M10000N80M',"re.findall('([0-9]+)([A-Z])', '20M10000N80M')",1895,39,5,14,0,55,0,61,0
15445981,How do I disable the security certificate check in Python requests,disable the certificate check in https requests for url `https://kennethreitz.com`,"requests.get('https://kennethreitz.com', verify=False)",1924,40,4,36,1,45,1,61,0
15741759,Find maximum value of a column and return the corresponding row values using Pandas,Return rows of data associated with the maximum value of column 'Value' in dataframe `df`,df.loc[df['Value'].idxmax()],1941,41,3,1,0,40,0,61,0
16159228,Formatting text to be justified in Python 3.3 with .format() method,right align string `mystring` with a width of 7,"""""""{:>7s}"""""".format(mystring)",1972,41,8,0,0,35,0,61,0
16677816,Printing lists onto tables in python,print list `t` into a table-like shape,"print('\n'.join('  '.join(map(str, row)) for row in t))",1997,42,7,58,1,1,0,61,0
17407691,Python regex to match multiple times,Get multiple matched strings using regex pattern `(?:review: )?(http://url.com/(\\d+))\\s?`,"pattern = re.compile('(?:review: )?(http://url.com/(\\d+))\\s?', re.IGNORECASE)",2054,43,0,3,0,64,0,61,0
17438906,Combining rows in pandas,combining rows in pandas by adding their values,df.groupby(df.index).sum(),2058,44,3,5,0,64,0,61,0
17977584,How to read data from Excel and write it to text file line by line?,open a file `Output.txt` in append mode,"file = open('Output.txt', 'a')",2097,45,9,32,1,54,0,61,0
18789262,python dict comprehension with two ranges,"convert the zip of range `(1, 5)` and range `(7, 11)` into a dictionary","dict(zip(list(range(1, 5)), list(range(7, 11))))",2163,46,1,64,0,30,0,61,0
20735384,Regex Python adding characters after a certain word,add character '@' after word 'get' in string `text`,"text = re.sub('(\\bget\\b)', '\\1@', text)",2278,49,8,0,0,3,0,61,0
22229255,Confusing with the usage of regex in Python,match zero-or-more instances of lower case alphabet characters in a string `f233op `,"re.findall('([a-z]*)', 'f233op')",2346,51,0,54,0,2,0,61,0
23566515,Multiplication of 1d arrays in numpy,multiplication of two 1-dimensional arrays  in numpy,"np.outer(a, b)",2381,52,6,10,0,35,0,61,0
25651990,OSError: [WinError 193] %1 is not a valid Win32 application,run script 'hello.py' with argument 'htmlfilename.htm' on terminal using python executable,"subprocess.call(['python.exe', 'hello.py', 'htmlfilename.htm'])",2426,53,9,47,1,20,0,61,0
29902714,Print the complete string of a pandas dataframe,"get  value at index `[2, 0]` in dataframe `df`","df.iloc[2, 0]",2535,56,3,35,0,56,0,61,0
31371879,Split by suffix with Python regular expression,split string `s` by words that ends with 'd',"re.findall('\\b(\\w+)d\\b', s)",2580,57,8,0,0,3,0,61,0
32792602,Find string with regular expression in python,search for occurrences of regex pattern `pattern` in string `url`,print(pattern.search(url).group(1)),2631,58,0,52,0,8,0,61,0
35005907,re.split with spaces in python,split string `s` based on white spaces,"re.findall('\\s+|\\S+', s)",2680,60,8,0,0,63,0,61,0
