question_id,intent,rewritten_intent,snippet,idx,time_batch,cluster,gradual_batch,gradual_new
104420,How to generate all permutations of a list in Python,"generate all permutations of a list `[1, 2, 3]`","itertools.permutations([1, 2, 3])",66,0,7,29,1
247770,Retrieving python module path,get the path of module `a_module`,print(a_module.__file__),109,0,9,29,1
251464,How to get a function name as a string in Python?,How to get a function name as a string in Python?,my_function.__name__,113,0,4,29,1
300445,How to unquote a urlencoded unicode string in python?,unquote a urlencoded unicode string '%0a',urllib.parse.unquote('%0a'),133,0,8,29,0
1012185,"In Python, how do I index a list with another list?",index a list `L` with another list `Idx`,T = [L[i] for i in Idx],397,1,7,29,1
1532810,How to read lines from a file into a multidimensional array (or an array of lists) in python,read lines from a csv file `./urls-eu.csv` into a list of lists `arr`,"arr = [line.split(',') for line in open('./urls-eu.csv')]",468,3,9,29,1
1602934,Check if a given key already exists in a dictionary,Check if a given key 'key1' exists in dictionary `dict`,"if ('key1' in dict):
    pass",480,3,1,29,0
1949318,Checking if a website is up,"Checking if website ""http://www.stackoverflow.com"" is up",print(urllib.request.urlopen('http://www.stackoverflow.com').getcode()),525,4,4,29,1
2597932,"how to change [1,2,3,4] to '1234' using python","join list of numbers `[1,2,3,4] ` to string of numbers.",""""""""""""".join([1, 2, 3, 4])",624,7,7,29,1
3061761,Numpy array dimensions,get the dimensions of numpy array `a`,N.shape(a),700,9,6,29,0
4004550,Converting string series to float list,Converting string lists `s` to float list,floats = [float(x) for x in s.split()],868,13,5,29,0
4299741,Merging items in a list - Python,"merge a list of integers `[1, 2, 3, 4, 5]` into a single integer","from functools import reduce
reduce(lambda x, y: 10 * x + y, [1, 2, 3, 4, 5])",913,14,7,29,1
4659524,how to sort by length of string followed by alphabetical order?,sort list `the_list` by the length of string followed by alphabetical order,"the_list.sort(key=lambda item: (-len(item), item))",964,16,7,29,1
4710067,Deleting a specific line in a file (python),Open a file `yourfile.txt` in write mode,"f = open('yourfile.txt', 'w')",982,16,9,29,1
4859292,How to get a random value in python dictionary,get a random key `country` and value `capital` form a dictionary `d`,"country, capital = random.choice(list(d.items()))",1001,16,1,29,0
4880960,Sum of all values in a Python dict,sum of all values in a python dict `d`,sum(d.values()),1004,17,1,29,0
5558418,list of dicts to/from dict of lists,group a list of dicts `LD` into one dict by key,"print(dict(zip(LD[0], zip(*[list(d.values()) for d in LD]))))",1077,18,1,29,0
6407780,How to extract data from JSON Object in Python?,extract data field 'bar' from json object,"json.loads('{""foo"": 42, ""bar"": ""baz""}')['bar']",1143,20,4,29,1
7351270,Control a print format when printing a list in Python,print numbers in list `list` with precision of 3 decimal places,"print('[%s]' % ', '.join('%.3f' % val for val in list))",1226,22,5,29,0
7351270,Control a print format when printing a list in Python,print a list of floating numbers `l` using string formatting,print([('%5.3f' % val) for val in l]),1227,22,5,29,0
8586738,Get required fields from Document in mongoengine?,Get a list of all fields in class `User` that are marked `required`,"[k for k, v in User._fields.items() if v.required]",1342,25,4,29,1
8712332,Array indexing in numpy,retrieve all items in an numpy array 'x' except the item of the index 1,"x[(np.arange(x.shape[0]) != 1), :, :]",1355,26,6,29,0
11709079,Parsing HTML,Parsing webpage 'http://www.google.com/' using BeautifulSoup,"page = urllib.request.urlopen('http://www.google.com/')
soup = BeautifulSoup(page)",1598,32,4,29,1
12211944,How to match beginning of string or character in Python,find float number proceeding sub-string `par` in string `dir`,"float(re.findall('(?:^|_)' + par + '(\\d+\\.\\d*)', dir)[0])",1630,33,5,29,0
12765833,Counting the number of True Booleans in a Python List,"counting the number of true booleans in a python list `[True, True, False, False, False, True]`","sum([True, True, False, False, False, True])",1669,34,7,29,1
12772057,how to format date in ISO using python?,Format a date object `str_data` into iso fomrat,"datetime.datetime.strptime(str_date, '%m/%d/%Y').date().isoformat()",1671,34,2,29,0
13408919,sorting list of tuples by arbitrary key,sort list `mylist` of tuples by arbitrary key from list `order`,"sorted(mylist, key=lambda x: order.index(x[1]))",1739,35,7,29,1
13627865,Is it possible to define global variables in a function in Python,define global variable `something` with value `bob`,globals()['something'] = 'bob',1761,36,4,29,1
15352457,How can I sum a column of a list?,sum columns of a list `array`,[sum(row[i] for row in array) for i in range(len(array[0]))],1917,40,6,29,0
16772071,sort dict by value python,sort dict by value python,"sorted(list(data.items()), key=lambda x: x[1])",2007,42,1,29,0
18524642,Convert list of lists to list of integers,convert list of lists `L` to list of integers,[int(''.join(str(d) for d in x)) for x in L],2140,46,7,29,1
20400135,Simple way to append a pandas series with same index,append a pandas series `b` to the series `a` and get a continuous index,a.append(b).reset_index(drop=True),2259,49,3,29,0
23422542,Slicing a list in Django template,django jinja slice list `mylist` by '3:8',{{(mylist | slice): '3:8'}},2379,52,7,29,1
27318022,Read a File from redirected stdin with python,read a file from redirected stdin and save to variable `result`,result = sys.stdin.read(),2460,54,9,29,1
29464234,Compare Python Pandas DataFrames for matching rows,"find all the rows in Dataframe 'df2' that are also present in Dataframe 'df1', for the columns 'A', 'B', 'C' and 'D'.","pd.merge(df1, df2, on=['A', 'B', 'C', 'D'], how='inner')",2521,55,3,29,0
29471884,Get the immediate minimum among a list of numbers in python,get the next value greatest to `2` from a list of numbers `num_list`,min([x for x in num_list if x > 2]),2522,55,7,29,1
30994370,How can I add a comment to a YAML file in Python,Write a comment `# Data for Class A\n` to a file object `f`,f.write('# Data for Class A\n'),2570,57,9,29,1
33824334,How to convert this list into a dictionary,"convert list `lst` of key, value pairs into a dictionary","dict([(e[0], int(e[1])) for e in lst])",2652,59,1,29,0
38388799,Sort A list of Strings Based on certain field,sort list `list_of_strings` based on second index of each string `s`,"sorted(list_of_strings, key=lambda s: s.split(',')[1])",2742,61,7,29,1
