question_id,intent,rewritten_intent,snippet,idx,time_batch,cluster,gradual_batch,gradual_new
22676,download a file over HTTP,"download a file ""http://www.example.com/songs/mp3.mp3"" over HTTP and save to ""mp3.mp3""","urllib.request.urlretrieve('http://www.example.com/songs/mp3.mp3', 'mp3.mp3')",19,0,9,54,1
364621,get item's position in a list,get the position of item 1 in `testlist`,"gen = (i for (i, x) in enumerate(testlist) if (x == 1))
for i in gen:
    pass",163,0,7,54,1
598398,Searching a list of objects in Python,"get elements from list `myList`, that have a field `n` value 30",[x for x in myList if x.n == 30],242,0,7,54,1
1094717,Convert a string to integer with decimal in Python,convert a string `s` containing a decimal to an integer,int(Decimal(s)),416,1,5,54,0
2331943,decode JSON,decode JSON string `u` to a dictionary,json.load(u),587,6,1,54,0
2375335,"In Django, how do I clear a sessionkey?",clear session key 'mykey',del request.session['mykey'],594,6,4,54,1
2553354,How to get a variable name as a string in Python?,"get a dict of variable names `['some', 'list', 'of', 'vars']` as a string and their values","dict((name, eval(name)) for name in ['some', 'list', 'of', 'vars'])",615,7,1,54,0
2600775,How to get week number in Python?,get equivalent week number from a date `2010/6/16` using  isocalendar,"datetime.date(2010, 6, 16).isocalendar()[1]",630,7,2,54,0
3294889,Iterating over dictionaries using for loops,Iterating key and items over dictionary `d`,"for (letter, number) in list(d.items()):
    pass",736,10,1,54,0
4934806,How can I find script's directory with Python?,print script's directory,print(os.path.dirname(os.path.realpath(__file__))),1020,17,9,54,1
6159900,write line to file,"write line ""Hello"" to file `somefile.txt`","with open('somefile.txt', 'a') as the_file:
    the_file.write('Hello\n')",1127,20,9,54,1
6996603,Delete a file or folder,delete an empty directory,os.rmdir(),1191,21,9,54,1
7378180,Generate all subsets of size k (containing k elements) in Python,"generate all 2-element subsets of tuple `(1, 2, 3)`","list(itertools.combinations((1, 2, 3), 2))",1235,22,7,54,1
7768859,Python: for loop in index assignment,Convert integer elements in list `wordids` to strings,[str(wi) for wi in wordids],1260,23,5,54,0
8369219,How do I read a text file into a string variable in Python,read a text file 'very_Important.txt' into a string variable `str`,"str = open('very_Important.txt', 'r').read()",1322,25,9,54,1
9376384,Sort a list of tuples depending on two elements,"sort a list of tuples 'unsorted' based on two elements, second and third","sorted(unsorted, key=lambda element: (element[1], element[2]))",1410,27,7,54,1
10666163,How to check if all elements of a list matches a condition?,Find all the lists from a lists of list 'items' if third element in all sub-lists is '0',[x for x in items if x[2] == 0],1515,30,7,54,1
11348347,Find non-common elements in lists,"create a set that is the exclusive or of [1, 2, 3] and [3, 4, 5]","set([1, 2, 3]) ^ set([3, 4, 5])",1566,31,7,54,1
14931769,get all combination of n binary value,get all combination of 3 binary values,"bin = [0, 1]
[(x, y, z) for x in bin for y in bin for z in bin]",1872,39,7,54,1
15548506,Node labels using networkx,Draw node labels `labels` on networkx graph `G ` at position `pos`,"networkx.draw_networkx_labels(G, pos, labels)",1934,40,4,54,1
16128833,Using inheritance in python,inherit from class `Executive`,"super(Executive, self).__init__(*args)",1970,41,4,54,1
16766643,Convert Date String to Day of Week,"convert date string 'January 11, 2010'  into day of week","datetime.datetime.strptime('January 11, 2010', '%B %d, %Y').strftime('%A')",2002,42,2,54,0
17306755,How can I format a float using matplotlib's LaTeX formatter?,format float `3.5e+20`  to `$3.5 \\times 10^{20}$` and set as title of matplotlib plot `ax`,"ax.set_title('$%s \\times 10^{%s}$' % ('3.5', '+20'))",2050,43,4,54,1
17713873,How do I sort a Python list of time values?,"sort list `['14:10:01', '03:12:08']`","sorted(['14:10:01', '03:12:08'])",2077,44,7,54,1
18131741,Python: find out whether a list of integers is coherent,check if elements in list `my_list` are coherent in order,"return my_list == list(range(my_list[0], my_list[-1] + 1))",2107,45,7,54,1
18637651,Most pythonic way to convert a list of tuples,group a list `list_of_tuples` of tuples by values,zip(*list_of_tuples),2146,46,7,54,1
20062565,Splitting a string by using two substrings in Python,search for regex pattern 'Test(.*)print' in string `testStr` including new line character '\n',"re.search('Test(.*)print', testStr, re.DOTALL)",2241,48,0,54,0
21519203,"Plotting a list of (x, y) coordinates in python matplotlib",Make a scatter plot using unpacked values of list `li`,plt.scatter(*zip(*li)),2309,50,7,54,1
22229255,Confusing with the usage of regex in Python,match zero-or-more instances of lower case alphabet characters in a string `f233op `,"re.findall('([a-z]*)', 'f233op')",2346,51,0,54,0
23748995,Pandas DataFrame to list,Get a list of all values in column `a` in pandas data frame `df`,df['a'].tolist(),2387,52,3,54,0
26894227,sum of squares in a list in one line?,calculate the sum of the squares of each value in list `l`,"sum(map(lambda x: x * x, l))",2451,54,7,54,1
27905295,How to replace NaNs by preceding values in pandas DataFrame?,replace nans by preceding values in pandas dataframe `df`,"df.fillna(method='ffill', inplace=True)",2477,54,3,54,0
32792874,"Searching if the values on a list is in the dictionary whose format is key-string, value-list(strings)",get geys of dictionary `my_dict` that contain any values from list `lst`,"[key for key, value in list(my_dict.items()) if set(value).intersection(lst)]",2633,58,1,54,0
33065588,How to execute a command in the terminal from a Python script?,execute a command `command ` in the terminal from a python script,os.system(command),2641,59,4,54,1
34155829,How to efficiently convert Matlab engine arrays to numpy ndarray?,convert matlab engine array `x` to a numpy ndarray,np.array(x._data).reshape(x.size[::-1]).T,2657,59,6,54,0
35883459,Creating a list of dictionaries in python,"creating a list of dictionaries [{'A': 1, 'C': 4, 'B': 2, 'D': 4}, {'A': 1, 'C': 4, 'B': 1, 'D': 5}]","[{'A': 1, 'C': 4, 'B': 2, 'D': 4}, {'A': 1, 'C': 4, 'B': 1, 'D': 5}]",2702,60,1,54,0
37497559,Python Pandas Identify Duplicated rows with Additional Column,identify duplicated rows in columns 'PplNum' and 'RoomNum' with additional column in dataframe `df`,"df.groupby(['PplNum', 'RoomNum']).cumcount() + 1",2724,61,3,54,0
40313203,Add tuple to a list of tuples,Sum elements of tuple `b` to their respective elements of each tuple in list `a`,"c = [[(i + j) for i, j in zip(e, b)] for e in a]",2795,62,7,54,1
40498088,"List comprehension - converting strings in one list, to integers in another",get list of sums of neighboring integers in string `example`,"[sum(map(int, s)) for s in example.split()]",2802,63,7,54,1
