question_id,intent,rewritten_intent,snippet,idx,time_batch,cluster,gradual_batch,gradual_new
237079,get file creation & modification date/times in,get modified time of file `file`,print(('last modified: %s' % time.ctime(os.path.getmtime(file)))),101,0,9,60,1
674764,string find,find the index of sub string 'a' in string `str`,str.find('a'),278,0,0,60,0
678236,How to get the filename without the extension from a path in Python?,get the filename without the extension from file 'hemanth.txt',print(os.path.splitext(os.path.basename('hemanth.txt'))[0]),289,0,9,60,1
930397,gets the nth-to-last element,gets the `n` th-to-last element in list `some_list`,some_list[(- n)],362,0,7,60,1
2508861,Python: Convert a string to an integer,Python: Convert a string to an integer,int('  23  '),608,6,5,60,0
3685265,How to write a multidimensional array to a text file?,save numpy array `x` into text file 'test.txt',"np.savetxt('test.txt', x)",799,11,6,60,0
4906977,Access environment variables,get value of the environment variable 'KEY_THAT_MIGHT_EXIST',print(os.environ.get('KEY_THAT_MIGHT_EXIST')),1011,17,4,60,1
5618878,convert list to string,concatenating values in `list1` to a string,str1 = ''.join((str(e) for e in list1)),1084,19,7,60,1
6494508,"How do you pick ""x"" number of unique numbers from a list in Python?",Get `3` unique items from a list,"random.sample(list(range(1, 16)), 3)",1153,20,7,60,1
6633523,How can I convert a string with dot and comma into a float number in Python,convert a string `my_string` with dot and comma into a float number `my_float`,"my_float = float(my_string.replace(',', ''))",1165,21,5,60,0
6696027,split elements of a list in python,split strings in list `l` on the first occurring tab `\t` and enter only the first resulting substring in a new list,"[i.split('\t', 1)[0] for i in l]",1170,21,7,60,1
6726636,splitting and concatenating a string,"concatenate a list of strings `['a', 'b', 'c']`",""""""""""""".join(['a', 'b', 'c'])",1174,21,7,60,1
6900955,python convert list to dictionary,"build a dictionary containing the conversion of each list in list `[['two', 2], ['one', 1]]` to a key/value pair as its items","dict([['two', 2], ['one', 1]])",1186,21,1,60,0
8209568,How do I draw a grid onto a plot in Python?,draw a grid line on every tick of plot `plt`,plt.grid(True),1297,24,4,60,1
8215686,Python - Bulk Select then Insert from one DB to another,"Insert records in bulk from ""table1"" of ""master"" DB to ""table1"" of  sqlite3 `cursor` object",cursor.execute('INSERT OR REPLACE INTO master.table1 SELECT * FROM table1'),1300,24,4,60,1
8916302,selecting across multiple columns with python pandas?,select all rows from pandas DataFrame 'df' where the value in column 'A' is greater than 1 or less than -1 in column 'B'.,df[(df['A'] > 1) | (df['B'] < -1)],1372,26,3,60,0
9053260,Removing one list from another,remove elements in list `b` from list `a`,[x for x in a if x not in b],1386,26,7,60,1
9609375,how to call multiple bash functions using | in python,call multiple bash function ‘vasp’ and ‘tee tee_output’ using ‘|’,"subprocess.check_call('vasp | tee tee_output', shell=True)",1432,28,9,60,1
9880173,How to decode encodeURIComponent in GAE (python)?,decode encodeuricomponent in GAE,urllib.parse.unquote(h.path.encode('utf-8')).decode('utf-8'),1455,28,4,60,1
11269575,How to hide output of subprocess in Python 2.7,"hide output of subprocess `['espeak', text]`","subprocess.check_output(['espeak', text], stderr=subprocess.STDOUT)",1556,31,4,60,1
12575421,Convert a 1D array to a 2D array in numpy,convert a 1d `A` array to a 2d array `B`,"B = np.reshape(A, (-1, 2))",1657,33,6,60,0
13954840,How do I convert LF to CRLF?,open the file 'words.txt' in 'rU' mode,"f = open('words.txt', 'rU')",1795,37,9,60,1
14931769,get all combination of n binary value,get all combination of n binary values,"lst = map(list, itertools.product([0, 1], repeat=n))",1874,39,7,60,1
15148684,"List of Tuples (string, float)with NaN How to get the min value?",Get a minimum value from a list of tuples `list` with values of type `string` and `float` with nan,"min(list, key=lambda x: float('inf') if math.isnan(x[1]) else x[1])",1896,39,7,60,1
15313250,Python BeautifulSoup Extract specific URLs,find all anchors with a hyperlink that matches the pattern '^(?!(?:[a-zA-Z][a-zA-Z0-9+.-]*:|//))',"soup.find_all('a', href=re.compile('^(?!(?:[a-zA-Z][a-zA-Z0-9+.-]*:|//))'))",1911,40,0,60,0
15530399,Finding the surrounding sentence of a char/word in a string,"split string `text` by the occurrences of regex pattern '(?<=\\?|!|\\.)\\s{0,2}(?=[A-Z]|$)'","re.split('(?<=\\?|!|\\.)\\s{0,2}(?=[A-Z]|$)', text)",1932,40,0,60,0
15852295,list of ints into a list of tuples python,"convert a flat list into a list of tuples of every two items in the list, in order","print(zip(my_list[0::2], my_list[1::2]))",1950,41,7,60,1
18897261,pandas plot dataframe barplot with colors by category,make a barplot of data in column `group` of dataframe `df` colour-coded according to list `color`,"df['group'].plot(kind='bar', color=['r', 'g', 'b', 'r', 'g', 'b', 'r'])",2169,46,3,60,0
18938276,How to convert nested list of lists into a list of tuples in python 3.3?,"convert nested list of lists `[['tom', 'cat'], ['jerry', 'mouse'], ['spark', 'dog']]` into a list of tuples","list(map(tuple, [['tom', 'cat'], ['jerry', 'mouse'], ['spark', 'dog']]))",2170,46,7,60,1
21414159,login to a site using python and opening the login site in the browser,open the login site 'http://somesite.com/adminpanel/index.php' in the browser,webbrowser.open('http://somesite.com/adminpanel/index.php'),2308,50,4,60,1
22625616,listing files from a directory using glob python,List all the files that doesn't contain the name `hello`,glob.glob('[!hello]*.txt'),2358,51,9,60,1
22702760,how to multiply multiple columns by a column in Pandas,multiply column 'A' and column 'B' by column 'C' in datafram `df`,"df[['A', 'B']].multiply(df['C'], axis='index')",2359,51,3,60,0
25540259,Remove or adapt border of frame of legend using matplotlib,remove frame of legend in plot `plt`,plt.legend(frameon=False),2425,53,4,60,1
28742436,Combining two numpy arrays to form an array with the largest value from each array,"create array containing the maximum value of respective elements of array `[2, 3, 4]` and array `[1, 5, 2]`","np.maximum([2, 3, 4], [1, 5, 2])",2498,55,6,60,0
29703793,Python Regex Get String Between Two Substrings,"get a string `randomkey123xyz987` between two substrings in a string `api('randomkey123xyz987', 'key', 'text')` using regex","re.findall(""api\\('(.*?)'"", ""api('randomkey123xyz987', 'key', 'text')"")",2527,56,0,60,0
29877663,Finding multiple attributes within the span tag in Python,BeautifulSoup find all 'span' elements in HTML string `soup` with class of 'starGryB sp',"soup.find_all('span', {'class': 'starGryB sp'})",2533,56,4,60,1
36296993,avoiding regex in pandas str.replace,replace string 'in.' with ' in. ' in dataframe `df` column 'a',"df['a'] = df['a'].str.replace('in.', ' in. ')",2708,60,3,60,0
36661837,How to retrieve only arabic texts from a string using regular expression?,retrieve arabic texts from string `my_string`,"print(re.findall('[\\u0600-\\u06FF]+', my_string))",2715,60,0,60,0
38147447,How to remove square bracket from pandas dataframe,get element at index 0 of each list in column 'value' of dataframe `df`,df['value'] = df['value'].str.get(0),2733,61,3,60,0
