question_id,intent,rewritten_intent,snippet,idx,time_batch,cluster,gradual_batch,gradual_new
72899,How do I sort a list of dictionaries by values of the dictionary in Python?,Sort a list of dictionaries `list_to_be_sorted` by the value of the dictionary key `name`,"newlist = sorted(list_to_be_sorted, key=lambda k: k['name'])",41,0,1,39,0
364519,iterate over a dictionary in sorted order,iterate over a dictionary `foo` sorted by the key,"for k in sorted(foo.keys()):
    pass",156,0,1,39,0
575819,Sorting dictionary keys in python,create a list containing keys of dictionary `d` and sort it alphabetically,"sorted(d, key=d.get)",235,0,1,39,0
748028,How to get output of exe in python script?,How to get output of exe in python script?,"output = subprocess.Popen(['mycmd', 'myarg'], stdout=PIPE).communicate()[0]",307,0,4,39,1
1101508,How to parse dates with -0400 timezone string in python?,parse date string '2009/05/13 19:19:30 -0400' using format '%Y/%m/%d %H:%M:%S %z',"datetime.strptime('2009/05/13 19:19:30 -0400', '%Y/%m/%d %H:%M:%S %z')",418,2,2,39,0
1196074,How to start a background process in Python?,run shell command 'rm -r some.file' in the background,"subprocess.Popen(['rm', '-r', 'some.file'])",428,2,9,39,1
1720421,concatenate lists,concatenate lists `listone` and `listtwo`,(listone + listtwo),494,3,7,39,1
3059301,Manipulating binary data in Python,Return the decimal value for each hex character in data `data`,print(' '.join([str(ord(a)) for a in data])),696,9,5,39,0
3355822,python http request with token,request page 'https://www.mysite.com/' with credentials of username 'username' and password 'pwd',"requests.get('https://www.mysite.com/', auth=('username', 'pwd'))",750,10,4,39,1
3945750,Find a specific tag with BeautifulSoup,BeautifulSoup find tag 'div' with styling 'width=300px;' in HTML string `soup`,"soup.findAll('div', style='width=300px;')",855,13,4,39,1
3964681,Find all files in directory with extension .txt,"Find all files in directory ""/mydir"" with extension "".txt""","for file in os.listdir('/mydir'):
    if file.endswith('.txt'):
        pass",858,13,9,39,1
4789021,"In Django, how do I check if a user is in a certain group?","in django, check if a user is in a group 'Member'",return user.groups.filter(name='Member').exists(),987,16,4,39,1
4800811,Accessing a value in a tuple that is in a list,get the value at index 1 for each tuple in the list of tuples `L`,[x[1] for x in L],991,16,7,39,1
5352546,best way to extract subset of key-value pairs from python dictionary object,"best way to extract subset of key-value pairs with keys matching 'l', 'm', or 'n' from python dictionary object","{k: bigdict[k] for k in list(bigdict.keys()) & {'l', 'm', 'n'}}",1059,18,1,39,0
6280978,how to uniqify a list of dict in python,how to uniqify a list of dict in python,[dict(y) for y in set(tuple(x.items()) for x in d)],1133,20,1,39,0
6510477,How can i list only the folders in zip archive in Python?,list folders in zip file 'file' that ends with '/',[x for x in file.namelist() if x.endswith('/')],1155,20,9,39,1
6740311,Combining NumPy arrays,join Numpy array `b` with Numpy array 'a' along axis 0,"b = np.concatenate((a, a), axis=0)",1175,21,6,39,0
6996603,Delete a file or folder,recursively delete all contents in directory `path`,"shutil.rmtree(path, ignore_errors=False, onerror=None)",1189,21,9,39,1
9262278,Django view returning json without using template,Django response with JSON `data`,"return HttpResponse(data, mimetype='application/json')",1402,27,4,39,1
10213994,sorting a list of tuples in Python,sorting a list of tuples `list_of_tuples` by second key,"sorted(list_of_tuples, key=lambda tup: tup[1])",1475,29,7,39,1
10895028,python append to array in json object,"append dict `{'f': var6, 'g': var7, 'h': var8}` to value of key `e` in dict `jsobj['a']['b']`","jsobj['a']['b']['e'].append({'f': var6, 'g': var7, 'h': var8})",1529,30,1,39,0
11811392,How to generate a list from a pandas DataFrame with the column name and column values?,generate a list from a pandas dataframe `df` with the column name and column values,df.values.tolist(),1607,32,3,39,0
13070461,Get index of the top n values of a list in python,get the indexes of the largest `2` values from a list of integers `a`,"sorted(list(range(len(a))), key=lambda i: a[i], reverse=True)[:2]",1694,34,7,39,1
13252333,Python check if all elements of a list are the same type,Check if all elements in list `lst` are tupples of long and int,"all(isinstance(x, int) for x in lst)",1719,35,7,39,1
13411544,Delete column from pandas DataFrame,delete column 'column_name' from dataframe `df`,"df = df.drop('column_name', 1)",1741,35,3,39,0
13557937,How to convert decimal to binary list in python,convert decimal `8` to binary list,[int(x) for x in bin(8)[2:]],1756,36,5,39,0
14764126,"How to make a python script which can logoff, shutdown, and restart a computer?",restart a computer after `900` seconds using subprocess,"subprocess.call(['shutdown', '/r', '/t', '900'])",1862,39,4,39,1
15096021,Python list of tuples to list of int,Flatten list `x`,x = [i[0] for i in x],1891,39,7,39,1
18367007,Python how to write to a binary file?,write `newFileBytes` to a binary file `newFile`,"newFile.write(struct.pack('5B', *newFileBytes))",2125,45,9,39,1
18990069,how to get tuples from lists using list comprehension in python,get tuples from lists `lst` and `lst2` using list comprehension in python 2,"[(lst[i], lst2[i]) for i in range(len(lst))]",2172,46,7,39,1
20546419,Shuffle columns of an array with Numpy,shuffle columns of an numpy array 'r',np.random.shuffle(np.transpose(r)),2269,49,6,39,0
21800169,Python Pandas: Get index of rows which column matches certain value,get list of indexes of rows where column 'BoolCol' values match True,df[df['BoolCol'] == True].index.tolist(),2321,50,7,39,1
21887754,numpy concatenate two arrays vertically,numpy concatenate two arrays `a` and `b` along the first axis,"c = np.r_[(a[None, :], b[None, :])]",2331,51,6,39,0
31247198,"Python, Pandas : write content of DataFrame into text File",write content of DataFrame `df` into text file 'c:\\data\\pandas.txt',"df.to_csv('c:\\data\\pandas.txt', header=None, index=None, sep=' ', mode='a')",2576,57,3,39,0
32511444,Sum all values of a counter in Python,sum all the values in a counter variable `my_counter`,sum(my_counter.values()),2625,58,7,39,1
34902378,Where do I get a SECRET_KEY for Flask?,Initialize `SECRET_KEY` in flask config with `Your_secret_string `,app.config['SECRET_KEY'] = 'Your_secret_string',2677,59,4,39,1
35427814,Get the number of all keys in a dictionary of dictionaries in Python,get the number of all keys in the nested dictionary `dict_list`,len(dict_test) + sum(len(v) for v in dict_test.values()),2695,60,1,39,0
36003967,Sum of multiple list of lists index wise,sum elements at the same index in list `data`,[[sum(item) for item in zip(*items)] for items in zip(*data)],2705,60,7,39,1
41513324,Python Pandas: drop rows of a timeserie based on time range,Drop the rows in pandas timeseries `df` from the row containing index `start_remove` to the row containing index `end_remove`,df.loc[(df.index < start_remove) | (df.index > end_remove)],2838,64,3,39,0
