question_id,intent,rewritten_intent,snippet,idx,time_batch,cluster,gradual_batch,gradual_new
329886,"In Python, is there a concise way to use a list comprehension with multiple iterators?",Get a list of tuples with multiple iterators using list comprehension,"[(i, j) for i in range(1, 3) for j in range(1, 5)]",148,0,7,18,1
354038,check if a string is a number,check if string `b` is a number,b.isdigit(),152,0,0,18,0
741877,How do I tell matplotlib that I am done with a plot?,Matplotlib clear the current axes.,plt.cla(),302,0,4,18,1
983354,How do I make python to wait for a pressed key,prompt string 'Press Enter to continue...' to the console,input('Press Enter to continue...'),392,1,4,18,1
1731346,How to get two random records with Django,get two random records from model 'MyModel' in Django,MyModel.objects.order_by('?')[:2],495,3,4,18,1
2011048,how to check the character count of a file in python,Get the characters count in a file `filepath`,os.stat(filepath).st_size,533,4,9,18,1
2407398,merge lists into a list of tuples,merge lists `a` and `a` into a list of tuples,"list(zip(a, b))",600,6,7,18,1
3090175,Python - Find the greatest number in a set of numbers,"Find the greatest number in set `(1, 2, 3)`","print(max(1, 2, 3))",702,9,7,18,1
3328012,How can I tell if a file is a descendant of a given directory?,check if file `filename` is descendant of directory '/the/dir/',"os.path.commonprefix(['/the/dir/', os.path.realpath(filename)]) == '/the/dir/'",747,10,9,18,1
3996904,Generate random integers between 0 and 9,Generate random integers between 0 and 9,"print((random.randint(0, 9)))",865,13,5,18,0
4143502,How to do a scatter plot with empty circles in Python?,do a scatter plot with empty circles,"plt.plot(np.random.randn(100), np.random.randn(100), 'o', mfc='none')",886,14,4,18,1
4523551,Python ASCII to binary,Convert ascii value 'P' to binary,bin(ord('P')),943,15,5,18,0
4641765,Add to integers in a list,"append a list [8, 7] to list `foo`","foo.append([8, 7])",958,15,7,18,1
4877844,How would I check a string for a certain letter in Python?,"check if string 'x' is  in list `['x', 'd', 'a', 's', 'd', 's']`","'x' in ['x', 'd', 'a', 's', 'd', 's']",1002,16,0,18,0
5061582,Setting stacksize in a python script,Setting stacksize in a python script,os.system('ulimit -s unlimited; some_executable'),1030,17,4,18,1
6420361,How can I reload objects in my namespace in ipython,reload a module `module`,"import imp
imp.reload(module)",1147,20,4,18,1
8177079,take the content of a list and append it to another list,append list `list1` to `list2`,list2.extend(list1),1290,24,7,18,1
11300383,How to find the count of a word in a string?,find the count of a word 'Hello' in a string `input_string`,input_string.count('Hello'),1559,31,0,18,0
13156395,Python load json file with UTF-8 BOM header,load json file 'sample.json' with utf-8 bom header,json.loads(open('sample.json').read().decode('utf-8-sig')),1708,35,4,18,1
13496087,Python: How to generate a 12-digit random number?,generate a random 12-digit number,"int(''.join(str(random.randint(0, 9)) for _ in range(12)))",1750,36,5,18,0
13891559,Is there a more pythonic way of exploding a list over a function's arguments?,unpack elements of list `i` as arguments into function `foo`,foo(*i),1785,37,7,18,1
14406214,Moving x-axis to the top of a plot in matplotlib,move an x-axis label to the top of a plot `ax` in matplotlib,ax.xaxis.set_label_position('top'),1828,38,4,18,1
14764126,"How to make a python script which can logoff, shutdown, and restart a computer?",shutdown and restart a computer running windows from script,"subprocess.call(['shutdown', '/r'])",1860,38,4,18,1
14961014,Removing items from unnamed lists in Python,Remove the string value `item` from a list of strings `my_sequence`,[item for item in my_sequence if item != 'item'],1879,39,8,18,0
16249440,Changing file permission in python,changing permission of file `path` to `stat.S_IRUSR | stat.S_IRGRP | stat.S_IROTH`,"os.chmod(path, stat.S_IRUSR | stat.S_IRGRP | stat.S_IROTH)",1979,42,9,18,1
16537636,How to sort in decreasing value first then increasing in second value,sort list `student_tuples` by second element of each tuple in ascending and third element of each tuple in descending,"print(sorted(student_tuples, key=lambda t: (-t[2], t[0])))",1992,42,7,18,1
16994696,python get time stamp on file in mm/dd/yyyy format,python get time stamp on file `file` in '%m/%d/%Y' format,"time.strftime('%m/%d/%Y', time.gmtime(os.path.getmtime(file)))",2015,42,2,18,0
17426386,How to transform a tuple to a string of values without comma and parentheses,"Concat each values in a tuple `(34.2424, -64.2344, 76.3534, 45.2344)` to get a string",""""""""""""".join(str(i) for i in (34.2424, -64.2344, 76.3534, 45.2344))",2056,44,5,18,0
17812978,How to plot two columns of a pandas data frame using points?,How to plot two columns of a pandas data frame using points?,"df.plot(x='col_name_1', y='col_name_2', style='o')",2084,44,3,18,0
19618912,Finding common rows (intersection) in two Pandas dataframes,Join data of dataframe `df1` with data in dataframe `df2` based on similar values of column 'user_id' in both dataframes,"s1 = pd.merge(df1, df2, how='inner', on=['user_id'])",2213,48,3,18,0
19758364,python: rename single column header in pandas dataframe,rename column 'gdp' in dataframe `data` to 'log(gdp)',"data.rename(columns={'gdp': 'log(gdp)'}, inplace=True)",2221,48,3,18,0
19973489,Pandas remove column by index,"remove column by index `[:, 0:2]` in dataframe `df`","df = df.ix[:, 0:2]",2236,48,3,18,0
21618351,Format time string in Python 3.3,format current date to pattern '{%Y-%m-%d %H:%M:%S}',time.strftime('{%Y-%m-%d %H:%M:%S}'),2312,50,2,18,0
22365172,Ending with a for loop in python,"Iterate ove list `[1, 2, 3]` using list comprehension","print([item for item in [1, 2, 3]])",2350,51,7,18,1
23359886,selecting rows in numpy ndarray based on the value of two columns,"selecting rows in Numpy ndarray 'a', where the value in the first column is 0 and value in the second column is 1","a[np.where((a[:, (0)] == 0) * (a[:, (1)] == 1))]",2378,52,6,18,0
32283692,Adding a 1-D Array to a 3-D array in Numpy,"add array of shape `(6, 9, 20)` to array `[1, 2, 3, 4, 5, 6, 7, 8, 9]`","np.zeros((6, 9, 20)) + np.array([1, 2, 3, 4, 5, 6, 7, 8, 9]).reshape((1, 9, 1))",2617,58,6,18,0
35420052,Adding Colorbar to a Spectrogram,add color bar with image `mappable` to plot `plt`,"plt.colorbar(mappable=mappable, cax=ax3)",2694,60,4,18,1
35837346,Is there a one line code to find maximal value in a matrix?,find maximal value in matrix `matrix`,max([max(i) for i in matrix]),2701,60,6,18,0
39988589,"How to pass through a list of queries to a pandas dataframe, and output the list of results?","get rows of dataframe `df` where column `Col1` has values `['men', 'rocks', 'mountains']`","df[df.Col1.isin(['men', 'rocks', 'mountains'])]",2779,62,3,18,0
