question_id,intent,rewritten_intent,snippet,idx,time_batch,cluster,gradual_batch,gradual_new
19339,inverse of zip,"unzip list `[('a', 1), ('b', 2), ('c', 3), ('d', 4), ('e', )]` and fill empty results with None","map(None, *[('a', 1), ('b', 2), ('c', 3), ('d', 4), ('e',)])",11,0,7,64,1
19339,inverse of zip,"unzip the list `[('a', 1), ('b', 2), ('c', 3), ('d', 4)]`","zip(*[('a', 1), ('b', 2), ('c', 3), ('d', 4)])",14,0,7,64,1
72899,How do I sort a list of dictionaries by values of the dictionary in Python?,How do I sort a list of dictionaries by values of the dictionary in Python?,list_of_dicts.sort(key=operator.itemgetter('name')),42,0,1,64,0
303200,How do I remove/delete a folder that is not empty with Python?,remove directory tree '/folder_name',shutil.rmtree('/folder_name'),135,0,9,64,1
1892339,How to make a window jump to the front?,make a window `root` jump to the front,"root.attributes('-topmost', True)",521,4,4,64,1
2338531,Python sorting - A list of objects,sort list `L` based on the value of variable 'resultType' for each object in list `L`,"sorted(L, key=operator.itemgetter('resultType'))",590,6,7,64,1
2744795,Background color for Tk in Python,Change background color in Tkinter,root.configure(background='black'),649,7,4,64,1
3294889,Iterating over dictionaries using for loops,get keys and items of dictionary `d`,list(d.items()),739,10,1,64,0
3460161,Remove adjacent duplicate elements from a list,"remove adjacent duplicate elements from a list `[1, 2, 2, 3, 2, 2, 4]`","[k for k, g in itertools.groupby([1, 2, 2, 3, 2, 2, 4])]",768,10,7,64,1
3996904,Generate random integers between 0 and 9,Generate a random integer between 0 and 9,"randint(0, 9)",864,13,5,64,0
4175686,python: Is this a wrong way to remove an element from a dict?,remove key 'ele' from dictionary `d`,del d['ele'],895,14,1,64,0
4356842,How do I return a 401 Unauthorized in Django?,return a 401 unauthorized in django,"return HttpResponse('Unauthorized', status=401)",921,14,4,64,1
5137497,Find current directory,Find current directory,cwd = os.getcwd(),1038,17,9,64,1
7253907,Python - how to convert int to string represent a 32bit Hex number,convert 3652458 to string represent a 32bit hex number,"""""""0x{0:08X}"""""".format(3652458)",1209,22,5,64,0
8372399,Zip with list output instead of tuple,"Get the zip output as list from the lists `[1, 2, 3]`, `[4, 5, 6]`, `[7, 8, 9]`","[list(a) for a in zip([1, 2, 3], [4, 5, 6], [7, 8, 9])]",1323,25,7,64,1
9001509,sort a dictionary by key,sort a dictionary `d` by key,"OrderedDict(sorted(list(d.items()), key=(lambda t: t[0])))",1381,26,1,64,0
12280143,How to move to one folder back in python,Change the current directory one level up,os.chdir('..'),1633,33,9,64,1
12337583,"Saving dictionary whose keys are tuples with json, python",Serialize dictionary `data` and its keys to a JSON formatted string,"json.dumps({str(k): v for k, v in data.items()})",1642,33,1,64,0
12376863,Adding calculated column(s) to a dataframe in pandas,use operations like max/min within a row to a dataframe 'd' in pandas,"d.apply(lambda row: min([row['A'], row['B']]) - row['C'], axis=1)",1645,33,3,64,0
13567345,How to calculate the sum of all columns of a 2D numpy array (efficiently),Calculate sum over all rows of 2D numpy array,a.sum(axis=1),1758,36,6,64,0
13954222,How to join mixed list (array) (with integers in it) in Python?,"concatenate elements of list `b` by a colon "":""",""""""":"""""".join(str(x) for x in b)",1794,37,7,64,1
14538885,How to get the index with the key in Python dictionary?,get index of key 'c' in dictionary `x`,list(x.keys()).index('c'),1840,38,1,64,0
15103484,"How to use regular expression to separate numbers and characters in strings like ""30M1000N20M""","separate numbers from characters in string ""30m1000n20m""","re.findall('(([0-9]+)([A-Z]))', '20M10000N80M')",1893,39,5,64,0
16568056,Python Nested List Comprehension with two Lists,create a list of aggregation of each element from list `l2` to all elements of list `l1`,[(x + y) for x in l2 for y in l1],1995,42,7,64,1
17106819,Accessing Python dict values with the key start characters,get values from a dictionary `my_dict` whose key contains the string `Date`,"[v for k, v in list(my_dict.items()) if 'Date' in k]",2030,43,1,64,0
17109608,change figure size and figure format in matplotlib,change figure size to 3 by 4 in matplotlib,"plt.figure(figsize=(3, 4))",2031,43,4,64,1
18470323,How to select only specific columns from a DataFrame with MultiIndex columns?,From multiIndexed dataframe `data` select columns `a` and `c` within each higher order column `one` and `two`,"data.loc[:, (list(itertools.product(['one', 'two'], ['a', 'c'])))]",2134,46,3,64,0
18742657,Execute Shell Script from python with variable,Execute Shell Script from python with variable,"subprocess.call(['test.sh', str(domid)])",2161,46,4,64,1
18789262,python dict comprehension with two ranges,"convert the zip of range `(1, 5)` and range `(7, 11)` into a dictionary","dict(zip(list(range(1, 5)), list(range(7, 11))))",2163,46,1,64,0
19954469,How to get the resolution of a monitor in Pygame?,Set the resolution of a monitor as `FULLSCREEN` in pygame,"pygame.display.set_mode((0, 0), pygame.FULLSCREEN)",2234,48,4,64,1
20457174,"python, locating and clicking a specific button with selenium",find button that is in li class `next` and assign it to variable `next`,next = driver.find_element_by_css_selector('li.next>a'),2261,49,4,64,1
20668060,PyQt QPushButton Background color,change the background colour of the button `pushbutton` to red,self.pushButton.setStyleSheet('background-color: red'),2274,49,4,64,1
23612271,A sequence of empty lists of length n in Python?,a sequence of empty lists of length `n`,[[] for _ in range(n)],2383,52,7,64,1
23823206,Upload files to Google cloud storage from appengine app,upload uploaded file from path '/upload' to Google cloud storage 'my_bucket' bucket,"upload_url = blobstore.create_upload_url('/upload', gs_bucket_name='my_bucket')",2389,52,9,64,1
29218750,What is the best way to remove a dictionary item by value in python?,Remove all items from a dictionary `myDict` whose values are `42`,"{key: val for key, val in list(myDict.items()) if val != 42}",2510,55,1,64,0
31385363,how to export a table dataframe in pyspark to csv?,export a table dataframe `df` in pyspark to csv 'mycsv.csv',df.toPandas().to_csv('mycsv.csv'),2582,57,3,64,0
34197047,sorting list of list in python,sorting the lists in list of lists `data`,[sorted(item) for item in data],2659,59,7,64,1
35797523,"Create new list by taking first item from first list, and last item from second list",create a list by appending components from list `a` and reversed list `b` interchangeably,"[value for pair in zip(a, b[::-1]) for value in pair]",2700,60,7,64,1
39414085,How to convert the following string in python?,lower-case the string obtained by replacing the occurrences of regex pattern '(?<=[a-z])([A-Z])' in string `s` with eplacement '-\\1',"re.sub('(?<=[a-z])([A-Z])', '-\\1', s).lower()",2763,62,0,64,0
