question_id,intent,rewritten_intent,snippet,idx,time_batch,cluster,gradual_batch,gradual_new
276052,get current CPU and RAM usage,get current RAM usage of current program,"pid = os.getpid()
py = psutil.Process(pid)
memoryUse = (py.memory_info()[0] / (2.0 ** 30))",131,0,4,46,1
783897,Truncating floats in Python,truncate float 1.923328437452 to 3 decimal places,"round(1.923328437452, 3)",327,0,5,46,0
794995,How to convert datetime to string in python in django,Jinja2 formate date `item.date` accorto pattern 'Y M d',{{(item.date | date): 'Y M d'}},328,0,2,46,0
843277,check if a variable exists,check if a global variable 'myVar' exists,"if ('myVar' in globals()):
    pass",340,0,4,46,1
1143379,Removing duplicates from list of lists in Python,remove duplicate elements from list 'L',"list(dict((x[0], x) for x in L).values())",419,2,7,46,1
2416823,How to get the content of a Html page in Python,Get all the texts without tags from beautiful soup object `soup`,""""""""""""".join(soup.findAll(text=True))",601,6,4,46,1
2918362,writing string to a file on a new line everytime?,writing string 'text to write\n' to file `f`,f.write('text to write\n'),682,8,9,46,1
3207219,list all files of a directory,"list all "".txt"" files of a directory ""/home/adam/""",print(glob.glob('/home/adam/*.txt')),714,9,9,46,1
3392354,python: append values to a set,"append values `[3, 4]` to a set `a`","a.update([3, 4])",754,10,6,46,0
3842155,Is there a way to make the Tkinter text widget read only?,change the state of the Tkinter `Text` widget to read only i.e. `disabled`,text.config(state=DISABLED),821,12,4,46,1
4587915,Return list of items in list greater than some value,get a list of all items in list `j` with values greater than `5`,[x for x in j if x >= 5],951,15,7,46,1
4641765,Add to integers in a list,append 4 to list `foo`,foo.append(4),957,15,7,46,1
5384570,What's the shortest way to count the number of items in a generator/iterator?,count the number of items in a generator/iterator `it`,sum(1 for i in it),1064,18,7,46,1
5404665,Accessing elements of python dictionary,access value associated with key 'American' of key 'Apple' from dictionary `dict`,dict['Apple']['American'],1067,18,1,46,0
7287996,Python: Get relative path from comparing two absolute paths,get the common prefix from comparing two absolute paths '/usr/var' and '/usr/var2/log',"os.path.commonprefix(['/usr/var', '/usr/var2/log'])",1221,22,9,46,1
7503241,django models selecting single field,django return a QuerySet list containing the values of field 'eng_name' in model `Employees`,"Employees.objects.values_list('eng_name', flat=True)",1238,23,4,46,1
8171751,How do I convert tuple of tuples to list in one line (pythonic)?,"convert tuple of tuples `(('aa',), ('bb',), ('cc',))` to tuple","from functools import reduce
reduce(lambda a, b: a + b, (('aa',), ('bb',), ('cc',)))",1286,24,7,46,1
8249836,how to get all possible combination of items from 2-dimensional list in python?,get all possible combination of items from 2-dimensional list `a`,list(itertools.product(*a)),1309,24,7,46,1
9354127,How to grab one random item from a database in Django/postgreSQL?,grab one random item from a database `model` in django/postgresql,model.objects.all().order_by('?')[0],1409,27,4,46,1
9542738,Python: Find in list,"check if 3 is inside list `[1, 2, 3]`","3 in [1, 2, 3]",1421,27,7,46,1
10194713,Sorting a defaultdict by value in python,sorting a defaultdict `d` by value,"sorted(list(d.items()), key=lambda k_v: k_v[1])",1473,29,1,46,0
10213994,sorting a list of tuples in Python,sorting a list of tuples `list_of_tuples` where each tuple is reversed,"sorted(list_of_tuples, key=lambda tup: tup[::-1])",1476,29,7,46,1
10543303,number of values in a list greater than a certain number,get the number of values in list `j` that is greater than 5,len([1 for i in j if (i > 5)]),1499,29,7,46,1
11677860,Subtract values in one list from corresponding values in another list - Python,Get a list `C` by subtracting values in one list `B` from corresponding values in another list `A`,"C = [(a - b) for a, b in zip(A, B)]",1592,32,7,46,1
11697709,Comparing two lists in Python,list duplicated elements in two lists `listA` and `listB`,list(set(listA) & set(listB)),1596,32,7,46,1
12905999,Python dict how to create key or append an element to key?,Create a key `key` if it does not exist in dict `dic` and append element `value` to value.,"dic.setdefault(key, []).append(value)",1686,34,1,46,0
13168252,Comparing elements between elements in two lists of tuples,Get a list comparing two lists of tuples `l1` and `l2` if any first value in `l1` matches with first value in `l2`,[x[0] for x in l1 if any(x[0] == y[0] for y in l2)],1711,35,7,46,1
14299978,How to use lxml to find an element by text?,Find the`a` tag in html `root` which starts with the text `TEXT A`  and assign it to `e`,"e = root.xpath('.//a[starts-with(text(),""TEXT A"")]')",1820,37,0,46,0
15451958,Simple way to create matrix of random numbers,create 3 by 3 matrix of random numbers,"numpy.random.random((3, 3))",1925,40,6,46,0
16041405,Python: convert list to generator,convert a list  into a generator object,"(n for n in [1, 2, 3, 5])",1960,41,7,46,1
19410018,How to count the number of words in a sentence?,count the number of words in a string `s`,len(s.split()),2195,47,0,46,0
23970693,How To Format a JSON Text In Python?,load a json data `json_string` into variable `json_data`,json_data = json.loads(json_string),2397,52,4,46,1
24958010,get key by value in dictionary with same value in python?,get keys with same value in dictionary `d`,"print([key for key, value in d.items() if value == 1])",2413,53,1,46,0
26724275,Removing the first folder in a path,remove first directory from path '/First/Second/Third/Fourth/Fifth',os.path.join(*x.split(os.path.sep)[2:]),2448,54,9,46,1
27060098,Replacing few values in a pandas dataframe column with another value,"replace values `['ABC', 'AB']` in a column 'BrandName' of  pandas dataframe `df` with another value 'A'","df['BrandName'] = df['BrandName'].replace(['ABC', 'AB'], 'A')",2454,54,3,46,0
30551576,Using Regular Expressions to extract specific urls in python,Get all urls within text `s`,"re.findall('""(http.*?)""', s, re.MULTILINE | re.DOTALL)",2555,56,0,46,0
34437284,Sum of product of combinations in a list,sum of product of combinations in a list `l`,"sum([(i * j) for i, j in list(itertools.combinations(l, 2))])",2666,59,7,46,1
40620804,How do I sort a list with positives coming before negatives with values sorted respectively?,sort list `lst` with positives coming before negatives with values sorted respectively,"sorted(lst, key=lambda x: (x < 0, x))",2808,63,7,46,1
42098487,How to split 1D array into 2D array in NumPy by splitting the array at the last element?,split 1d array `a` into 2d array at the last element,"np.split(a, [-1])",2858,64,6,46,0
