question_id,intent,rewritten_intent,snippet,idx,time_batch,cluster,gradual_batch,gradual_new
317413,Get Element value with minidom with Python,get value of first child of xml node `name`,name[0].firstChild.nodeValue,142,0,4,17,1
348196,Creating a list of objects in Python,Create list `instancelist` containing 29 objects of type MyClass,instancelist = [MyClass() for i in range(29)],149,0,7,17,1
730764,do a try-except without handling the exception,call `doSomething()` in a try-except without handling the exception,"try:
    doSomething()
except Exception:
    pass",299,0,4,17,1
849674,Simple threading in Python 2.6 using thread.start_new_thread(),start a new thread for `myfunction` with parameters 'MyStringHere' and 1,"thread.start_new_thread(myfunction, ('MyStringHere', 1))",344,0,4,17,1
930397,Getting the last element of a list,Getting the last element of list `some_list`,some_list[(-1)],364,0,7,17,1
1614236,"In Python, how do I convert all of the items in a list to floats?",convert all of the items in a list `lst` to float,[float(i) for i in lst],483,3,7,17,1
1773805,parse a YAML file,"parse a YAML file ""example.yaml""","with open('example.yaml', 'r') as stream:
    try:
        print((yaml.load(stream)))
    except yaml.YAMLError as exc:
        print(exc)",502,4,9,17,1
2052390,manually throw/raise an exception,manually throw/raise a `ValueError` exception with the message 'A very specific bad thing happened',raise ValueError('A very specific bad thing happened'),540,5,4,17,1
2587402,Sorting Python list based on the length of the string,sort list `xs` in ascending order of length of elements,"xs.sort(lambda x, y: cmp(len(x), len(y)))",619,7,7,17,1
2721782,How to convert a Date string to a DateTime object?,convert a date string `s` to a datetime object,"datetime.datetime.strptime(s, '%Y-%m-%dT%H:%M:%SZ')",647,7,2,17,0
2764586,Get current URL in Python,get current requested url,self.request.url,655,8,4,17,1
3329386,Limit the number of sentences in a string,"Extract first two substrings in string `phrase` that end in `.`, `?` or `!`","re.match('(.*?[.?!](?:\\s+.*?[.?!]){0,1})', phrase).group(1)",748,10,0,17,0
3487377,How can I check a Python unicode string to see that it *actually* is proper Unicode?,check if string `foo` is UTF-8 encoded,foo.decode('utf8').encode('utf8'),775,11,0,17,0
3899782,How to check whether elements appears in the list only once in python?,check whether elements in list `a` appear only once,len(set(a)) == len(a),836,12,7,17,1
4152376,How to get the n next values of a generator in a list (python),get list of n next values of a generator `it`,"list(itertools.islice(it, 0, n, 1))",887,14,7,17,1
4716533,How to attach debugger to a python subproccess?,attach debugger pdb to class `ForkedPdb`,ForkedPdb().set_trace(),983,16,4,17,1
5137497,Find current directory and file's directory,get the directory name of `path`,os.path.dirname(path),1040,17,9,17,1
7287996,Python: Get relative path from comparing two absolute paths,get relative path of path '/usr/var' regarding path '/usr/var/log/',"print(os.path.relpath('/usr/var/log/', '/usr/var'))",1222,22,9,17,1
7522533,How can I turn a string into a list in Python?,Convert a string into a list,list('hello'),1239,23,8,17,0
8528178,List of zeros in python,create a list `listofzeros` of `n` zeros,listofzeros = [0] * n,1336,25,7,17,1
8936030,Using BeautifulSoup to search html for string,BeautifulSoup find string 'Python Jobs' in HTML body `body`,soup.body.findAll(text='Python Jobs'),1375,26,4,17,1
9621388,(Django) how to get month name?,get month name from a datetime object `today`,today.strftime('%B'),1435,28,2,17,0
10194713,Sorting a defaultdict by value in python,Sort dictionary `u` in ascending order based on second elements of its values,"sorted(list(u.items()), key=lambda v: v[1])",1472,29,1,17,0
10675054,How to import a module in Python with importlib.import_module,import a nested module `c.py` within `b` within `a` with importlib,"importlib.import_module('.c', 'a.b')",1517,30,4,17,1
13076560,Get the indexes of truthy elements of a boolean list as a list/tuple,get indexes of all true boolean values from a list `bool_list`,"[i for i, elem in enumerate(bool_list, 1) if elem]",1696,34,7,17,1
14694482,Converting html to text with Python,convert a beautiful soup html `soup` to text,print(soup.get_text()),1849,38,4,17,1
15856127,Finding the sum of a nested list of ints,sum all elements of nested list `L`,"sum(sum(i) if isinstance(i, list) else i for i in L)",1951,41,7,17,1
16888888,How to read a .xlsx file using the pandas Library in iPython?,read excel file `file_name` using pandas,"dfs = pd.read_excel(file_name, sheetname=None)",2013,42,3,17,0
17555218,Python - How to sort a list of lists by the fourth element in each list?,Sort lists in the list `unsorted_list` by the element at index 3 of each list,unsorted_list.sort(key=lambda x: x[3]),2066,44,7,17,1
18050937,How can I execute shell command with a | pipe in it,execute shell command 'grep -r PASSED *.log | sort -u | wc -l' with a | pipe in it,"subprocess.call('grep -r PASSED *.log | sort -u | wc -l', shell=True)",2099,45,9,17,1
19555472,Change a string of integers separated by spaces to a list of int,convert a string of integers `x` separated by spaces to a list of integers,x = [int(i) for i in x.split()],2204,47,5,17,0
19602931,http file downloading and saving,"download ""http://randomsite.com/file.gz"" from http and save as ""file.gz""","testfile = urllib.request.URLopener()
testfile.retrieve('http://randomsite.com/file.gz', 'file.gz')",2211,47,9,17,1
21558999,Pandas: How can I remove duplicate rows from DataFrame and calculate their frequency?,remove duplicate rows from dataframe `df1` and calculate their frequency,"df1.groupby(['key', 'year']).size().reset_index()",2310,50,3,17,0
22245171,How to lowercase a python dataframe string column if it has missing values?,lowercase a python dataframe string in column 'x' if it has missing values in dataframe `df`,df['x'].str.lower(),2348,51,3,17,0
22749706,How to get the length of words in a sentence?,How to get the length of words in a sentence?,[len(x) for x in s.split()],2363,51,0,17,0
29034928,Pandas convert a column of list to dummies,convert a column of list in series `s` to dummies,pd.get_dummies(s.apply(pd.Series).stack()).sum(level=0),2506,55,7,17,1
30405804,How do I permanently set the current directory to the Desktop in Python?,permanently set the current directory to the 'C:/Users/Name/Desktop',os.chdir('C:/Users/Name/Desktop'),2550,56,9,17,1
31818050,round number to nearest integer,round number `x` to nearest integer,int(round(x)),2596,57,5,17,0
34410358,Splitting a string based on a certain set of words,Split a string `l` by multiple words `for` or `or` or `and`,"[re.split('_(?:f?or|and)_', s) for s in l]",2665,59,0,17,0
