question_id,intent,rewritten_intent,snippet,idx,time_batch,cluster,gradual_batch,gradual_new
89228,Calling an external command,"Calling an external command ""some_command with args""",stream = os.popen('some_command with args'),61,0,9,12,1
804995,How to use subprocess when multiple arguments contain spaces?,Call a subprocess with arguments `c:\\Program Files\\VMware\\VMware Server\\vmware-cmd.bat` that may contain spaces,subprocess.Popen(['c:\\Program Files\\VMware\\VMware Server\\vmware-cmd.bat']),330,0,9,12,1
2075128,"Python, print all floats to 2 decimal places in output","Format all floating variables `var1`, `var2`, `var3`, `var1` to print to two decimal places.","print('%.2f kg = %.2f lb = %.2f gal = %.2f l' % (var1, var2, var3, var4))",548,5,5,12,0
2151517,Create Union of All Values Contained in Multiple Lists,get the union set from list of lists `results_list`,results_union = set().union(*results_list),559,5,7,12,1
2527892,Parsing a tweet to extract hashtags into an array in Python,pars a string 'http://example.org/#comments' to extract hashtags into an array,"re.findall('#(\\w+)', 'http://example.org/#comments')",610,6,0,12,0
3877491,deleting rows in numpy array,delete first row of array `x`,"x = numpy.delete(x, 0, axis=0)",827,12,6,12,0
4108561,How to exclude a character from a regex group?,How to exclude a character from a regex group?,re.compile('[^a-zA-Z0-9-]+'),876,13,0,12,0
4842956,Python: How to remove empty lists from a list?,Create `list2` to contain the lists from list `list1` excluding the empty lists from `list1`,list2 = [x for x in list1 if x],997,16,7,12,1
6416131,add new item to dictionary,"add key ""item3"" and value ""3"" to dictionary `default_data `","default_data.update({'item3': 3, })",1144,20,1,12,0
7142062,Get function name as a string in python,get the name of function `func` as a string,print(func.__name__),1199,22,4,12,1
7900882,extract item from list of dictionaries,extract dictionary `d` from list `a` where the value associated with the key 'name' of dictionary `d` is equal to 'pluto',[d for d in a if d['name'] == 'pluto'],1266,23,1,12,0
8654637,"Pythonic way to fetch all elements in a dictionary, falling between two keys?",fetch all elements in a dictionary 'parent_dict' where the key is between the range of 2 to 4,"dict((k, v) for k, v in parent_dict.items() if k > 2 and k < 4)",1346,25,1,12,0
9336270,Using a Python dict for a SQL INSERT statement,Execute SQL statement `sql` with values of dictionary `myDict` as parameters,"cursor.execute(sql, list(myDict.values()))",1407,27,1,12,0
9573244,check if the string is empty,check if string `my_string` is empty,"if some_string:
    pass",1427,27,0,12,0
10618586,hex string to character in python,Convert a hex string `437c2123 ` according to ascii value.,"""""""437c2123"""""".decode('hex')",1510,30,5,12,0
11219949,Python : how to append new elements in a list of list?,append 3 lists in one list,[[] for i in range(3)],1552,31,7,12,1
11277432,How to remove a key from a python dictionary?,remove a key 'key' from a dictionary `my_dict`,"my_dict.pop('key', None)",1557,31,1,12,0
11621165,Indexing a pandas dataframe by integer,Reset the indexes of a pandas data frame,df2 = df.reset_index(),1591,32,3,12,0
12768504,Python: an efficient way to slice a list with a index list,create list `c` containing items from list `b` whose index is in list `index`,c = [b[i] for i in index],1670,34,7,12,1
13490292,Format number using LaTeX notation in Python,format number 1000000000.0 using latex notation,print('\\num{{{0:.2g}}}'.format(1000000000.0)),1749,36,5,12,0
13628725,How to generate random numbers that are different?,generate six unique random numbers in the range of 1 to 49.,"random.sample(range(1, 50), 6)",1762,36,5,12,0
14182339,Matching multiple regex patterns with the alternation operator?,match regex '\\((.*?)\\)|(\\w)' with string '(zyx)bc',"re.findall('\\((.*?)\\)|(\\w)', '(zyx)bc')",1814,37,0,12,0
14571103,Capturing emoticons using regular expression in python,fetch smilies matching regex pattern '(?::|;|=)(?:-)?(?:\\)|\\(|D|P)' in string `s`,"re.findall('(?::|;|=)(?:-)?(?:\\)|\\(|D|P)', s)",1841,38,0,12,0
18131367,python - iterating over a subset of a list of tuples,Get all the items from a list of tuple 'l' where second item in tuple is '1'.,[x for x in l if x[1] == 1],2106,45,7,12,1
19100540,Rounding entries in a Pandas DafaFrame,"round off entries in dataframe `df` column `Alabama_exp` to two decimal places, and entries in column `Credit_exp` to three decimal places","df.round({'Alabama_exp': 2, 'Credit_exp': 3})",2180,47,3,12,0
20110170,Turn Pandas Multi-Index into column,reset index of dataframe `df`so that existing index values are transferred into `df`as columns,df.reset_index(inplace=True),2246,48,3,12,0
20865487,Pandas (python) plot() without a legend,plot dataframe `df` without a legend,df.plot(legend=False),2285,49,3,12,0
21212706,Python Convert String Literal to Float,split string `s` into float values and write sum to `total`,"total = sum(float(item) for item in s.split(','))",2301,50,5,12,0
26097916,"python, best way to convert a pandas series into a pandas dataframe",convert a pandas series `sf` into a pandas dataframe `df` with columns `email` and `list`,"pd.DataFrame({'email': sf.index, 'list': sf.values})",2437,53,3,12,0
28161356,Sort Pandas Dataframe by Date,Sort Pandas Dataframe by Date,df.sort_values(by='Date'),2483,54,3,12,0
29565452,Averaging the values in a dictionary based on the key,get the average of a list values for each key in dictionary `d`),"[(i, sum(j) / len(j)) for i, j in list(d.items())]",2525,56,1,12,0
29815129,Pandas DataFrame to List of Dictionaries,convert dataframe `df` to list of dictionaries including the index values,df.to_dict('index'),2531,56,3,12,0
31818050,round number to nearest integer,round number 6.005 up to 2 decimal places,"round(6.005, 2)",2604,58,5,12,0
36190533,python: check if an numpy array contains any element of another array,check if a numpy array `a1` contains any element of another array `a2`,"np.any(np.in1d(a1, a2))",2707,60,6,12,0
40076861,How to merge two DataFrames into single matching the column values,merge a pandas data frame `distancesDF` and column `dates` in pandas data frame `datesDF` into single,"pd.concat([distancesDF, datesDF.dates], axis=1)",2783,62,3,12,0
40094588,How to get a list of matchable characters from a regex class,get a list of characters in string `x` matching regex pattern `pattern`,"print(re.findall(pattern, x))",2785,62,0,12,0
40660956,Sum of Every Two Columns in Pandas dataframe,sum the values in each row of every two adjacent columns in dataframe `df`,"df.groupby(np.arange(len(df.columns)) // 2 + 1, axis=1).sum().add_prefix('s')",2810,63,3,12,0
42012589,Pandas: aggregate based on filter on another column,group dataframe `df` by columns 'Month' and 'Fruit',"df.groupby(['Month', 'Fruit']).sum().unstack(level=0)",2856,64,3,12,0
42747987,In pandas Dataframe with multiindex how can I filter by order?,select the first row grouped per level 0 of dataframe `df`,"df.groupby(level=0, as_index=False).nth(0)",2877,65,3,12,0
