question_id,intent,rewritten_intent,snippet,idx,time_batch,cluster,gradual_batch,gradual_new
53513,check if a list is empty,check if list `a` is empty,"if (not a):
    pass",37,0,7,59,1
187455,Counting array elements in Python,count the number of elements in array `myArray`,len(myArray),85,0,6,59,0
209840,Map two lists into a dictionary in Python,map two lists `keys` and `values` into a dictionary,"new_dict = {k: v for k, v in zip(keys, values)}",96,0,1,59,0
312443,How do you split a list into evenly sized chunks?,split a list `l` into evenly sized chunks `n`,"[l[i:i + n] for i in range(0, len(l), n)]",140,0,7,59,1
372102,UTF in Python Regex,create a regular expression object with the pattern '\xe2\x80\x93',re.compile('\xe2\x80\x93'),169,0,0,59,0
403421,"How to sort a list of objects , based on an attribute of the objects?",sort a list of objects `ut` in reverse order by their `count` property,"ut.sort(key=lambda x: x.count, reverse=True)",180,0,7,59,1
715417,Converting from a string to boolean in Python?,Convert string to boolean from defined set of strings,"s in ['true', '1', 't', 'y', 'yes', 'yeah', 'yup', 'certainly', 'uh-huh']",293,0,0,59,0
826284,How do I convert a string 2 bytes long to an integer in python,unpack first and second bytes of byte string `pS` into integer,"struct.unpack('h', pS[0:2])",336,0,5,59,0
1303243,find out if a Python object is a string,check if object `o` is a string,(type(o) is str),442,2,0,59,0
3724551,Python: Uniqueness for list of lists,remove duplicated items from list of lists `testdata`,"list(map(list, set(map(lambda i: tuple(i), testdata))))",802,11,7,59,1
3964681,Find all files in directory with extension .txt,"Find all files in directory ""/mydir"" with extension "".txt""","os.chdir('/mydir')
for file in glob.glob('*.txt'):
    pass",859,13,9,59,1
4965159,Python: How to Redirect Output with Subprocess?,execute os command `my_cmd`,os.system(my_cmd),1024,17,9,59,1
6159900,write line to file,"write line ""hi there"" to file `myfile`","f = open('myfile', 'w')
f.write('hi there\n')
f.close()",1125,20,9,59,1
7900882,extract item from list of dictionaries,extract dictionary from list of dictionaries based on a key's value.,[d for d in a if d['name'] == 'pluto'],1267,23,1,59,0
10960463,Non-ASCII characters in Matplotlib,set font `Arial` to display non-ascii characters in matplotlib,"matplotlib.rc('font', **{'sans-serif': 'Arial', 'family': 'sans-serif'})",1533,30,4,59,1
11399384,Extract all keys from a list of dictionaries,extract all keys from a list of dictionaries `LoD`,[i for s in [list(d.keys()) for d in LoD] for i in s],1573,31,1,59,0
11479392,What does a for loop within a list do in Python?,Get a list `myList` from 1 to 10,myList = [i for i in range(10)],1581,31,7,59,1
11584773,sorting a graph by its edge weight. python,sort list `lst` in descending order based on the second item of each tuple in it,"lst.sort(key=lambda x: x[2], reverse=True)",1587,31,7,59,1
11850425,Custom Python list sorting,Sort list `alist` in ascending order based on each of its elements' attribute `foo`,alist.sort(key=lambda x: x.foo),1615,32,7,59,1
12476452,How can I return HTTP status code 204 from a Django view?,return http status code 204 from a django view,return HttpResponse(status=204),1650,33,4,59,1
12987178,Sort a list based on dictionary values in python?,sort list `trial_list` based on values of dictionary `trail_dict`,"sorted(trial_list, key=lambda x: trial_dict[x])",1689,34,1,59,0
13496087,Python: How to generate a 12-digit random number?,generate a 12-digit random number,"random.randint(100000000000, 999999999999)",1751,36,5,59,0
14524322,How to convert a date string to different format,convert a date string '2013-1-25' in format '%Y-%m-%d' to different format '%-m/%d/%y',"datetime.datetime.strptime('2013-1-25', '%Y-%m-%d').strftime('%-m/%d/%y')",1839,38,2,59,0
14764126,"How to make a python script which can logoff, shutdown, and restart a computer?",logoff computer having windows operating system using python,"subprocess.call(['shutdown', '/l '])",1861,39,4,59,1
15286401,Print multiple arguments in python,"print the string `Total score for`, the value of the variable `name`, the string `is` and the value of the variable `score` in one print call.","print(('Total score for', name, 'is', score))",1909,40,4,59,1
18624039,Pandas reset index on series to remove multiindex,reset index of series `s`,s.reset_index(0).reset_index(drop=True),2145,46,7,59,1
18837262,Convert Python dict into a dataframe,converting dictionary `d` into a dataframe `pd` with keys as data for column 'Date' and the corresponding values as data for column 'DateValue',"pd.DataFrame(list(d.items()), columns=['Date', 'DateValue'])",2165,46,3,59,0
19894365,Running R script from python,run r script '/usr/bin/Rscript --vanilla /pathto/MyrScript.r',"subprocess.call('/usr/bin/Rscript --vanilla /pathto/MyrScript.r', shell=True)",2230,48,9,59,1
20347766,Pythonically add header to a csv file,add field names as headers in csv constructor `writer`,writer.writeheader(),2256,49,4,59,1
21018612,How to download to a specific directory with Python?,download to a directory '/path/to/dir/filename.ext' from source 'http://example.com/file.ext',"urllib.request.urlretrieve('http://example.com/file.ext', '/path/to/dir/filename.ext')",2293,50,9,59,1
21787496,converting epoch time with milliseconds to datetime,parse milliseconds epoch time '1236472051807' to format '%Y-%m-%d %H:%M:%S',"time.strftime('%Y-%m-%d %H:%M:%S', time.gmtime(1236472051807 / 1000.0))",2319,50,2,59,0
27896214,"Reading tab-delimited file with Pandas - works on Windows, but not on Mac",reading tab-delimited csv file `filename` with pandas on mac,"pandas.read_csv(filename, sep='\t', lineterminator='\r')",2476,54,3,59,0
28684154,Python copy a list of lists,Copy list `old_list` and name it `new_list`,new_list = [x[:] for x in old_list],2497,55,7,59,1
28780956,how to get the context of a search in BeautifulSoup?,get the context of a search by keyword 'My keywords' in beautifulsoup `soup`,k = soup.find(text=re.compile('My keywords')).parent.text,2502,55,4,59,1
30787901,How to get a value from a Pandas DataFrame and not the index and object type,get the first value from dataframe `df` where column 'Letters' is equal to 'C',"df.loc[df['Letters'] == 'C', 'Letters'].values[0]",2567,57,3,59,0
32743479,pandas read csv with extra commas in column,read pandas data frame csv `comma.csv` with extra commas in column specifying string delimiter `'`,"df = pd.read_csv('comma.csv', quotechar=""'"")",2629,58,3,59,0
33078554,Mapping dictionary value to list,get a list from a list `lst` with values mapped into a dictionary `dct`,[dct[k] for k in lst],2642,59,7,59,1
33127636,PUT Request to REST API using Python,Execute a put request to the url `url`,"response = requests.put(url, data=json.dumps(data), headers=headers)",2643,59,4,59,1
40221516,How do I join two dataframes based on values in selected columns?,join two dataframes based on values in selected columns,"pd.merge(a, b, on=['A', 'B'], how='outer')",2792,62,3,59,0
