question_id,intent,rewritten_intent,snippet,idx,time_batch,cluster,gradual_batch,gradual_new
642154,convert strings into integers,convert items in `T1` to integers,"T2 = [map(int, x) for x in T1]",259,0,5,8,0
674509,"How do I iterate over a Python dictionary, ordered by values?",Iterate over dictionary `d` in ascending order of values,"sorted(iter(d.items()), key=lambda x: x[1])",273,0,1,8,0
861190,Ordering a list of dictionaries in python,ordering a list of dictionaries `mylist` by elements 'weight' and 'factor',"mylist.sort(key=lambda d: (d['weight'], d['factor']))",347,0,1,8,0
1024847,Add key to a dictionary,Add key 'a' to dictionary `data` with value 1,data.update(dict(a=1)),399,1,1,8,0
3494906,How do I merge a list of dicts into a single dict?,merge a list of dictionaries in list `L` into a single dict,"{k: v for d in L for k, v in list(d.items())}",777,11,1,8,0
3518778,read csv into record array in numpy,read csv file 'myfile.csv' into array,"df = pd.read_csv('myfile.csv', sep=',', header=None)",782,11,6,8,0
3996904,Generate random integers between 0 and 9,Generate a random integer between `a` and `b`,"random.randint(a, b)",866,13,5,8,0
4230000,Creating a 2d matrix in python,creating a 5x6 matrix filled with `None` and save it as `x`,x = [[None for _ in range(5)] for _ in range(6)],898,14,6,8,0
4301069,Any way to properly pretty-print ordered dictionaries in Python?,pretty-print ordered dictionary `o`,pprint(dict(list(o.items()))),914,14,1,8,0
4576115,Convert a list to a dictionary in Python,"convert a list 'a' to a dictionary where each even element represents the key to the dictionary, and the following odd element is the value","b = {a[i]: a[i + 1] for i in range(0, len(a), 2)}",948,15,1,8,0
4940032,Search for string in txt file,Search for string 'blabla' in txt file 'example.txt',"if ('blabla' in open('example.txt').read()):
    pass",1023,17,0,8,0
5183533,How to make List from Numpy Matrix in Python,Convert the first row of numpy matrix `a` to a list,numpy.array(a)[0].tolist(),1044,18,6,8,0
5796238,Python convert decimal to hex,return the conversion of decimal `d` to hex without the '0x' prefix,hex(d).split('x')[1],1090,19,5,8,0
6612769,"Is there a more elegant way for unpacking keys and values of a dictionary into two lists, without losing consistence?",unpack keys and values of a dictionary `d` into two lists,"keys, values = zip(*list(d.items()))",1162,21,1,8,0
8425046,The best way to filter a dictionary in Python,Filter dictionary `d` to have items with value greater than 0,"d = {k: v for k, v in list(d.items()) if v > 0}",1330,25,1,8,0
8751653,How can I convert a binary to a float number,convert a binary '-0b1110' to a float number,"float(int('-0b1110', 0))",1361,26,5,8,0
9001509,sort a dictionary by key,sort dictionary `d` by key,od = collections.OrderedDict(sorted(d.items())),1380,26,1,8,0
9427163,Remove duplicate dict in list in Python,remove duplicate dict in list `l`,[dict(t) for t in set([tuple(d.items()) for d in l])],1413,27,1,8,0
11391969,How to group pandas DataFrame entries by date in a non-unique column,group dataframe `data` entries by year value of the date in column 'date',data.groupby(data['date'].map(lambda x: x.year)),1572,31,3,8,0
13438574,Sorting JSON data by keys value,sort list `results` by keys value 'year',"sorted(results, key=itemgetter('year'))",1745,36,1,8,0
13842088,Set value for particular cell in pandas DataFrame,set the value of cell `['x']['C']` equal to 10 in dataframe `df`,df['x']['C'] = 10,1783,37,3,8,0
15509617,How to obtain the day of the week in a 3 letter format from a datetime object in python?,obtain the current day of the week in a 3 letter format from a datetime object,datetime.datetime.now().strftime('%a'),1931,40,2,8,0
17141558,How to sort a dataFrame in python pandas by two or more columns?,"sort a pandas data frame by column `a` in ascending, and by column `b` in descending order","df.sort(['a', 'b'], ascending=[True, False])",2037,43,3,8,0
17149561,How to find a value in a list of python dictionaries?,"Check if the value of the key ""name"" is ""Test"" in a list of dictionaries `label`",any(d['name'] == 'Test' for d in label),2041,43,1,8,0
17895835,format strings and named arguments in Python,print two numbers `10` and `20` using string formatting,"""""""{0} {1}"""""".format(10, 20)",2090,44,5,8,0
17926273,How to count distinct values in a column of a pandas group by object?,How to count distinct values in a column of a pandas group by object?,"df.groupby(['col1', 'col2'])['col3'].nunique().reset_index()",2092,44,3,8,0
20894525,How to remove parentheses and all data within using Pandas/Python?,replace parentheses and all data within it with empty string '' in column 'name' of dataframe `df`,"df['name'].str.replace('\\(.*\\)', '')",2287,49,3,8,0
21188504,python pandas: apply a function with arguments to a series. Update,"Add 100 to each element of column ""x"" in dataframe `a`","a['x'].apply(lambda x, y: x + y, args=(100,))",2298,50,3,8,0
21800169,Python Pandas: Get index of rows which column matches certain value,get index of rows in dataframe `df` which column 'BoolCol' matches value True,df[df['BoolCol']].index.tolist(),2320,50,3,8,0
21887754,numpy concatenate two arrays vertically,numpy concatenate two arrays `a` and `b` along the first axis,"print(concatenate((a, b), axis=0))",2332,51,6,8,0
25698710,Replace all occurrences of a string in a pandas dataframe (Python),replace all occurrences of a string `\n` by string `<br>` in a pandas data frame `df`,"df.replace({'\n': '<br>'}, regex=True)",2429,53,3,8,0
30605909,Pandas to_csv call is prepending a comma,write pandas dataframe `df` to the file 'c:\\data\\t.csv' without row names,"df.to_csv('c:\\data\\t.csv', index=False)",2556,56,3,8,0
32533944,Preserving Column Order - Python Pandas and Column Concat,Convert CSV file `Result.csv` to Pandas dataframe using separator ' ',"df.to_csv('Result.csv', index=False, sep=' ')",2626,58,3,8,0
33769531,Python: Converting from binary to String,Convert a binary value '1633837924' to string,"struct.pack('<I', 1633837924)",2651,59,5,8,0
34097281,How can I convert a tensor into a numpy array in TensorFlow?,"convert a tensor with list of constants `[1, 2, 3]` into a numpy array in tensorflow","print(type(tf.Session().run(tf.constant([1, 2, 3]))))",2655,59,6,8,0
41256648,Select multiple ranges of columns in Pandas DataFrame,"select multiple ranges of columns 1-10, 15, 17, and 50-100 in pandas dataframe `df`","df.iloc[:, (np.r_[1:10, (15), (17), 50:100])]",2833,63,3,8,0
41469647,Outer product of each column of a 2D array to form a 3D array - NumPy,outer product of each column of a 2d `X` array to form a 3d array `X`,"np.einsum('ij,kj->jik', X, X)",2837,64,6,8,0
42211584,How do I compare values in a dictionary?,get the maximum of 'salary' and 'bonus' values in a dictionary,"print(max(d, key=lambda x: (d[x]['salary'], d[x]['bonus'])))",2864,64,1,8,0
42352887,Finding The Biggest Key In A Python Dictionary,get a list of keys of dictionary `things` sorted by the value of nested dictionary key 'weight',"sorted(list(things.keys()), key=lambda x: things[x]['weight'], reverse=True)",2866,64,1,8,0
