question_id,intent,rewritten_intent,snippet,idx,time_batch,cluster,gradual_batch,gradual_new
852055,Build a GQL query (for Google App Engine) that has a condition on ReferenceProperty,Google App Engine execute GQL query 'SELECT * FROM Schedule WHERE station = $1' with parameter `foo.key()`,"db.GqlQuery('SELECT * FROM Schedule WHERE station = $1', foo.key())",346,0,4,43,1
1358977,How to make several plots on a single page using matplotlib?,"Return a subplot axes positioned by the grid definition `1,1,1` using matpotlib","fig.add_subplot(1, 1, 1)",446,2,4,43,1
1713594,Parse a string with a date to a datetime object,parse string '01-Jan-1995' into a datetime object using format '%d-%b-%Y',"datetime.datetime.strptime('01-Jan-1995', '%d-%b-%Y')",492,3,2,43,0
1747817,Create a dictionary with list comprehension,Create a dictionary `d` from list of key value pairs `iterable`,"d = {k: v for (k, v) in iterable}",496,4,1,43,0
2911754,How to upload binary file with ftplib in Python?,upload binary file `myfile.txt` with ftplib,"ftp.storbinary('STOR myfile.txt', open('myfile.txt', 'rb'))",680,8,9,43,1
3207219,list all files of a directory,list all files of a directory `mypath`,"onlyfiles = [f for f in listdir(mypath) if isfile(join(mypath, f))]",717,9,9,43,1
4552380,How to get current date and time from DB using SQLAlchemy,SQLAlchemy select records of columns of table `my_table` in addition to current date column,"print(select([my_table, func.current_date()]).execute())",946,15,4,43,1
4979542,Python - use list as function parameters,unpack the arguments out of list `params` to function `some_func`,some_func(*params),1025,17,7,43,1
5075247,Regular expression to remove line breaks,remove line breaks from string `textblock` using regex,"re.sub('(?<=[a-z])\\r?\\n', ' ', textblock)",1031,17,0,43,0
5137497,Find current directory and file's directory,find the current directory,os.path.realpath(__file__),1041,17,9,43,1
5788891,Execute a file with arguments in Python shell,execute a file './abc.py' with arguments `arg1` and `arg2` in python shell,"subprocess.call(['./abc.py', arg1, arg2])",1089,19,9,43,1
6250046,How can I remove the fragment identifier from a URL?,remove the fragment identifier `#something` from a url `http://www.address.com/something#something`,urlparse.urldefrag('http://www.address.com/something#something'),1129,20,4,43,1
6618515,Sorting list based on values from another list?,sorting list 'X' based on values from another list 'Y',"[x for y, x in sorted(zip(Y, X))]",1163,21,7,43,1
8092877,Split a list of tuples into sub-lists of the same tuple field,"zip a list of tuples `[(1, 4), (2, 5), (3, 6)]` into a list of tuples according to original tuple index","zip(*[(1, 4), (2, 5), (3, 6)])",1281,24,7,43,1
8315209,Sending http headers with python,sending http headers to `client`,client.send('HTTP/1.0 200 OK\r\n'),1319,25,4,43,1
8724352,Getting the nth element using BeautifulSoup,BeautifulSoup find all 'tr' elements in HTML string `soup` at the five stride starting from the fourth element,rows = soup.findAll('tr')[4::5],1356,26,4,43,1
10472907,How to convert dictionary into string,convert dictionary `adict` into string,""""""""""""".join('{}{}'.format(key, val) for key, val in list(adict.items()))",1491,29,1,43,0
10666163,How to check if all elements of a list matches a condition?,"check if the third element of all the lists in a list ""items"" is equal to zero.",any(item[2] == 0 for item in items),1514,30,7,43,1
11573817,How to download a file via FTP with Python ftplib,How to download a file via FTP with Python ftplib,"ftp.retrbinary('RETR %s' % filename, file.write)",1585,31,9,43,1
12218112,Sum the second value of each tuple in a list,get the sum of each second value from a list of tuple `structure`,sum(x[1] for x in structure),1631,33,7,43,1
14299978,How to use lxml to find an element by text?,"find element `a` that contains string ""TEXT A"" in file `root`","e = root.xpath('.//a[contains(text(),""TEXT A"")]')",1822,38,0,43,0
14764126,"How to make a python script which can logoff, shutdown, and restart a computer?",abort a computer shutdown using subprocess,"subprocess.call(['shutdown', '/a '])",1859,38,4,43,1
15882395,Matplotlib.animation: how to remove white margin,"set the size of figure `fig` in inches to width height of `w`, `h`","fig.set_size_inches(w, h, forward=True)",1953,41,4,43,1
16766643,Convert Date String to Day of Week,Convert Date String to Day of Week,"datetime.datetime.strptime('January 11, 2010', '%B %d, %Y').strftime('%a')",2003,42,2,43,0
17098654,"How to store data frame using PANDAS, Python","store data frame `df` to file `file_name` using pandas, python",df.to_pickle(file_name),2029,43,3,43,0
18082130,Python regex to remove all words which contains number,remove all words which contains number from a string `words` using regex,"re.sub('\\w*\\d\\w*', '', words).strip()",2103,45,0,43,0
19112735,Python - print tuple elements with no brackets,print each first value from a list of tuples `mytuple` with string formatting,"print(', ,'.join([str(i[0]) for i in mytuple]))",2181,47,7,43,1
19617355,Dynamically changing log level in python without restarting the application,Change log level dynamically to 'DEBUG' without restarting the application,logging.getLogger().setLevel(logging.DEBUG),2212,48,4,43,1
20970279,"how to do a left,right and mid of a string in a pandas dataframe",get the middle two characters of a string 'state' in a pandas dataframe `df`,df['state'].apply(lambda x: x[len(x) / 2 - 1:len(x) / 2 + 1]),2290,50,3,43,0
21974169,How to disable query cache with mysql.connector,Mysql commit current transaction,con.commit(),2336,51,4,43,1
26894227,sum of squares in a list in one line?,sum of squares values in a list `l`,sum(i * i for i in l),2452,54,7,43,1
30241279,Flask - How to make an app externally visible through a router?,run app `app` on host '192.168.0.58' and port 9000 in Flask,"app.run(host='192.168.0.58', port=9000, debug=False)",2546,56,4,43,1
32063985,Deleting a div with a particlular class using BeautifulSoup,remove a div with a id `main-content` using beautifulsoup,"soup.find('div', id='main-content').decompose()",2614,58,4,43,1
34527388,How to click on the text button using selenium python,click on the text button 'section-select-all' using selenium python,browser.find_element_by_class_name('section-select-all').click(),2669,59,4,43,1
37084812,How to remove decimal points in pandas,remove decimal points in pandas data frame using round,df.round(),2722,61,3,43,0
38426168,How to remove multiple columns that end with same text in Pandas?,get a dataframe `df2` that contains all the columns of dataframe `df` that do not end in `prefix`,"df2 = df.ix[:, (~df.columns.str.endswith('prefix'))]",2743,61,3,43,0
39373620,How to get a max string length in nested lists,get the max string length in list `i`,max(len(word) for word in i),2761,62,7,43,1
41821112,How can I sum the product of two list items using for loop in python?,sum the product of elements of two lists named `a` and `b`,"sum(x * y for x, y in list(zip(a, b)))",2849,64,7,43,1
42458734,"How do I convert all strings (like ""Fault"") and into a unique float?",factorize all string values in dataframe `s` into floats,(s.factorize()[0] + 1).astype('float'),2873,64,3,43,0
