question_id,intent,rewritten_intent,snippet,idx,time_batch,cluster,gradual_batch,gradual_new
1854,What OS am I running on,get os version,"import platform
platform.release()",7,0,4,61,1
237079,get file creation & modification date/times in,get modified time of file `file`,time.ctime(os.path.getmtime(file)),107,0,9,61,1
364621,get item's position in a list,get the position of item 1 in `testlist`,"for i in [i for (i, x) in enumerate(testlist) if (x == 1)]:
    pass",165,0,7,61,1
1024847,Add key to a dictionary,Add key 'a' to dictionary `data` with value 1,data.update(a=1),402,1,1,61,0
1058712,How do I select a random element from an array in Python?,"select a random element from array `[1, 2, 3]`","random.choice([1, 2, 3])",409,1,6,61,0
1391026,Google App Engine - Request class query_string,Retrieve parameter 'var_name' from a GET request.,self.request.get('var_name'),450,2,4,61,1
1679798,How to open a file with the standard application?,"open a file ""$file"" under Unix","os.system('start ""$file""')",485,3,9,61,1
2300756,Get the nth item of a generator in Python,get the 5th item of a generator,"next(itertools.islice(range(10), 5, 5 + 1))",584,6,7,61,1
2755950,How to use regular expression in lxml xpath?,Get all `a` tags where the text starts with value `some text` using regex,"doc.xpath(""//a[starts-with(text(),'some text')]"")",650,7,0,61,0
2793324,delete a list element by value,delete the element `c` from list `a`,"try:
    a.remove(c)
except ValueError:
    pass",661,8,7,61,1
2878084,Sort a list of dicts by dict values,sort a list `l` of dicts by dict value 'title',l.sort(key=lambda x: x['title']),676,8,1,61,0
3895424,what is a quick way to delete all elements from a list that do not satisfy a constraint?,delete all elements from a list `x` if a function `fn` taking value as parameter returns `0`,[x for x in lst if fn(x) != 0],834,12,7,61,1
4111412,How do I get a list of indices of non zero elements in a list?,get a list of indices of non zero elements in a list `a`,"[i for i, e in enumerate(a) if e != 0]",877,13,7,61,1
5280178,How do I load a file into the python console?,load a file `file.py` into the python console,"exec(compile(open('file.py').read(), 'file.py', 'exec'))",1053,18,9,61,1
6159900,write line to file,"write line ""hi there"" to file `f`","print('hi there', file=f)",1126,20,9,61,1
6378889,How to convert a string list into an integer in python,Get a list of integers by splitting  a string `user` with comma,"[int(s) for s in user.split(',')]",1141,20,5,61,0
8177079,take the content of a list and append it to another list,append list `mylog` to `list1`,list1.extend(mylog),1291,24,7,61,1
8546245,Python concat string with list,join a list of strings `list` using a space ' ',""""""" """""".join(list)",1337,25,7,61,1
9621388,(Django) how to get month name?,how to get month name of datetime `today`,today.strftime('%B'),1434,28,2,61,0
10569438,How to print Unicode character in Python?,print 'here is your checkmark: ' plus unicode character u'\u2713',print('here is your checkmark: ' + '\u2713'),1505,29,4,61,1
12324456,How to keep a list of lists sorted as it is created,keep a list `dataList` of lists sorted as it is created by second element,dataList.sort(key=lambda x: x[1]),1639,33,7,61,1
13496087,Python: How to generate a 12-digit random number?,generate a random 12-digit number,""""""""""""".join(str(random.randint(0, 9)) for _ in range(12))",1753,36,5,61,0
14673394,python pandas extract unique dates from time series,extract unique dates from time series 'Date' in dataframe `df`,df['Date'].map(lambda t: t.date()).unique(),1848,38,3,61,0
14931769,get all combination of n binary value,get all combination of n binary values,"lst = list(itertools.product([0, 1], repeat=n))",1873,39,7,61,1
15049182,Write value to hidden element with selenium python script,add one to the hidden web element with id 'XYZ' with selenium python script,"browser.execute_script(""document.getElementById('XYZ').value+='1'"")",1888,39,4,61,1
15315452,Selecting with complex criteria from pandas.DataFrame,"select values from column 'A' for which corresponding values in column 'B' will be greater than 50, and in column 'C' - equal 900 in dataframe `df`",df['A'][(df['B'] > 50) & (df['C'] == 900)],1913,40,3,61,0
15571267,Python: A4 size for a plot,"set size of `figure` to landscape A4 i.e. `11.69, 8.27` inches","figure(figsize=(11.69, 8.27))",1935,40,4,61,1
16389188,How to center a window with PyGObject,pygobject center window `window`,window.set_position(Gtk.WindowPosition.CENTER),1988,42,4,61,1
16418415,Divide two lists in python,Divide elements in list `a` from elements at the same index in list `b`,"[(x / y) for x, y in zip(a, b)]",1990,42,7,61,1
17071871,Select rows from a DataFrame based on values in a column in pandas,select all rows whose values in a column `column_name` equals a scalar `some_value` in pandas data frame object `df`,df.loc[df['column_name'] == some_value],2023,43,3,61,0
17815945,Convert generator object to a dictionary,convert generator object to a dictionary,{i: (i * 2) for i in range(10)},2086,44,1,61,0
19894365,Running R script from python,running r script '/pathto/MyrScript.r' from python,"subprocess.call(['/usr/bin/Rscript', '--vanilla', '/pathto/MyrScript.r'])",2229,48,9,61,1
21350605,python selenium click on button,python selenium click on button,driver.find_element_by_css_selector('.button .c_button .s_button').click(),2305,50,4,61,1
21833383,When the key is a tuple in dictionary in Python,make all keys lowercase in dictionary `d`,"d = {(a.lower(), b): v for (a, b), v in list(d.items())}",2329,51,1,61,0
23351183,Django - Filter queryset by CharField value length,Filter queryset for all objects in Django model `MyModel` where texts length are greater than `254`,MyModel.objects.filter(text__regex='^.{254}.*'),2375,52,4,61,1
29386995,How to get http headers in flask?,get http header of the key 'your-header-name' in flask,request.headers['your-header-name'],2517,55,4,61,1
30843103,How to get the index of an integer from a list if the list contains a boolean?,get the index of an integer `1` from a list `lst` if the list also contains boolean items,"next(i for i, x in enumerate(lst) if not isinstance(x, bool) and x == 1)",2568,57,7,61,1
32458541,Django can't find URL pattern,Confirm urls in Django properly,"url('^$', include('sms.urls')),",2622,58,4,61,1
34776651,Concatenate rows of pandas DataFrame with same id,group rows of pandas dataframe `df` with same 'id',df.groupby('id').agg(lambda x: x.tolist()),2676,59,3,61,0
