question_id,intent,rewritten_intent,snippet,idx,time_batch,cluster,gradual_batch,gradual_new
89228,Calling an external command,"Calling an external command ""echo Hello World""","return_code = subprocess.call('echo Hello World', shell=True)",63,0,9,14,1
120656,Directory listing,"list all files in directory "".""","for (dirname, dirnames, filenames) in os.walk('.'):
    for subdirname in dirnames:
        print(os.path.join(dirname, subdirname))
    for filename in filenames:
        pass",71,0,9,14,1
179369,How do I abort the execution of a Python script?,abort the execution of a python script,sys.exit(),82,0,4,14,1
444058,python - readable list of objects,display attribute `attr` for each object `obj` in list `my_list_of_objs`,print([obj.attr for obj in my_list_of_objs]),197,0,7,14,1
674519,How can I convert a Python dictionary to a list of tuples?,convert a python dictionary 'a' to a list of tuples,"[(k, v) for k, v in a.items()]",276,0,1,14,0
674764,string find,find the index of sub string 's' in string `str` starting from index 15,"str.find('s', 15)",281,0,0,14,0
674764,string find,find the index of sub string 's' in string `str` starting from index 11 and ending at index 14,"str.find('s', 11, 14)",282,0,0,14,0
674764,string find,find the index of sub string 'World' in `x`,x.find('World'),283,0,0,14,0
1683775,Sort a multidimensional list by a variable number of keys,sort a multidimensional list `a` by second and third column,"a.sort(key=operator.itemgetter(2, 3))",486,3,7,14,1
2186656,How can I remove all instances of an element from a list in Python?,"remove all instances of `[1, 1]` from a list `a`","[x for x in a if x != [1, 1]]",568,5,7,14,1
5826427,Can a python script execute a function inside a bash script?,Can a python script execute a function inside a bash script?,"subprocess.Popen(['bash', '-c', '. foo.sh; go'])",1092,19,4,14,1
5868374,Convert a string to datetime object in python,Parse string `datestr` into a datetime object using format pattern '%Y-%m-%d',"dateobj = datetime.datetime.strptime(datestr, '%Y-%m-%d').date()",1104,19,2,14,0
8134602,psycopg2: insert multiple rows with one query,"execute sql query 'INSERT INTO table VALUES(%s,%s,%s,%s,%s,%s,%s,%s,%s)' with all parameters in list `tup`","cur.executemany('INSERT INTO table VALUES(%s,%s,%s,%s,%s,%s,%s,%s,%s)', tup)",1283,24,7,14,1
8214932,How to check if a value exists in a dictionary (python),Check if value 'one' is among the values of dictionary `d`,'one' in iter(d.values()),1299,24,1,14,0
9304408,How to add an integer to each element in a list?,Add 1 to each integer value in list `my_list`,new_list = [(x + 1) for x in my_list],1403,27,7,14,1
9396706,How can I use a string with the same name of an object in Python to access the object itself?,get the attribute `x` from object `your_obj`,"getattr(your_obj, x)",1411,27,4,14,1
10078470,Sort numpy matrix row values in ascending order,sort array `arr` in ascending order by values of the 3rd column,"arr[arr[:, (2)].argsort()]",1467,28,6,14,0
10805589,Converting JSON date string to python datetime,convert JSON string '2012-05-29T19:30:03.283Z' into a DateTime object using format '%Y-%m-%dT%H:%M:%S.%fZ',"datetime.datetime.strptime('2012-05-29T19:30:03.283Z', '%Y-%m-%dT%H:%M:%S.%fZ')",1523,30,2,14,0
11406091,Selecting Element followed by text with Selenium WebDriver,"Selecting Element ""//li/label/input"" followed by text ""polishpottery"" with Selenium WebDriver `driver`","driver.find_element_by_xpath(""//li/label/input[contains(..,'polishpottery')]"")",1577,31,4,14,1
12211944,How to match beginning of string or character in Python,Get all the matches from a string `abcd` if it begins with a character `a`,"re.findall('[^a]', 'abcd')",1629,33,0,14,0
12323403,How do I find an element that contains specific text in Selenium Webdriver (Python)?,How do I find an element that contains specific text in Selenium Webdriver (Python)?,"driver.find_elements_by_xpath(""//*[contains(text(), 'My Button')]"")",1638,33,4,14,1
12330522,Reading a file without newlines,read a file `file` without newlines,[line.rstrip('\n') for line in file],1641,33,9,14,1
13078751,Merge Columns within a DataFrame that have the Same Name,Get pandas GroupBy object with sum over the rows with same column names within  dataframe `df`,"df.groupby(df.columns, axis=1).sum()",1697,34,3,14,0
13384841,swap values in a tuple/list inside a list in python?,Swap values in a tuple/list in list `mylist`,"[(t[1], t[0]) for t in mylist]",1737,35,7,14,1
14411633,Python - Fastest way to check if a string contains specific characters in any of the items in a list,do a boolean check if a string `lestring` contains any of the items in list `lelist`,any(e in lestring for e in lelist),1831,38,7,14,1
14695134,How to insert strings with quotes and newlines into sqlite db with Python?,insert data from a string `testfield` to sqlite db `c`,"c.execute(""INSERT INTO test VALUES (?, 'bar')"", (testfield,))",1850,38,4,14,1
15103484,"How to use regular expression to separate numbers and characters in strings like ""30M1000N20M""",separate numbers and characters in string '20M10000N80M',"re.findall('([0-9]+)([A-Z])', '20M10000N80M')",1895,39,5,14,0
17071871,Select rows from a DataFrame based on values in a column in pandas,select rows of dataframe `df` whose value for column `A` is `foo`,print(df.loc[df['A'] == 'foo']),2024,43,3,14,0
18253210,Creating a numpy array of 3D coordinates from three 1D arrays,"creating a numpy array of 3d coordinates from three 1d arrays `x_p`, `y_p` and `z_p`","np.vstack(np.meshgrid(x_p, y_p, z_p)).reshape(3, -1).T",2116,45,6,14,0
18351951,Check if string ends with one of the strings from a list,"check if string `test.mp3` ends with one of the strings from a tuple `('.mp3', '.avi')`","""""""test.mp3"""""".endswith(('.mp3', '.avi'))",2122,45,0,14,0
18461623,Average values in two Numpy arrays,Get the average values from two numpy arrays `old_set` and `new_set`,"np.mean(np.array([old_set, new_set]), axis=0)",2132,45,6,14,0
22918212,Fastest Way to Drop Duplicated Index in a Pandas DataFrame,drop duplicate indexes in a pandas data frame `df`,df[~df.index.duplicated()],2369,52,3,14,0
23914774,Python 2.7: making a dictionary object from a specially-formatted list object,"Make a dictionary from list `f` which is in the format of four sets of  ""val, key, val""","{f[i + 1]: [f[i], f[i + 2]] for i in range(0, len(f), 3)}",2395,52,1,14,0
24041436,set multi index of an existing data frame in pandas,Set multi index on columns 'Company' and 'date' of data frame `df` in pandas.,"df.set_index(['Company', 'date'], inplace=True)",2398,52,3,14,0
26367812,Appending to list in Python dictionary,"append `date` to list value of `key` in dictionary `dates_dict`, or create key `key` with value `date` in a list if it does not exist","dates_dict.setdefault(key, []).append(date)",2441,53,1,14,0
28986489,Python Pandas: How to replace a characters in a column of a dataframe?,Python Pandas: How to replace a characters in a column of a dataframe?,"df['range'].replace(',', '-', inplace=True)",2505,55,3,14,0
29815129,Pandas DataFrame to List of Dictionaries,Create list of dictionaries from pandas dataframe `df`,df.to_dict('records'),2530,56,3,14,0
31818050,round number to nearest integer,round number 32.268907563 up to 3 decimal points,"round(32.268907563, 3)",2605,58,5,14,0
38379453,How to read only part of a list of strings in python,get a list of substrings consisting of the first 5 characters of every string in list `buckets`,[s[:5] for s in buckets],2741,61,0,14,0
