question_id,intent,rewritten_intent,snippet,idx,time_batch,cluster,gradual_batch,gradual_new
89228,Calling an external command,"Calling an external command ""echo Hello World""",print(os.popen('echo Hello World').read()),60,0,9,11,1
319426,case insensitive string comparison,case insensitive comparison between strings `first` and `second`,(first.upper() == second.upper()),147,0,0,11,0
379906,Parse String to Float or Int,parse string `a` to float,float(a),172,0,5,11,0
638360,Python - How to calculate equal parts of two dictionaries?,get set intersection between dictionaries `d1` and `d2`,"dict((x, set(y) & set(d1.get(x, ()))) for x, y in d2.items())",256,0,1,11,0
1580270,What's the best way to search for a Python dictionary value in a list of dictionaries?,What's the best way to search for a Python dictionary value in a list of dictionaries?,any(d['site'] == 'Superuser' for d in data),476,3,1,11,0
2051744,Reverse Y-Axis in PyPlot,reverse y-axis in pyplot,plt.gca().invert_yaxis(),538,5,4,11,1
2317134,How do I use a regular expression to match a name?,Match regex '[a-zA-Z][\\w-]*\\Z' on string 'A\n',"re.match('[a-zA-Z][\\w-]*\\Z', 'A\n')",585,6,0,11,0
2317134,How do I use a regular expression to match a name?,match regex '[a-zA-Z][\\w-]*$' on string '!A_B',"re.match('[a-zA-Z][\\w-]*$', '!A_B')",586,6,0,11,0
2424412,What is the easiest way to convert list with str into list with int?,convert list of strings `str_list` into list of integers,[int(i) for i in str_list],604,6,5,11,0
3505831,in python how do I convert a single digit number into a double digits string?,pads string '5' on the left with 1 zero,print('{0}'.format('5'.zfill(2))),780,11,5,11,0
3809265,numpy matrix multiplication,scalar multiply matrix `a` by `b`,(a.T * b).T,818,12,6,11,0
3877491,deleting rows in numpy array,Delete third row in a numpy array `x`,"x = numpy.delete(x, 2, axis=1)",828,12,6,11,0
4627981,Creating a dictionary from a string,"Create a dictionary from string `e` separated by `-` and `,`","dict((k, int(v)) for k, v in (e.split(' - ') for e in s.split(',')))",955,15,1,11,0
4793617,How to derive the week start for a given (iso) weeknumber / year in python,"derive the week start for the given week number and year ‘2011, 4, 0’","datetime.datetime.strptime('2011, 4, 0', '%Y, %U, %w')",989,16,2,11,0
5618878,convert list to string,"concatenating values in list `L` to a string, separate by space",' '.join((str(x) for x in L)),1082,19,7,11,1
6900955,python convert list to dictionary,convert list `l` to dictionary having each two adjacent elements as key/value pair,"dict(zip(l[::2], l[1::2]))",1187,21,1,11,0
7271385,How do I combine two lists into a dictionary in Python?,"combine two lists `[1, 2, 3, 4]` and `['a', 'b', 'c', 'd']` into a dictionary","dict(zip([1, 2, 3, 4], ['a', 'b', 'c', 'd']))",1214,22,1,11,0
7371935,Sort a string in lexicographic order python,sort string `s` in lexicographic order,"sorted(sorted(s), key=str.upper)",1231,22,0,11,0
8970524,Python regex search AND split,regex search and split string 'aaa bbb ccc ddd eee fff' by delimiter '(d(d)d)',"re.split('(d(d)d)', 'aaa bbb ccc ddd eee fff', 1)",1378,26,0,11,0
9495262,create dictionary from list of variables,create dictionary from list of variables 'foo' and 'bar' already defined,"dict((k, globals()[k]) for k in ('foo', 'bar'))",1416,27,1,11,0
11073609,How to group DataFrame by a period of time?,group dataframe `df` based on minute interval,df.groupby(df.index.map(lambda t: t.minute)),1547,30,3,11,0
13079852,How do I stack two DataFrames next to each other in Pandas?,stack two dataframes next to each other in pandas,"pd.concat([GOOG, AAPL], keys=['GOOG', 'AAPL'], axis=1)",1698,34,3,11,0
13353233,Best way to split a DataFrame given an edge,split dataframe `df` where the value of column `a` is equal to 'B',df.groupby((df.a == 'B').shift(1).fillna(0).cumsum()),1731,35,3,11,0
14571103,Capturing emoticons using regular expression in python,match the pattern '[:;][)(](?![)(])' to the string `str`,"re.match('[:;][)(](?![)(])', str)",1842,38,0,11,0
15863066,Python regular expression match whole word,Python regular expression match whole word,"re.search('\\bis\\b', your_string)",1952,41,0,11,0
16868457,python sorting dictionary by length of values,sort a dictionary `d` by length of its values and print as string,"print(' '.join(sorted(d, key=lambda k: len(d[k]), reverse=True)))",2010,42,1,11,0
17794266,How to get the highest element in absolute value in a numpy matrix?,get the highest element in absolute value in a numpy matrix `x`,"max(x.min(), x.max(), key=abs)",2083,44,6,11,0
18200052,How to convert ndarray to array?,convert ndarray with shape 3x3 to array,"np.zeros((3, 3)).ravel()",2113,45,6,11,0
18663026,How do I pythonically set a value in a dictionary if it is None?,Set value for key `a` in dict `count` to `0` if key `a` does not exist or if value is `none`,"count.setdefault('a', 0)",2149,46,1,11,0
18663644,How to account for accent characters for regex in Python?,"match a sharp, followed by letters (including accent characters) in string `str1` using a regex","hashtags = re.findall('#(\\w+)', str1, re.UNICODE)",2150,46,0,11,0
19601086,Click a href button with selenium and python?,click a href button 'Send' with selenium,driver.find_element_by_partial_link_text('Send').click(),2207,47,4,11,1
25440008,python pandas flatten a dataframe to a list,flatten a dataframe df to a list,df.values.flatten(),2423,53,3,11,0
27175400,How to find the index of a value in 2d array in Python?,How to find the index of a value in 2d array in Python?,np.where(a == 1),2457,54,6,11,0
28199524,Best way to count the number of rows with missing values in a pandas DataFrame,count the number of rows with missing values in a pandas dataframe `df`,"sum(df.apply(lambda x: sum(x.isnull().values), axis=1) > 0)",2484,54,3,11,0
28773683,Combine two Pandas dataframes with the same index,combine  dataframe `df1` and dataframe `df2` by index number,"pd.merge(df1, df2, left_index=True, right_index=True, how='outer')",2500,55,3,11,0
33680914,Grouping dataframes in pandas?,Return values for column `C` after group by on column `A` and `B` in dataframe `df`,"df.groupby(['A', 'B'])['C'].unique()",2648,59,3,11,0
39607540,Count the number of Occurrence of Values based on another column,get the count of each unique value in column `Country` of dataframe `df` and store in column `Sum of Accidents`,df.Country.value_counts().reset_index(name='Sum of Accidents'),2771,62,3,11,0
41192805,Pandas - Sorting By Column,Concatenate dataframe `df_1` to dataframe `df_2` sorted by values of the column 'y',"pd.concat([df_1, df_2.sort_values('y')])",2830,63,3,11,0
42442428,Python - Choose a dictionary in list which key is closer to a global value,get a dictionary in list `dicts` which key 'ratio' is closer to a global value 1.77672955975,"min(dicts, key=lambda x: (abs(1.77672955975 - x['ratio']), -x['pixels']))",2872,64,1,11,0
