question_id,intent,rewritten_intent,snippet,idx,time_batch,cluster,gradual_batch,gradual_new
1476,express binary literals,convert 173 to binary string,bin(173),5,0,5,62,0
22676,download a file over HTTP,download a file 'http://www.example.com/' over HTTP,"response = urllib.request.urlopen('http://www.example.com/')
html = response.read()",17,0,9,62,1
455612,Limiting floats to two decimal points,limit float 3.14159 to two decimal points,('%.2f' % 3.14159),200,0,5,62,0
698223,How can I parse a time string containing milliseconds in it with python?,How can I parse a time string containing milliseconds in it with python?,"time.strptime('30/03/09 16:31:32.123', '%d/%m/%y %H:%M:%S.%f')",291,0,2,62,0
1082413,Sort a list of strings based on regular expression match or something similar,sort list `strings` in alphabetical order based on the letter after percent character `%` in each element,"strings.sort(key=lambda str: re.sub('.*%(.).*', '\\1', str))",413,1,0,62,0
2040038,Sorting datetime objects while ignoring the year?,sort datetime objects `birthdays` by `month` and `day`,"birthdays.sort(key=lambda d: (d.month, d.day))",535,5,2,62,0
2597099,Sorting numbers in string format with Python,Sort list `keys` based on its elements' dot-seperated numbers,"keys.sort(key=lambda x: map(int, x.split('.')))",622,7,7,62,1
3108285,"In Python script, how do I set PYTHONPATH?",set pythonpath in python script.,sys.path.append('/path/to/whatever'),706,9,9,62,1
3308102,How to extract the n-th elements from a list of tuples in python?,extract the 2nd elements from a list of tuples,[x[1] for x in elements],745,10,7,62,1
3431825,Generating an MD5 checksum of a file,Generate MD5 checksum of file in the path `full_path` in hashlib,"print(hashlib.md5(open(full_path, 'rb').read()).hexdigest())",762,10,9,62,1
3805958,How to delete a record in Django models?,How to delete a record in Django models?,SomeModel.objects.filter(id=id).delete(),817,12,4,62,1
3931541,Python Check if all of the following items is in a list,"check if all of the following items in list `['a', 'b']` are in a list `['a', 'b', 'c']`","set(['a', 'b']).issubset(['a', 'b', 'c'])",842,12,7,62,1
4906977,Access environment variables,get value of the environment variable 'HOME' with default value '/home/username/',"print(os.environ.get('HOME', '/home/username/'))",1013,17,4,62,1
6159313,Can Python test the membership of multiple values in a list?,"Check if all the values in a list `['a', 'b']` are present in another list `['b', 'a', 'foo', 'bar']`","all(x in ['b', 'a', 'foo', 'bar'] for x in ['a', 'b'])",1124,20,7,62,1
7286365,Print a list in reverse order with range()?,reverse the list that contains 1 to 10,list(reversed(list(range(10)))),1219,22,7,62,1
8192379,How to read stdin to a 2d python array of integers?,Create array `a` containing integers from stdin,a.fromlist([int(val) for val in stdin.read().split()]),1293,24,6,62,0
8337004,"How to print +1 in Python, as +1 (with plus sign) instead of 1?",Print +1 using format '{0:+d}',print('{0:+d}'.format(score)),1320,25,5,62,0
8386675,Extracting specific columns in numpy array,extracting column `1` and `9` from array `data`,"data[:, ([1, 9])]",1326,25,6,62,0
9891814,How to use regex with optional characters in python?,match regex pattern '(\\d+(\\.\\d+)?)' with string '3434.35353',"print(re.match('(\\d+(\\.\\d+)?)', '3434.35353').group(1))",1457,28,0,62,0
10487278,Python - How to declare and add items to an array?,declare an array,my_list = [],1496,29,6,62,0
10998621,Rotate axis text in python matplotlib,rotate x-axis text labels of plot `ax` 45 degrees,"ax.set_xticklabels(ax.xaxis.get_majorticklabels(), rotation=45)",1540,30,4,62,1
13254241,Removing key values pairs from a list of dictionaries,Removing key values pairs from a list of dictionaries,"[dict((k, v) for k, v in d.items() if k != 'mykey1') for d in mylist]",1720,35,1,62,0
13793321,Joining Table/DataFrames with common Column in Python,joining data from dataframe `df1` with data from dataframe `df2` based on matching values of column 'Date_Time' in both dataframes,"df1.merge(df2, on='Date_Time')",1776,36,3,62,0
13794532,Python regular expression for Beautiful Soup,Find all `div` tags whose classes has the value `comment-` in a beautiful soup object `soup`,"soup.find_all('div', class_=re.compile('comment-'))",1778,36,4,62,1
14332141,Dumping subprcess output in a file in append mode,Move the cursor of file pointer `fh1` at the end of the file.,fh1.seek(2),1825,38,9,62,1
14766194,testing whether a Numpy array contains a given row,"Check whether a numpy array `a` contains a given row `[1, 2]`","any(np.equal(a, [1, 2]).all(1))",1864,39,6,62,0
16228248,Python: simplest way to get list of values from dict?,Retrieve list of values from dictionary 'd',list(d.values()),1977,41,1,62,0
16874598,How do I calculate the md5 checksum of a file in Python?,calculate the md5 checksum of a file named  'filename.exe',"hashlib.md5(open('filename.exe', 'rb').read()).hexdigest()",2011,42,9,62,1
19156472,Sorting numpy array on multiple columns in Python,"sort array `order_array` based on column 'year', 'month' and 'day'","order_array.sort(order=['year', 'month', 'day'])",2185,47,6,62,0
19384532,How to count number of rows in a group in pandas group by object?,count number of rows in a group `key_columns` in pandas groupby object `df`,df.groupby(key_columns).size(),2194,47,3,62,0
21804935,How to use the mv command in Python with subprocess,execute a mv command `mv /home/somedir/subdir/* somedir/` in subprocess,"subprocess.call('mv /home/somedir/subdir/* somedir/', shell=True)",2324,50,9,62,1
22625616,listing files from a directory using glob python,List all the files that matches the pattern `hello*.txt`,glob.glob('hello*.txt'),2357,51,9,62,1
25355705,count how many of an object type there are in a list Python,count the number of integers in list `a`,"sum(isinstance(x, int) for x in a)",2421,53,7,62,1
31650399,find all digits between a character in python,find all digits between two characters `\xab` and `\xbb`in a string `text`,"print(re.findall('\\d+', '\n'.join(re.findall('\xab([\\s\\S]*?)\xbb', text))))",2588,57,0,62,0
32751229,"Pandas sum by groupby, but exclude certain columns","Get sum of values of columns  'Y1961', 'Y1962', 'Y1963' after group by on columns ""Country"" and ""Item_code"" in dataframe `df`.","df.groupby(['Country', 'Item_Code'])[['Y1961', 'Y1962', 'Y1963']].sum()",2630,58,3,62,0
33218968,How do you call a python file that requires a command line argument from within another python file?,Run 'test2.py' file with python location 'path/to/python' and arguments 'neededArgumetGoHere' as a subprocess,"call(['path/to/python', 'test2.py', 'neededArgumetGoHere'])",2645,59,9,62,1
38147447,How to remove square bracket from pandas dataframe,remove square bracket '[]' from pandas dataframe `df` column 'value',df['value'] = df['value'].str.strip('[]'),2735,61,3,62,0
39600161,Regular expression matching all but a string,regular expression matching all but 'aa' and 'bb',"re.findall('-(?!aa|bb)([^-]+)', string)",2766,62,0,62,0
42260840,Python - Remove dictionary from list if key is equal to value,remove dictionary from list `a` if the value associated with its key 'link' is in list `b`,a = [x for x in a if x['link'] not in b],2865,64,1,62,0
