question_id,intent,rewritten_intent,snippet,idx,time_batch,cluster,gradual_batch,gradual_new
1476,express binary literals,convert binary string '11111111' to integer,"int('11111111', 2)",0,0,5,53,0
22676,download a file over HTTP,"download a file `url` over HTTP and save to ""10MB""","response = requests.get(url, stream=True)
with open('10MB', 'wb') as handle:
    for data in tqdm(response.iter_content()):
        handle.write(data)",16,0,9,53,1
22676,download a file over HTTP,download a file `url` over HTTP and save to `file_name`,"u = urllib.request.urlopen(url)
f = open(file_name, 'wb')
meta = u.info()
file_size = int(meta.getheaders('Content-Length')[0])
print(('Downloading: %s Bytes: %s' % (file_name, file_size)))
file_size_dl = 0
block_sz = 8192
while True:
    buffer = u.read(block_sz)
    if (not buffer):
        break
    file_size_dl += len(buffer)
    f.write(buffer)
    status = ('%10d  [%3.2f%%]' % (file_size_dl, ((file_size_dl * 100.0) / file_size)))
    status = (status + (chr(8) * (len(status) + 1)))
    print(status, end=' ')
f.close()",18,0,9,53,1
59825,How to retrieve an element from a set without removing it?,retrieve an element from a set `s` without removing it,e = next(iter(s)),38,0,7,53,1
311627,print date in a regular format,print current date and time in a regular format,datetime.datetime.now().strftime('%Y-%m-%d %H:%M'),138,0,2,53,0
312443,How do you split a list into evenly sized chunks?,split list `l` into `n` sized lists,"[l[i:i + n] for i in range(0, len(l), n)]",141,0,7,53,1
402504,determine the variable type,get the type of variable `variable_name`,print(type(variable_name)),176,0,4,53,1
798854,All combinations of a list of lists,create a list containing all cartesian products of elements in list `a`,list(itertools.product(*a)),329,0,7,53,1
1874194,Pythonic way to get the largest item in a list,find tuple in list of tuples `a_list` with the largest second element,"max(a_list, key=operator.itemgetter(1))",515,4,7,53,1
1960516,Python JSON serialize a Decimal object,encode `Decimal('3.9')` to a JSON string,json.dumps(Decimal('3.9')),530,4,5,53,0
2052390,Manually raising (throwing) an exception,throw a runtime error with message 'specific message',raise RuntimeError('specific message'),544,5,4,53,1
2054416,Getting the first elements per row in an array in Python?,Create a tuple `t` containing first element of each tuple in tuple `s`,t = tuple(x[0] for x in s),547,5,7,53,1
2133571,Most Pythonic way to concatenate strings,Concat a list of strings `lst` using string formatting,""""""""""""".join(lst)",555,5,7,53,1
2168123,Converting a String to List in Python,"convert the string '0,1,2' to a list of integers","[int(x) for x in '0,1,2'.split(',')]",563,5,5,53,0
2621674,how to extract elements from a list in python?,"extract elements at indices (1, 2, 5) from a list `a`","[a[i] for i in (1, 2, 5)]",638,7,7,53,1
2806611,What's the best way to aggregate the boolean values of a Python dictionary?,check if all boolean values in a python dictionary `dict` are true,all(dict.values()),669,8,1,53,0
3376534,how do I halt execution in a python script?,Exit script,sys.exit(),753,10,4,53,1
3931541,Python Check if all of the following items is in a list,"Check if all the items in a list `['a', 'b']` exists in another list `l`","set(['a', 'b']).issubset(set(l))",841,12,7,53,1
5251663,determine if a list contains other lists,check if any values in a list `input_list` is a list,"any(isinstance(el, list) for el in input_list)",1050,18,7,53,1
5775719,How do I find the first letter of each word?,find the first letter of each element in string `input`,output = ''.join(item[0].upper() for item in input.split()),1088,19,0,53,0
5882405,Get date from ISO week number in Python,convert string '2011221' into a DateTime object using format '%Y%W%w',"datetime.strptime('2011221', '%Y%W%w')",1106,19,2,53,0
7657457,Finding key from value in Python dictionary:,Find all keys from a dictionary `d` whose values are `desired_value`,"[k for k, v in d.items() if v == desired_value]",1248,23,1,53,0
7961363,Removing duplicates in lists,Removing duplicates in list `source_list`,list(set(source_list)),1270,23,7,53,1
8409095,matplotlib: Set markers for individual points on a line,set color marker styles `--bo` in matplotlib,"plt.plot(list(range(10)), '--bo')",1327,25,4,53,1
9652832,How to I load a tsv file into a Pandas DataFrame?,load a tsv file `c:/~/trainSetRel3.txt` into a pandas data frame,"DataFrame.from_csv('c:/~/trainSetRel3.txt', sep='\t')",1439,28,3,53,0
12897374,Get unique values from a list in python,remove duplicates from list `myset`,mynewlist = list(myset),1684,34,7,53,1
14853243,Parsing XML with namespace in Python via 'ElementTree',find all `owl:Class` tags by parsing xml with namespace,root.findall('{http://www.w3.org/2002/07/owl#}Class'),1867,39,4,53,1
17223174,Returning distinct rows in SQLAlchemy with SQLite,SQLAlchemy count the number of rows with distinct values in column `name` of table `Tag`,session.query(Tag).distinct(Tag.name).group_by(Tag.name).count(),2045,43,4,53,1
17589590,Can I get a list of the variables that reference an other in Python 2.7?,"Define a list with string values `['a', 'c', 'b', 'obj']`","['a', 'c', 'b', 'obj']",2069,44,7,53,1
19961490,Construct pandas DataFrame from list of tuples,construct pandas dataframe from a list of tuples,"df = pandas.DataFrame(data, columns=['R_Number', 'C_Number', 'Avg', 'Std'])",2235,48,3,53,0
23351183,Django - Filter queryset by CharField value length,filter a Django model `MyModel` to have charfield length of max `255`,MyModel.objects.extra(where=['CHAR_LENGTH(text) > 254']),2376,52,4,53,1
23748995,Pandas DataFrame to list,pandas dataframe `df` column 'a' to list,df['a'].values.tolist(),2386,52,3,53,0
29696641,Find a specific pattern (regular expression) in a list of strings (Python),Get all matches with regex pattern `\\d+[xX]` in list of string `teststr`,"[i for i in teststr if re.search('\\d+[xX]', i)]",2526,56,0,53,0
32996293,Comparing values in two lists in Python,create a list which indicates whether each element in `x` and `y` is identical,[(x[i] == y[i]) for i in range(len(x))],2639,58,7,53,1
37934969,Creating a Pandas dataframe from elements of a dictionary,create a pandas dataframe `df` from elements of a dictionary `nvalues`,"df = pd.DataFrame.from_dict({k: v for k, v in list(nvalues.items()) if k != 'y3'})",2730,61,3,53,0
40208429,sorting dictionary by numeric value,sort dictionary `tag_weight` in reverse order by values cast to integers,"sorted(list(tag_weight.items()), key=lambda x: int(x[1]), reverse=True)",2791,62,1,53,0
40582103,using regular expression to split string in python,use regular expression '((\\d)(?:[()]*\\2*[()]*)*)' to split string `s`,"[i[0] for i in re.findall('((\\d)(?:[()]*\\2*[()]*)*)', s)]",2806,63,0,53,0
41067960,How to convert a list of multiple integers into a single integer?,convert a list of integers into a single integer,"r = int(''.join(map(str, x)))",2822,63,5,53,0
41154648,How to remove 0's converting pandas dataframe to record,convert dataframe `df` to integer-type sparse object,df.to_sparse(0),2828,63,3,53,0
