question_id,intent,rewritten_intent,snippet,idx,time_batch,cluster,gradual_batch,gradual_new
36139,How do I sort a list of strings in Python?,sort list `mylist` in alphabetical order,mylist.sort(key=str.lower),24,0,7,35,1
209513,Convert hex string to int,"Convert hex string ""0xa"" to integer","int('0xa', 16)",92,0,5,35,0
273192,check if a directory exists and create it if necessary,check if a directory `path` exists and create it if necessary,"try:
    os.makedirs(path)
except OSError:
    if (not os.path.isdir(path)):
        raise",117,0,9,35,1
1007481,How do I replace whitespaces with underscore and vice versa?,replace spaces with underscore,"mystring.replace(' ', '_')",395,1,8,35,0
1027714,How to execute a file within the python interpreter?,execute file 'filename.py',"exec(compile(open('filename.py').read(), 'filename.py', 'exec'))",403,1,9,35,1
1883604,Reading utf-8 characters from a gzip file in python,Open gzip-compressed file encoded as utf-8 'file.gz' in text mode,"gzip.open('file.gz', 'rt', encoding='utf-8')",517,4,9,35,1
2514961,Remove all values within one list from another list in python,"remove all values within one list `[2, 3, 7]` from another list `a`","[x for x in a if x not in [2, 3, 7]]",609,6,7,35,1
3277503,read a file line by line into a list,read file 'filename' line by line into a list `lines`,"with open('filename') as f:
    lines = f.readlines()",731,10,9,35,1
3559559,How to delete a character from a string using python?,How to delete a character from a string using python?,"newstr = oldstr.replace('M', '')",791,11,8,35,0
3743222,How do I convert datetime to date (in Python)?,convert datetime object to date object in python,datetime.datetime.now().date(),809,12,2,35,0
3766633,How to sort with lambda in Python,Sort a data `a` in descending order based on the `modified` attribute of elements using lambda function,"a = sorted(a, key=lambda x: x.modified, reverse=True)",810,12,7,35,1
4233476,Sort a list by multiple attributes?,sort a list `s` by first and second attributes,"s = sorted(s, key=lambda x: (x[1], x[2]))",900,14,7,35,1
5137497,Find current directory and file's directory,get the canonical path of file `path`,os.path.realpath(path),1035,17,9,35,1
5503925,How do I use a dictionary to update fields in Django models?,update the fields in django model `Book` using dictionary `d`,Book.objects.create(**d),1073,18,1,35,0
8687568,How to write a tuple of tuples to a CSV file using Python,write a tuple of tuples `A` to a csv file using python,writer.writerow(A),1349,25,7,35,1
8751653,How can I convert a binary to a float number,convert string representation `s2` of binary string rep of integer to floating point number,"struct.unpack('d', struct.pack('Q', int(s2, 0)))[0]",1359,26,5,35,0
8905864,URL encoding in python,URL encoding in python,urllib.parse.quote_plus('a b'),1368,26,4,35,1
9040939,How to find all possible sequences of elements in a list?,"find all possible sequences of elements in a list `[2, 3, 4]`","map(list, permutations([2, 3, 4]))",1385,26,7,35,1
9550867,Python Pandas Pivot Table,produce a pivot table as dataframe using column 'Y' in datafram `df` to form the axes of the resulting dataframe,"df.pivot_table('Y', rows='X', cols='X2')",1422,27,3,35,0
9758959,Python - how to sort a list of numerical values in ascending order,"sort list `['10', '3', '2']` in ascending order based on the integer value of its elements","sorted(['10', '3', '2'], key=int)",1446,28,7,35,1
9932549,"Is it possible to take an ordered ""slice"" of a dictionary in Python based on a list of keys?",get key-value pairs in dictionary `my_dictionary` for all keys in list `my_list` in the order they appear in `my_list`,"dict(zip(my_list, map(my_dictionary.get, my_list)))",1459,28,1,35,0
10915391,Sorting a list of dicts by dict values,sorting a list of dictionary `a` by values in descending order,"sorted(a, key=dict.values, reverse=True)",1530,30,1,35,0
12579061,Python Selenium: Find object attributes using xpath,"get the text of multiple elements found by xpath ""//*[@type='submit']/@value""","browser.find_elements_by_xpath(""//*[@type='submit']/@value"").text",1658,33,4,35,1
12897374,Get unique values from a list in python,"get unique values from the list `['a', 'b', 'c', 'd']`","set(['a', 'b', 'c', 'd'])",1685,34,7,35,1
14743454,Counting values in dictionary,Get a list of all keys from dictionary `dictA` where the number of occurrences of value `duck` in that key is more than `1`,"[k for k, v in dictA.items() if v.count('duck') > 1]",1855,38,1,35,0
16883447,"How to read a ""C source, ISO-8859 text""",read file 'myfile' using encoding 'iso-8859-1',"codecs.open('myfile', 'r', 'iso-8859-1').read()",2012,42,9,35,1
17057544,Python - Extract folder path from file path,extract folder path from file path,os.path.dirname(os.path.abspath(existGDBPath)),2022,43,9,35,1
17558552,How do I add custom field to Python log format string?,Log info message 'Log message' with attributes `{'app_name': 'myapp'}`,"logging.info('Log message', extra={'app_name': 'myapp'})",2067,44,4,35,1
17679089,Pandas DataFrame Groupby two columns and get counts,get count of rows in each series grouped by column 'col5' and column 'col2' of dataframe `df`,"df.groupby(['col5', 'col2']).size().groupby(level=1).max()",2075,44,3,35,0
18102109,How do I implement a null coalescing operator in SQLAlchemy?,query all data from table `Task` where the value of column `time_spent` is bigger than 3 hours,session.query(Task).filter(Task.time_spent > timedelta(hours=3)).all(),2104,45,4,35,1
21800169,Python Pandas: Get index of rows which column matches certain value,Create a list containing the indexes of rows where the value of column 'BoolCol' in dataframe `df` are equal to True,df.iloc[np.flatnonzero(df['BoolCol'])],2322,50,3,35,0
24082784,pandas dataframe groupby datetime month,Group a pandas data frame by monthly frequenct `M` using groupby,df.groupby(pd.TimeGrouper(freq='M')),2400,52,3,35,0
26720916,Faster way to rank rows in subgroups in pandas dataframe,"Get rank of rows from highest to lowest of dataframe `df`, grouped by value in column `group`, according to value in column `value`",df.groupby('group')['value'].rank(ascending=False),2447,54,3,35,0
27868020,How to subset a data frame using Pandas based on a group criteria?,Get data of dataframe `df` where the sum of column 'X' grouped by column 'User' is equal to 0,df.loc[df.groupby('User')['X'].transform(sum) == 0],2474,54,3,35,0
29902714,Print the complete string of a pandas dataframe,"get  value at index `[2, 0]` in dataframe `df`","df.iloc[2, 0]",2535,56,3,35,0
32996293,Comparing values in two lists in Python,get a list of booleans `z` that shows wether the corresponding items in list `x` and `y` are equal,"z = [(i == j) for i, j in zip(x, y)]",2638,58,7,35,1
35945473,How to reverse a dictionary in Python?,reverse the keys and values in a dictionary `myDictionary`,{i[1]: i[0] for i in list(myDictionary.items())},2704,60,1,35,0
36875258,copying one file's contents to another in python,copy the content of file 'file.txt' to file 'file2.txt',"shutil.copy('file.txt', 'file2.txt')",2717,60,9,35,1
40311987,Pandas: Mean of columns with the same names,calculate the mean of columns with same name in dataframe `df`,"df.groupby(by=df.columns, axis=1).mean()",2794,62,3,35,0
