question_id,intent,rewritten_intent,snippet,idx,time_batch,cluster,gradual_batch,gradual_new
82831,check whether a file exists,"check whether a path ""/etc/password.txt"" exists",print(os.path.exists('/etc/password.txt')),54,0,9,34,1
415511,get current time,get current time in pretty format,"strftime('%Y-%m-%d %H:%M:%S', gmtime())",185,0,2,34,0
627435,remove an element from a list by index,remove the last element in list `a`,del a[(-1)],250,0,7,34,1
674764,string find,find the index of sub string 'cc' in string 'sdfasdf','sdfasdf'.index('cc'),284,0,0,34,0
701402,Best way to choose a random file from a directory,"choose a random file from the directory contents of the C drive, `C:\\`",random.choice(os.listdir('C:\\')),292,0,9,34,1
843277,check if a variable exists,check if object `obj` has attribute 'attr_name',"hasattr(obj, 'attr_name')",341,0,4,34,1
930865,how to sort by a computed value in django,sort objects in model `Profile` based on Theirs `reputation` attribute,"sorted(Profile.objects.all(), key=lambda p: p.reputation)",366,0,4,34,1
1186789,call a Python script from another Python script,"call a Python script ""test2.py""","exec(compile(open('test2.py').read(), 'test2.py', 'exec'))",426,2,4,34,1
1790520,How to apply a logical operator to all elements in a python list,apply logical operator 'AND' to all elements in list `a_list`,all(a_list),505,4,7,34,1
1908741,How to do this GROUP BY query in Django's ORM with annotate and aggregate,Group the values from django model `Article` with group by value `pub_date` and annotate by `title`,Article.objects.values('pub_date').annotate(article_count=Count('title')),522,4,4,34,1
2150739,ISO Time (ISO 8601) in Python,get current datetime in ISO format,datetime.datetime.now().isoformat(),557,5,2,34,0
2612802,copy a list,deep copy list `old_list` as `new_list`,new_list = copy.deepcopy(old_list),633,7,7,34,1
2637760,How do I match contents of an element in XPath (lxml)?,match contents of an element to 'Example' in xpath (lxml),"tree.xpath("".//a[text()='Example']"")[0].tag",641,7,0,34,0
2951701,Is it possible to use 'else' in a python list comprehension?,"replace `0` with `2` in the list `[0, 1, 0, 3]`","[(a if a else 2) for a in [0, 1, 0, 3]]",684,8,7,34,1
2972212,Creating an empty list,Creating an empty list `l`,l = list(),688,8,7,34,1
3925096,How to get only the last part of a path in Python?,How to get only the last part of a path in Python?,os.path.basename(os.path.normpath('/folderA/folderB/folderC/folderD/')),838,12,4,34,1
4172131,Create random list of integers in Python,create a random list of integers,[int(1000 * random.random()) for i in range(10000)],890,14,7,34,1
4265988,Generate random numbers with a given (numerical) distribution,"generate a random number in 1 to 7 with a given distribution [0.1, 0.05, 0.05, 0.2, 0.4, 0.2]","numpy.random.choice(numpy.arange(1, 7), p=[0.1, 0.05, 0.05, 0.2, 0.4, 0.2])",903,14,5,34,0
4444923,Get Filename Without Extension in Python,get filename without extension from file `filename`,os.path.splitext(filename)[0],931,15,9,34,1
4915920,How to delete an item in a list if it exists?,delete an item `thing` in a list `some_list` if it exists,cleaned_list = [x for x in some_list if x is not thing],1015,17,7,34,1
6159313,Can Python test the membership of multiple values in a list?,"test if either of strings `a` or `b` are members of the set of strings, `['b', 'a', 'foo', 'bar']`","set(['a', 'b']).issubset(['b', 'a', 'foo', 'bar'])",1123,20,0,34,0
6886493,Get all object attributes,Get all object attributes of object `obj`,print((obj.__dict__)),1184,21,4,34,1
7961363,Removing duplicates in lists,Removing duplicates in list `abracadabra`,list(OrderedDict.fromkeys('abracadabra')),1272,23,7,34,1
8970524,Python regex search AND split,search and split string 'aaa bbb ccc ddd eee fff' by delimiter '(ddd)',"re.split('(ddd)', 'aaa bbb ccc ddd eee fff', 1)",1377,26,0,34,0
9039961,Finding the average of a list,find the mean of elements in list `l`,sum(l) / float(len(l)),1384,26,7,34,1
9210525,convert hex to decimal,convert hex string '0xdeadbeef' to decimal,ast.literal_eval('0xdeadbeef'),1395,27,5,34,0
9210525,convert hex to decimal,convert hex string 'deadbeef' to decimal,"int('deadbeef', 16)",1398,27,5,34,0
9938130,plotting stacked barplots on a panda data frame,plotting stacked barplots on a panda data frame,"df.plot(kind='barh', stacked=True)",1460,28,3,34,0
11764260,How to find the minimum value in a numpy matrix?,find the minimum value in a numpy array `arr` excluding 0,arr[arr != 0].min(),1603,32,6,34,0
13252333,Python check if all elements of a list are the same type,check if all elements in a list 'lst' are the same type 'int',"all(isinstance(x, int) for x in lst)",1718,35,7,34,1
13905936,converting integer to list in python,converting integer `num` to list,[int(x) for x in str(num)],1790,37,5,34,0
14227561,Find a value within nested json dictionary in python,find a value within nested json 'data' where the key inside another key 'B' is unknown.,list(data['A']['B'].values())[0]['maindata'][0]['Info'],1815,37,1,34,0
15014276,Python: Sum values in a dictionary based on condition,sum values greater than 0 in dictionary `d`,sum(v for v in list(d.values()) if v > 0),1885,39,1,34,0
15096021,Python list of tuples to list of int,convert list `x` into a flat list,"y = map(operator.itemgetter(0), x)",1890,39,7,34,1
15457504,How to set the font size of a Canvas' text item?,set the font 'Purisa' of size 12 for a canvas' text item `k`,"canvas.create_text(x, y, font=('Purisa', 12), text=k)",1927,40,4,34,1
18594469,Normalizing a pandas DataFrame by row,normalize a pandas dataframe `df` by row,"df.div(df.sum(axis=1), axis=0)",2143,46,3,34,0
23887881,How to repeat Pandas data frame?,Get a repeated pandas data frame object `x` by `5` times,pd.concat([x] * 5),2393,52,3,34,0
27867754,Python get focused entry name,get the widget which has currently the focus in tkinter instance `window2`,"print(('focus object class:', window2.focus_get().__class__))",2472,54,4,34,1
42765620,How to sort a dictionary in python by value when the value is a list and I want to sort it by the first index of that list,How to sort a dictionary in python by value when the value is a list and I want to sort it by the first index of that list,"sorted(list(data.items()), key=lambda x: x[1][0])",2878,65,1,34,0
