question_id,intent,rewritten_intent,snippet,idx,time_batch,cluster,gradual_batch,gradual_new
42950,Get Last Day of the Month,Get Last Day of the first month in year 2000,"(datetime.date(2000, 2, 1) - datetime.timedelta(days=1))",26,0,2,40,0
70797,user input and commandline arguments,"print ""Please enter something: "" to console, and read user input to `var`",var = input('Please enter something: '),39,0,4,40,1
406121,Flattening a shallow list in Python,flatten list `list_of_menuitems`,[image for menuitem in list_of_menuitems for image in menuitem],183,0,7,40,1
432842,get the logical xor of two variables,get logical xor of `a` and `b`,(bool(a) ^ bool(b)),189,0,0,40,0
466345,Converting string into datetime,"parse string ""Aug 28 1999 12:00AM"" into datetime",parser.parse('Aug 28 1999 12:00AM'),209,0,2,40,0
613183,Sort a Python dictionary by value,Sort dictionary `dict1` by value in ascending order,"sorted(dict1, key=dict1.get)",247,0,1,40,0
687295,How do I do a not equal in Django queryset filtering?,Filter model 'Entry' where 'id' is not equal to 3 in Django,Entry.objects.filter(~Q(id=3)),290,0,4,40,1
1555968,Efficient way to find the largest key in a dictionary with non-zero value,find the key associated with the largest value in dictionary `x` whilst key is non-zero value,"max(k for k, v in x.items() if v != 0)",475,3,1,40,0
1949318,Checking if a website is up,"Check the status code of url ""http://www.stackoverflow.com""",urllib.request.urlopen('http://www.stackoverflow.com').getcode(),527,4,4,40,1
2389846,Python Decimals format,format a string `num` using string formatting,"""""""{0:.3g}"""""".format(num)",595,6,5,40,0
2917372,How to search a list of tuples in Python,get the indices of tuples in list of tuples `L` where the first value is 53,"[i for i, v in enumerate(L) if v[0] == 53]",681,8,7,40,1
3277503,read a file line by line into a list,read file `fname` line by line into a list `content`,"with open(fname) as f:
    content = f.readlines()",728,9,9,40,1
3940128,reverse a list,reverse a list `L`,L.reverse(),851,13,7,40,1
4131123,Finding the most frequent character in a string,print letter that appears most frequently in string `s`,print(collections.Counter(s).most_common(1)[0]),883,13,0,40,0
4476373,Simple URL GET/POST function,request http url `url` with parameters `payload`,"r = requests.get(url, params=payload)",936,15,4,40,1
5618878,convert list to string,concatenating values in `list1` to a string,str1 = ''.join(list1),1081,19,7,40,1
7741878,How to apply numpy.linalg.norm to each row of a matrix?,apply `numpy.linalg.norm` to each row of a matrix `a`,"numpy.apply_along_axis(numpy.linalg.norm, 1, a)",1255,23,6,40,0
8556076,Python - How to extract the last x elements from a list,create list `new_list` containing the last 10 elements of list `my_list`,new_list = my_list[-10:],1339,25,7,40,1
10408927,How to get all sub-elements of an element tree with Python ElementTree?,get all sub-elements of an element `a` in an elementtree,[elem.tag for elem in a.iter()],1490,29,7,40,1
11264005,Using a RegEx to match IP addresses in Python,Validate IP address using Regex,"pat = re.compile('^\\d{1,3}\\.\\d{1,3}\\.\\d{1,3}\\.\\d{1,3}$')",1555,31,0,40,0
11303225,How to remove multiple indexes from a list at the same time?,remove multiple values from a list `my_list` at the same time with index starting at `2` and ending just before `6`.,del my_list[2:6],1560,31,7,40,1
11837979,Removing white space around a saved image in matplotlib,remove white space padding around a saved image `test.png` in matplotlib,"plt.savefig('test.png', bbox_inches='tight')",1611,32,4,40,1
11840111,Divide the values of two dictionaries in python,divide the value for each key `k` in dict `d2` by the value for the same key `k` in dict `d1`,{k: (d2[k] / d1[k]) for k in list(d1.keys()) & d2},1614,32,1,40,0
12362542,"Python server ""Only one usage of each socket address is normally permitted""",Enable the SO_REUSEADDR socket option in socket object `s` to fix the error `only one usage of each socket address is normally permitted`,"s.setsockopt(SOL_SOCKET, SO_REUSEADDR, 1)",1644,33,4,40,1
12579061,Python Selenium: Find object attributes using xpath,find all the values in attribute `value` for the tags whose `type` attribute is `submit` in selenium,"browser.find_elements_by_xpath(""//*[@type='submit']"").get_attribute('value')",1659,33,4,40,1
13571134,recursively go through all subdirectories and read files,recursively go through all subdirectories and files in `rootdir`,"for (root, subFolders, files) in os.walk(rootdir):
    pass",1759,36,9,40,1
14306852,How do I modify the width of a TextCtrl in wxPython?,modify the width of a text control as `300` keeping default height in wxpython,"wx.TextCtrl(self, -1, size=(300, -1))",1824,38,4,40,1
14793098,How to use Flask-Security register view?,change flask security register url to `/create_account`,app.config['SECURITY_REGISTER_URL'] = '/create_account',1865,39,4,40,1
20154303,"Pandas read_csv expects wrong number of columns, with ragged csv file",read a ragged csv file `D:/Temp/tt.csv` using `names` parameter in pandas,"pd.read_csv('D:/Temp/tt.csv', names=list('abcdef'))",2247,48,3,40,0
20457038,Python - how to round down to 2 decimals,Round number `answer` to 2 precision after the decimal point,"answer = str(round(answer, 2))",2260,49,5,40,0
21164910,Delete Column in Pandas based on Condition,delete all columns in  DataFrame `df` that do not hold a non-zero value in its records,"df.loc[:, ((df != 0).any(axis=0))]",2297,50,3,40,0
30026815,Add Multiple Columns to Pandas Dataframe from Function,"add multiple columns `hour`, `weekday`, `weeknum` to pandas data frame `df` from lambda function `lambdafunc`","df[['hour', 'weekday', 'weeknum']] = df.apply(lambdafunc, axis=1)",2541,56,3,40,0
30357276,Pandas - FillNa with another column,fill missing value in one column 'Cat1' with the value of another column 'Cat2',df['Cat1'].fillna(df['Cat2']),2548,56,3,40,0
31888871,Pandas - replacing column values,replace value 0 with 'Female' and value 1 with 'Male' in column 'sex' of dataframe `data`,"data['sex'].replace([0, 1], ['Female', 'Male'], inplace=True)",2609,58,3,40,0
32490629,Getting today's date in YYYY-MM-DD in Python?,Getting today's date in YYYY-MM-DD,datetime.datetime.today().strftime('%Y-%m-%d'),2624,58,2,40,0
38152389,Coalesce values from 2 columns into a single column in a pandas dataframe,combine values from column 'b' and column 'a' of dataframe `df`  into column 'c' of datafram `df`,"df['c'] = np.where(df['a'].isnull, df['b'], df['a'])",2736,61,3,40,0
39538010,How can I execute Python code in a virtualenv from Matlab,execute python code `myscript.py` in a virtualenv `/path/to/my/venv` from matlab,system('/path/to/my/venv/bin/python myscript.py'),2765,62,4,40,1
41463763,Merge 2 dataframes with same values in a column,merge 2 dataframes `df1` and `df2` with same values in a column 'revenue' with and index 'date',df2['revenue'] = df2.CET.map(df1.set_index('date')['revenue']),2836,64,3,40,0
42394627,python How do you sort list by occurrence with out removing elements from the list?,sort list `lst` based on each element's number of occurrences,"sorted(lst, key=lambda x: (-1 * c[x], lst.index(x)))",2871,64,7,40,1
