question_id,intent,rewritten_intent,snippet,idx,time_batch,cluster,gradual_batch,gradual_new
82831,check whether a file exists,"check whether a file ""/etc"" exists",print(os.path.isfile('/etc')),53,0,9,32,1
273192,check if a directory exists and create it if necessary,check if a directory `path` exists and create it if necessary,distutils.dir_util.mkpath(path),118,0,9,32,1
276052,get current CPU and RAM usage,get current CPU and RAM usage,"psutil.cpu_percent()
psutil.virtual_memory()",129,0,4,32,1
364621,get item's position in a list,get the position of item `element` in list `testlist`,print(testlist.index(element)),164,0,7,32,1
498106,How do I compile a Visual Studio project from the command-line?,compile Visual Studio project `project.sln` from the command line through python,os.system('msbuild project.sln /p:Configuration=Debug'),211,0,4,32,1
1514553,declare an array,declare an array with element 'i',intarray = array('i'),466,3,6,32,0
1712227,get the size of a list,get the size of list `s`,len(s),491,3,7,32,1
2587402,Sorting Python list based on the length of the string,sort list `xs` based on the length of its elements,"print(sorted(xs, key=len))",618,7,7,32,1
2990121,loop through a Python list by twos,loop through 0 to 10 with step 2,"for i in range(0, 10, 2):
    pass",692,9,5,32,0
3276180,Extracting date from a string in Python,extract date from a string 'monkey 2010-07-32 love banana',"dparser.parse('monkey 2010-07-32 love banana', fuzzy=True)",725,9,2,32,0
3320406,How to check if a path is absolute path or relative path in cross platform way with Python?,check if path `my_path` is an absolute path,os.path.isabs(my_path),746,10,9,32,1
3398589,Sorting a list of lists in Python,Sorting a list of lists in Python,"c2.sort(key=lambda row: (row[2], row[1]))",756,10,7,32,1
3428769,Finding the largest delta between two integers in a list in python,Finding the largest delta between two integers in a list in python,"max(abs(x - y) for x, y in zip(values[1:], values[:-1]))",760,10,7,32,1
3964681,Find all files in directory with extension .txt,"Find all files in directory ""/mydir"" with extension "".txt""","for (root, dirs, files) in os.walk('/mydir'):
    for file in files:
        if file.endswith('.txt'):
            pass",860,13,9,32,1
4290716,How to write bytes to a file in Python 3 without knowing the encoding?,write bytes `bytes_` to a file `filename` in python 3,"open('filename', 'wb').write(bytes_)",911,14,9,32,1
4789021,"In Django, how do I check if a user is in a certain group?","check if a user `user` is in a group from list of groups `['group1', 'group2']`","return user.groups.filter(name__in=['group1', 'group2']).exists()",988,16,7,32,1
5137497,Find current directory and file's directory,find the current directory,os.getcwd(),1039,17,9,32,1
8218032,How to turn a boolean array into index array in numpy,Get all indexes of boolean numpy array where boolean value `mask` is True,numpy.where(mask),1302,24,6,32,0
8751653,How can I convert a binary to a float number,convert a binary `b8` to a float number,"struct.unpack('d', b8)[0]",1360,26,5,32,0
11801309,loop over files,loop over files in directory `source`,"for (root, dirs, filenames) in os.walk(source):
    for f in filenames:
        pass",1606,32,9,32,1
11924135,How to use Beautiful Soup to find a tag with changing id?,BeautifulSoup find a tag whose id ends with string 'para',soup.findAll(id=re.compile('para$')),1617,32,4,32,1
12440342,Best way to get the nth element of each tuple from a list of tuples in Python,get the first element of each tuple from a list of tuples `G`,[x[0] for x in G],1649,33,7,32,1
13070461,Get index of the top n values of a list in python,get indexes of the largest `2` values from a list `a` using itemgetter,"zip(*sorted(enumerate(a), key=operator.itemgetter(1)))[0][-2:]",1693,34,7,32,1
13081090,Convert binary to list of digits Python,create a list containing the digits values from binary string `x` as elements,[int(d) for d in str(bin(x))[2:]],1699,34,5,32,0
13557937,How to convert decimal to binary list in python,convert decimal integer 8 to a list of its binary values as elements,[int(x) for x in list('{0:0b}'.format(8))],1757,36,5,32,0
13628725,How to generate random numbers that are different?,generate 6 random numbers between 1 and 50,"random.sample(range(1, 50), 6)",1763,36,5,32,0
13704860,zip lists in python,"zip two lists `[1, 2]` and `[3, 4]` into a list of two tuples containing elements at the same index in each list","zip([1, 2], [3, 4])",1770,36,7,32,1
14180866,sum each value in a list of tuples,create a list with the sum of respective elements of the tuples of list `l`,[sum(x) for x in zip(*l)],1810,37,7,32,1
14262654,Numpy: Get random set of rows from 2D array,create a new 2 dimensional array containing two random rows from array `A`,"A[(np.random.randint(A.shape[0], size=2)), :]",1817,37,6,32,0
14914615,"In Python, find out number of differences between two ordered lists",find out the number of non-matched elements at the same index of list `a` and list `b`,"sum(1 for i, j in zip(a, b) if i != j)",1870,39,7,32,1
15103484,"How to use regular expression to separate numbers and characters in strings like ""30M1000N20M""",separate numbers and characters in string '20M10000N80M',"re.findall('([0-9]+|[A-Z])', '20M10000N80M')",1894,39,5,32,0
17977584,How to read data from Excel and write it to text file line by line?,open a file `Output.txt` in append mode,"file = open('Output.txt', 'a')",2097,45,9,32,1
18872717,Merging a list with a list of lists,"For each index `x` from 0 to 3, append the element at index `x` of list `b` to the list at index `x` of list a.",[a[x].append(b[x]) for x in range(3)],2167,46,7,32,1
19602931,http file downloading and saving,"download file from http url ""http://randomsite.com/file.gz"" and save as ""file.gz""","urllib.request.urlretrieve('http://randomsite.com/file.gz', 'file.gz')",2210,47,9,32,1
21562986,numpy matrix vector multiplication,multiply array `a` and array `b`respective elements then sum each row of the new array,"np.einsum('ji,i->j', a, b)",2311,50,6,32,0
27146262,Create variable key/value pairs with argparse (python),create variable key/value pairs with argparse,"parser.add_argument('--conf', nargs=2, action='append')",2456,54,4,32,1
27966626,how to clear/delete the Textbox in tkinter python on Ubuntu,clear the textbox `text` in tkinter,"tex.delete('1.0', END)",2480,54,4,32,1
31743603,Create a list of integers with duplicate values in Python,"create a list of integers with duplicate values `[0, 0, 1, 1, 2, 2, 3, 3, 4, 4]`","[0, 0, 1, 1, 2, 2, 3, 3, 4, 4]",2591,57,7,32,1
40196941,Regex to remove periods in acronyms?,remove periods inbetween capital letters that aren't immediately preceeded by word character(s) in a string `s` using regular expressions,"re.sub('(?<!\\w)([A-Z])\\.', '\\1', s)",2790,62,0,32,0
