question_id,intent,rewritten_intent,snippet,idx,time_batch,cluster,gradual_batch,gradual_new
36139,How do I sort a list of strings in Python?,sort list `mylist` alphabetically,mylist.sort(key=lambda x: x.lower()),23,0,7,21,1
364621,get item's position in a list,get the position of item 1 in `testlist`,"[i for (i, x) in enumerate(testlist) if (x == 1)]",166,0,7,21,1
455612,Limiting floats to two decimal points,limit float 13.949999999999999 to two decimal points,float('{0:.2f}'.format(13.95)),206,0,5,21,0
1186789,call a Python script from another Python script,"call a Python script ""test1.py""","subprocess.call('test1.py', shell=True)",427,2,4,21,1
2111163,Selecting specific column in each row from array,"subset numpy array `a` by column and row, returning the values from the first row, first column and the second row, second column and the third row, first column.","a[np.arange(3), (0, 1, 0)]",553,5,6,21,0
2269827,convert an int to a hex string,convert an int 65 to hex string,hex(65),582,6,5,21,0
2407398,merge lists into a list of tuples,merge lists `list_a` and `list_b` into a list of tuples,"zip(list_a, list_b)",599,6,7,21,1
2424412,What is the easiest way to convert list with str into list with int?,convert list with str into list with int,"list(map(int, ['1', '2', '3']))",602,6,7,21,1
2597099,Sorting numbers in string format with Python,Sort a list of integers `keys` where each value is in string format,keys.sort(key=lambda x: [int(y) for y in x.split('.')]),621,7,1,21,0
2972212,Creating an empty list,Creating an empty list,list(),686,8,7,21,1
3276180,Extracting date from a string in Python,extract date from a string 'monkey 20/01/1980 love banana',"dparser.parse('monkey 20/01/1980 love banana', fuzzy=True)",726,9,2,21,0
3494906,How do I merge a list of dicts into a single dict?,Convert list of dictionaries `L` into a flat dictionary,dict(pair for d in L for pair in list(d.items())),776,11,1,21,0
3582601,How to call an element in an numpy array?,"get an element at index `[1,1]`in a numpy array `arr`","print(arr[1, 1])",792,11,6,21,0
4174941,sort a list of lists by a specific index of the inner list,sort a list of lists `l` by index 2 of the inner list,l.sort(key=(lambda x: x[2])),893,14,7,21,1
4800419,Sorting or Finding Max Value by the second element in a nested list. Python,Find the list in a list of lists `alkaline_earth_values` with the max value of the second element.,"max(alkaline_earth_values, key=lambda x: x[1])",990,16,7,21,1
6416131,add new item to dictionary,"add key value pairs 'item4' , 4 and 'item5' , 5 to dictionary `default_data`","default_data.update({'item4': 4, 'item5': 5, })",1145,20,1,21,0
7026131,Padding a list in python with particular value,fill list `myList` with 4 0's,self.myList.extend([0] * (4 - len(self.myList))),1193,21,7,21,1
8704952,How to convert a tuple to a string in Python?,convert a set of tuples `queryresult` to a list of strings,[item[0] for item in queryresult],1352,25,7,21,1
9590965,Convert an IP string to a number and vice versa,convert a number 2130706433 to ip string,"socket.inet_ntoa(struct.pack('!L', 2130706433))",1431,27,5,21,0
10194713,Sorting a defaultdict by value in python,reverse sort items in default dictionary `cityPopulation` by the third item in each key's list of values,"sorted(iter(cityPopulation.items()), key=lambda k_v: k_v[1][2], reverse=True)",1470,28,1,21,0
10201977,How to reverse tuples in Python?,Reverse list `x`,x[::-1],1474,29,7,21,1
11219949,Python : how to append new elements in a list of list?,Initialize a list of empty lists `a` of size 3,a = [[] for i in range(3)],1553,31,7,21,1
11344827,Summing elements in a list,Sum numbers in a list 'your_list',sum(your_list),1565,31,7,21,1
12842997,How to copy a file using python?,copy file `srcfile` to directory `dstdir`,"shutil.copy(srcfile, dstdir)",1679,34,9,21,1
13042013,Adding url to mysql row in python,adding url `url` to mysql row,"cursor.execute('INSERT INTO index(url) VALUES(%s)', (url,))",1692,34,4,21,1
14442636,How can I check if a checkbox is checked in Selenium Python Webdriver?,determine if checkbox with id '<check_box_id>' is checked in selenium python webdriver,driver.find_element_by_id('<check_box_id>').is_selected(),1834,38,4,21,1
14745022,"Pandas DataFrame, how do i split a column into two","pandas dataframe, how do i split a column 'AB' into two 'A' and 'B' on delimiter ' '","df['A'], df['B'] = df['AB'].str.split(' ', 1).str",1857,38,3,21,0
16127862,"in Python, how to convert list of float numbers to string with certain format?",convert list of sublists `lst` of floats to a list of sublists `str_list` of strings of integers in scientific notation with 8 decimal points,str_list = [['{0:.8e}'.format(flt) for flt in sublist] for sublist in lst],1968,41,5,21,0
16138015,Checking if any elements in one list are in another,check if any elements in one list `list1` are in another list `list2`,len(set(list1).intersection(list2)) > 0,1971,41,7,21,1
16739319,Selenium Webdriver - NoSuchElementExceptions,selenium wait for driver `driver` 60 seconds before throwing a NoSuchElementExceptions exception,driver.implicitly_wait(60),2000,42,4,21,1
17331290,How to check for palindrome using Python logic,check if string `str` is palindrome,str(n) == str(n)[::-1],2052,43,0,21,0
18816297,How can I get the index value of a list comprehension?,Get the index value in list `p_list` using enumerate in list comprehension,"{p.id: {'id': p.id, 'position': ind} for ind, p in enumerate(p_list)}",2164,46,7,21,1
19011613,Using BeautifulSoup to select div blocks within HTML,using beautifulsoup to select div blocks within html `soup`,"soup.find_all('div', class_='crBlock ')",2175,47,4,21,1
26053849,Counting non zero values in each column of a dataframe in python,count non zero values in each column in pandas data frame,df.astype(bool).sum(axis=1),2435,53,3,21,0
30009948,How to reorder indexed rows based on a list in Pandas data frame,"reorder indexed rows `['Z', 'C', 'A']` based on a list in pandas data frame `df`","df.reindex(['Z', 'C', 'A'])",2539,56,3,21,0
32296933,removing duplicates of a list of sets,remove all duplicates from a list of sets `L`,list(set(frozenset(item) for item in L)),2619,58,7,21,1
39268928,Python: how to get rid of spaces in str(dict)?,"remove all spaces from a string converted from dictionary `{'a': 1, 'b': 'as df'}`","str({'a': 1, 'b': 'as df'}).replace(': ', ':').replace(', ', ',')",2756,61,1,21,0
39870642,Matplotlib - How to plot a high resolution graph?,Save plot `plt` as png file 'filename.png',plt.savefig('filename.png'),2777,62,9,21,1
40079728,Get models ordered by an attribute that belongs to its OneToOne model,Django get first 10 records of model `User` ordered by criteria 'age' of model 'pet',User.objects.order_by('-pet__age')[:10],2784,62,4,21,1
