question_id,intent,rewritten_intent,snippet,idx,time_batch,cluster,gradual_batch,gradual_new
2972212,Creating an empty list,Creating an empty list `l`,l = [],689,8,7,65,1
5999747,Beautifulsoup - nextSibling,"In `soup`, get the content of the sibling of the `td`  tag with text content `Address:`",print(soup.find(text='Address:').findNext('td').contents[0]),1116,19,4,65,1
18448469,Python: filter list of list with another list,create a list `result` containing elements form list `list_a` if first element of list `list_a` is in list `list_b`,result = [x for x in list_a if x[0] in list_b],2129,45,7,65,1
31247198,"Python, Pandas : write content of DataFrame into text File",write the data of dataframe `df` into text file `np.txt`,"np.savetxt('c:\\data\\np.txt', df.values, fmt='%d')",2575,57,3,65,0
