question_id,intent,rewritten_intent,snippet,idx,time_batch,cluster,gradual_batch,gradual_new
583557,What is the best way to print a table with delimiters in Python,print a 2 dimensional list `tab` as a table with delimiters,print('\n'.join('\t'.join(str(col) for col in row) for row in tab)),238,0,7,19,1
627435,remove an element from a list by index,remove the last element in list `a`,a.pop(),253,0,7,19,1
817087,Call a function with argument list in python,call a function with argument list `args`,func(*args),331,0,4,19,1
849674,Simple threading in Python 2.6 using thread.start_new_thread(),start a new thread for `myfunction` with parameters 'MyStringHere' and 1,"thread.start_new_thread(myfunction, ('MyStringHere', 1))",345,0,4,19,1
903853,How do you extract a column from a multi-dimensional array?,Get all the second values from a list of lists `A`,[row[1] for row in A],359,0,7,19,1
2151517,Create Union of All Values Contained in Multiple Lists,get the union of values in list of lists `result_list`,return list(set(itertools.chain(*result_list))),558,5,7,19,1
2406700,Accented characters in Matplotlib,"set an array of unicode characters `[u'\xe9', u'\xe3', u'\xe2']` as labels in Matplotlib `ax`","ax.set_yticklabels(['\xe9', '\xe3', '\xe2'])",598,6,4,19,1
2793324,delete a list element by value,"remove item ""b"" in list `a`",a.remove('b'),663,8,7,19,1
2990121,loop through a Python list by twos,loop through `mylist` with step 2,"for i in mylist[::2]:
    pass",691,9,7,19,1
3518778,read csv into record array in numpy,read csv file 'myfile.csv' into array,"np.genfromtxt('myfile.csv', delimiter=',')",783,11,6,19,0
4362586,sum a list of numbers in Python,sum a list of numbers `list_of_nums`,sum(list_of_nums),924,14,7,19,1
4664850,Find all occurrences of a substring in Python,find indexes of all occurrences of a substring `tt` in a string `ttt`,"[m.start() for m in re.finditer('(?=tt)', 'ttt')]",965,16,0,19,0
4706499,append to a file,append to file 'test1' content 'koko',"with open('test1', 'ab') as f:
    pass",979,16,9,19,1
5352546,best way to extract subset of key-value pairs from python dictionary object,"extract subset of key-value pairs with keys as `('l', 'm', 'n')` from dictionary object `bigdict`","dict((k, bigdict[k]) for k in ('l', 'm', 'n'))",1061,18,1,19,0
5625524,How to Close a program using python?,execute os command ''TASKKILL /F /IM firefox.exe'',os.system('TASKKILL /F /IM firefox.exe'),1085,19,4,19,1
7668141,Pycurl keeps printing in terminal,Make function `WRITEFUNCTION` output nothing in curl `p`,"p.setopt(pycurl.WRITEFUNCTION, lambda x: None)",1250,23,4,19,1
8305518,switching keys and values in a dictionary in python,switch keys and values in a dictionary `my_dict`,"dict((v, k) for k, v in my_dict.items())",1317,25,1,19,0
9561243,How to check if something exists in a postgresql database using django?,Django check if an object with criteria `name` equal to 'name' and criteria `title` equal to 'title' exists in model `Entry`,"Entry.objects.filter(name='name', title='title').exists()",1426,27,4,19,1
11692613,Python - sum values in dictionary,get a sum of all values from key `gold` in a list of dictionary `example_list`,sum([item['gold'] for item in example_list]),1595,32,1,19,0
11709079,Parsing HTML,Parsing HTML string `html` using BeautifulSoup,"parsed_html = BeautifulSoup(html)
print(parsed_html.body.find('div', attrs={'class': 'container', }).text)",1599,32,4,19,1
13070461,Get index of the top n values of a list in python,get index of the biggest 2 values of a list `a`,"sorted(list(range(len(a))), key=lambda i: a[i])[-2:]",1695,34,7,19,1
13368723,Python split a list into subsets based on pattern,split list `mylist` into a list of lists whose elements have the same first five characters,"[list(v) for k, v in itertools.groupby(mylist, key=lambda x: x[:5])]",1735,35,7,19,1
13550423,Python printing without commas,concatenate items of list `l` with a space ' ',"print(' '.join(map(str, l)))",1754,36,7,19,1
15286401,Print multiple arguments in python,print multiple arguments 'name' and 'score'.,"print('Total score for {} is {}'.format(name, score))",1907,40,4,19,1
16962512,Convert scientific notation to decimal - python,convert scientific notation of variable `a` to decimal,"""""""{:.50f}"""""".format(float(a[0] / a[1]))",2014,42,5,19,0
17038639,sorting a list with objects of a class as its items,sort a list `your_list` of class objects by their values for the attribute `anniversary_score`,your_list.sort(key=operator.attrgetter('anniversary_score')),2019,43,7,19,1
17071871,Select rows from a DataFrame based on values in a column in pandas,"Select rows whose value of the ""B"" column is ""one"" or ""three"" in the DataFrame `df`","print(df.loc[df['B'].isin(['one', 'three'])])",2027,43,3,19,0
17498027,Clicking a link using selenium using python,Clicking a link using selenium using python,driver.find_element_by_xpath('xpath').click(),2064,44,4,19,1
17690738,In Pandas how do I convert a string of date strings to datetime objects and put them in a DataFrame?,convert a string of date strings `date_stngs ` to datetime objects and put them in a dataframe,pd.to_datetime(pd.Series(date_stngs)),2076,44,2,19,0
18990069,how to get tuples from lists using list comprehension in python,create tuples containing elements that are at the same index of list `lst` and list `lst2`,"[(i, j) for i, j in zip(lst, lst2)]",2173,47,7,19,1
19601086,Click a href button with selenium and python?,click a href button having text `Send InMail` with selenium,driver.findElement(By.linkText('Send InMail')).click(),2206,47,4,19,1
25388796,Most efficient way to convert items of a list to int and sum them up,"Sum integers contained in strings in list `['', '3.4', '', '', '1.0']`","sum(int(float(item)) for item in [_f for _f in ['', '3.4', '', '', '1.0'] if _f])",2422,53,7,19,1
27587127,How to convert datetime.date.today() to UTC time?,return a DateTime object with the current UTC date,today = datetime.datetime.utcnow().date(),2465,54,2,19,0
31143732,How to create range of numbers in Python like in MATLAB,Create numpy array of `5` numbers starting from `1` with interval of `3`,"print(np.linspace(1, 3, num=5))",2573,57,6,19,0
32296933,removing duplicates of a list of sets,remove duplicates from a list of sets 'L',[set(item) for item in set(frozenset(item) for item in L)],2620,58,7,19,1
32838802,numpy with python: convert 3d array to 2d,convert a 3d array `img` of dimensions 4x2x3 to a 2d array   of dimensions 3x8,"img.transpose(2, 0, 1).reshape(3, -1)",2634,58,6,19,0
34438901,finding the last occurrence of an item in a list python,assign the index of the last occurence of `x` in list `s` to the variable `last`,last = len(s) - s[::-1].index(x) - 1,2667,59,7,19,1
40384599,Sorting a list of tuples by the addition of second and third element of the tuple,sort the list of tuples `lst` by the sum of every value except the first and by the first value in reverse order,"sorted(lst, key=lambda x: (sum(x[1:]), x[0]), reverse=True)",2799,63,7,19,1
40639071,How to sum the values of list to the power of their indices,Get the sum of values to the power of their indices in a list `l`,"sum(j ** i for i, j in enumerate(l, 1))",2809,63,7,19,1
