question_id,intent,rewritten_intent,snippet,idx,time_batch,cluster,gradual_batch,gradual_new
1854,What OS am I running on,get os name,"import platform
platform.system()",6,0,4,63,1
82831,check whether a file exists,check whether a file `fname` exists,os.path.isfile(fname),48,0,9,63,1
227459,"get the <a href=""http://en.wikipedia.org/wiki/ASCII"" rel=""nofollow noreferrer"">ASCII</a> value of a character as an int",get the ASCII value of a character 'a' as an int,ord('a'),98,0,5,63,0
364519,iterate over a dictionary in sorted order,iterate over a dictionary `foo` in sorted order,"for (k, v) in sorted(foo.items()):
    pass",155,0,1,63,0
1946181,How can I control the keyboard and mouse with Python?,control the keyboard and mouse with dogtail in linux,"dogtail.rawinput.click(100, 100)",524,4,4,63,1
2191699,Find an element in a list of tuples,find all elements in a list of tuples `a` where the first element of each tuple equals 1,[item for item in a if item[0] == 1],570,5,7,63,1
2612802,copy a list,copy list `old_list` as `new_list`,new_list = old_list[:],635,7,7,63,1
3348825,How to round integers in python,round 1123.456789 to be an integer,"print(round(1123.456789, -1))",749,10,5,63,0
3595685,start python script as background process from within a python script,Open a background process 'background-process' with arguments 'arguments',"subprocess.Popen(['background-process', 'arguments'])",794,11,9,63,1
3735814,Check for a key pattern in a dictionary in python,create list of values from dictionary `dict1` that have a key that starts with 'EMP$$',"[value for key, value in list(dict1.items()) if key.startswith('EMP$$')]",807,11,1,63,0
4284648,Converting lists of tuples to strings Python,convert each tuple in list `l` to a string with '@' separating the tuples' elements,""""""" """""".join([('%d@%d' % (t[0], t[1])) for t in l])",906,14,7,63,1
5507948,How can I insert NULL data into MySQL database with Python?,insert row into mysql database with column 'column1' set to the value `value`,"cursor.execute('INSERT INTO table (`column1`) VALUES (%s)', (value,))",1074,18,4,63,1
7831371,Is there a way to get a list of column names in sqlite?,SQLite get a list of column names from cursor object `cursor`,"names = list(map(lambda x: x[0], cursor.description))",1262,23,4,63,1
8519922,Posting raw data with Python,Send a post request with raw data `DATA` and basic authentication with `username` and `password`,"requests.post(url, data=DATA, headers=HEADERS_DICT, auth=(username, password))",1335,25,4,63,1
8936030,Using BeautifulSoup to search html for string,searche in HTML string for elements that have text 'Python',soup.body.findAll(text='Python'),1374,26,0,63,0
9706041,finding index of an item closest to the value in a list that's not entirely sorted,find the index of element closest to number 11.5 in list `a`,"min(enumerate(a), key=lambda x: abs(x[1] - 11.5))",1440,28,7,63,1
9755538,How do I create a LIST of unique random numbers?,How do I create a LIST of unique random numbers?,"random.sample(list(range(100)), 10)",1445,28,7,63,1
10040143,How to do a less than or equal to filter in Django queryset?,filter `Users` by field `userprofile` with level greater than or equal to `0`,User.objects.filter(userprofile__level__gte=0),1465,28,4,63,1
12692135,Create dictionary from lists of keys and multiple values,"convert list `[('Name', 'Joe'), ('Age', 22)]` into a dictionary","dict([('Name', 'Joe'), ('Age', 22)])",1665,33,1,63,0
12739911,How to split a string within a list to create key-value pairs in Python,create a dictionary containing each string in list `my_list` split by '=' as a key/value pairs,print(dict([s.split('=') for s in my_list])),1668,34,1,63,0
13860026,update dictionary with dynamic keys and values in python,update the dictionary `mydic` with dynamic keys `i` and values with key 'name' from dictionary `o`,mydic.update({i: o['name']}),1784,37,1,63,0
14043934,time offset,add 1 hour and 2 minutes to time object `t`,"dt = datetime.datetime.combine(datetime.date.today(), t)",1801,37,2,63,0
14104778,Set execute bit for a file using python,Change the mode of file 'my_script.sh' to permission number 484,"os.chmod('my_script.sh', 484)",1805,37,9,63,1
14745022,"Pandas DataFrame, how do i split a column into two",split column 'AB' in dataframe `df` into two columns by first whitespace ' ',"df['AB'].str.split(' ', 1, expand=True)",1856,38,3,63,0
16084642,Remove strings from a list that contains numbers in python,"From a list of strings `my_list`, remove the values that contains numbers.",[x for x in my_list if not any(c.isdigit() for c in x)],1962,41,7,63,1
17166601,Summing across rows of Pandas Dataframe,"sum the column `positions` along the  other columns `stock`, `same1`, `same2` in a pandas data frame `df`","df.groupby(['stock', 'same1', 'same2'], as_index=False)['positions'].sum()",2043,43,3,63,0
17731822,Elegant way to convert list to hex string,convert the sum of list `walls` into a hex presentation,"hex(sum(b << i for i, b in enumerate(reversed(walls))))",2079,44,7,63,1
17734779,how do I sort a python list of dictionaries given a list of ids with the desired order?,sort a python list of dictionaries `users` by a given list `order` of ids 'id' with the desired order,users.sort(key=lambda x: order.index(x['id'])),2080,44,1,63,0
17815945,Convert generator object to a dictionary,convert generator object to a dictionary,"dict((i, i * 2) for i in range(10))",2085,44,1,63,0
19738169,Convert column of date objects in Pandas DataFrame to strings,convert column of date objects 'DateObj' in pandas dataframe `df` to strings in new column 'DateStr',df['DateStr'] = df['DateObj'].dt.strftime('%d%m%Y'),2219,48,2,63,0
19948732,Changing marker's size in matplotlib,Matplotlib change marker size to 500,"scatter(x, y, s=500, color='green', marker='h')",2233,48,4,63,1
21361604,Specific sort a list of numbers separated by dots,sort a list `L` by number after second '.',"print(sorted(L, key=lambda x: int(x.split('.')[2])))",2307,50,7,63,1
22904654,How to save Xlsxwriter file in certain path?,save xlsxwriter file to 'C:/Users/Steven/Documents/demo.xlsx' path,workbook = xlsxwriter.Workbook('C:/Users/Steven/Documents/demo.xlsx'),2367,51,9,63,1
22963263,Creating a zero-filled pandas data frame,create a dataframe `d` filled with zeros with indices from 0 to length of `data` and column names from `feature_list`,"d = pd.DataFrame(0, index=np.arange(len(data)), columns=feature_list)",2370,52,3,63,0
23145240,Python: split elements of a list,split elements of a list `l` by '\t',[i.partition('\t')[-1] for i in l if '\t' in i],2371,52,7,63,1
32292554,Is there a cleaner way to iterate through all binary 4-tuples?,create a list containing a four elements long tuples of permutations of binary values,"itertools.product(list(range(2)), repeat=4)",2618,58,7,63,1
37004138,How to eliminate all strings from a list,get all the elements except strings from the list 'lst'.,"[element for element in lst if not isinstance(element, str)]",2719,61,7,63,1
39268928,Python: how to get rid of spaces in str(dict)?,convert dictionary `dict` into a string formatted object,"'{' + ','.join('{0!r}:{1!r}'.format(*x) for x in list(dct.items())) + '}'",2755,61,1,63,0
42462530,How to replace the white space in a string in a pandas dataframe?,replace white spaces in dataframe `df` with '_',"df.replace(' ', '_', regex=True)",2874,64,3,63,0
