question_id,intent,rewritten_intent,snippet,idx,time_batch,cluster,gradual_batch,gradual_new
36139,How do I sort a list of strings in Python?,sort a list of strings 'mylist'.,mylist.sort(),22,0,7,56,1
82831,check whether a file exists,"check whether a path ""/etc"" exists",print(os.path.exists('/etc')),49,0,9,56,1
311627,print date in a regular format,print current date and time in a regular format,time.strftime('%Y-%m-%d %H:%M'),139,0,2,56,0
364621,get item's position in a list,get the position of item 1 in `testlist`,"[i for (i, x) in enumerate(testlist) if (x == 1)]",161,0,7,56,1
610883,know if an object has an attribute,get the value of attribute 'property' of object `a` with default value 'default value',"getattr(a, 'property', 'default value')",243,0,4,56,1
764235,Dictionary to lowercase in Python,lowercase keys and values in dictionary `{'My Key': 'My Value'}`,"{k.lower(): v.lower() for k, v in list({'My Key': 'My Value'}.items())}",323,0,1,56,0
899103,Writing a list to a file with Python,serialize `itemlist` to file `outfile`,"pickle.dump(itemlist, outfile)",354,0,9,56,1
2231663,Slicing a list into a list of sub-lists,Slicing a list into a list of sub-lists,"[input[i:i + n] for i in range(0, len(input), n)]",577,6,7,56,1
2231663,Slicing a list into a list of sub-lists,"slice list `[1, 2, 3, 4, 5, 6, 7]` into lists of two elements each","list(grouper(2, [1, 2, 3, 4, 5, 6, 7]))",578,6,7,56,1
3294889,Iterating over dictionaries using for loops,Iterating key and items over dictionary `d`,"for (letter, number) in list(d.items()):
    pass",735,10,1,56,0
3718657,How to properly determine current script directory in Python?,get current script directory,os.path.dirname(os.path.abspath(__file__)),801,11,9,56,1
4170655,how to convert a datetime string back to datetime object?,convert a DateTime string back to a DateTime object of format '%Y-%m-%d %H:%M:%S.%f',"datetime.strptime('2010-11-13 10:33:54.227806', '%Y-%m-%d %H:%M:%S.%f')",889,14,2,56,0
6879364,Print file age in seconds using Python,Get the age of directory (or file) `/tmp` in seconds.,print(os.path.getmtime('/tmp')),1181,21,9,56,1
8081545,convert list of tuples to multiple lists in Python,"convert tuple elements in list `[(1,2),(3,4),(5,6),]` into lists","map(list, zip(*[(1, 2), (3, 4), (5, 6)]))",1277,24,7,56,1
8556076,Python - How to extract the last x elements from a list,get the last 10 elements from a list `my_list`,my_list[-10:],1338,25,7,56,1
8785554,How do I insert a list at the front of another list?,insert a list `k` at the front of list `a`,"a.insert(0, k)",1363,26,7,56,1
9402255,Drawing a huge graph with networkX and matplotlib,save current figure to file 'graph.png' with resolution of 1000 dpi,"plt.savefig('graph.png', dpi=1000)",1412,27,9,56,1
9573244,Most elegant way to check if the string is empty,check if string `some_string` is empty,"if (not some_string):
    pass",1429,27,0,56,0
10406130,Check if something is not in a list,"Check if tuple (2, 3) is not in a list [(2, 3), (5, 6), (9, 1)]","((2, 3) not in [(2, 3), (5, 6), (9, 1)])",1488,29,7,56,1
11530799,Python Finding Index of Maximum in List,find the index of the element with the maximum value from a list 'a'.,"max(enumerate(a), key=lambda x: x[1])[0]",1582,31,7,56,1
13237941,sorting list of nested dictionaries in python,sort list of nested dictionaries `yourdata` in reverse order of 'key' and 'subkey',"yourdata.sort(key=lambda e: e['key']['subkey'], reverse=True)",1717,35,1,56,0
13902805,List of all unique characters in a string?,create a list of all unique characters in string 'aaabcabccd',""""""""""""".join(list(OrderedDict.fromkeys('aaabcabccd').keys()))",1786,37,0,56,0
14859458,How to check if all values in the columns of a numpy matrix are the same?,check if all values in the columns of a numpy matrix `a` are same,"np.all(a == a[(0), :], axis=0)",1869,39,6,56,0
15248272,python list comprehension with multiple 'if's,list comprehension that produces integers between 11 and 19,[i for i in range(100) if i > 10 if i < 20],1903,40,5,56,0
16099694,How to remove empty string in a list?,get a list `cleaned` that contains all non-empty elements in list `your_list`,cleaned = [x for x in your_list if x],1964,41,7,56,1
17604837,"Python - Combine two dictionaries, concatenate string values?","combine two dictionaries `d ` and `d1`, concatenate string values with identical `keys`","dict((k, d.get(k, '') + d1.get(k, '')) for k in keys)",2070,44,1,56,0
18022241,'List of lists' to 'list' without losing empty lists from the original list of lists,convert a list of lists `list_of_lists` into a list of strings keeping empty sub-lists as empty string '',[''.join(l) for l in list_of_lists],2098,45,7,56,1
19328874,Python - read text file with weird utf-16 format,open a text file `data.txt` in io module with encoding `utf-16-le`,"file = io.open('data.txt', 'r', encoding='utf-16-le')",2190,47,9,56,1
21804935,How to use the mv command in Python with subprocess,How to use the mv command in Python with subprocess,"subprocess.call('mv /home/somedir/subdir/* somedir/', shell=True)",2325,50,9,56,1
25040875,Get a list of values from a list of dictionaries in python,get a list of values with key 'key' from a list of dictionaries `l`,[d['key'] for d in l if 'key' in d],2415,53,1,56,0
26809954,Splinter or Selenium: Can we get current html page after clicking a button?,get the html from the current web page of a Selenium driver,driver.execute_script('return document.documentElement.outerHTML;'),2450,54,4,56,1
29558007,How can I generate a list of consecutive numbers?,generate a list of consecutive integers from 0 to 8,list(range(9)),2524,56,5,56,0
31302904,How to index nested lists in Python?,get first element of each tuple in list `A`,[tup[0] for tup in A],2579,57,7,56,1
31818050,round number to nearest integer,round number 4.0005 up to 3 decimal places,"round(4.0005, 3)",2601,57,5,56,0
34587346,Python: Check if a string contains chinese character?,Find all Chinese characters in string `ipath`,"re.findall('[\u4e00-\u9fff]+', ipath)",2671,59,0,56,0
34696853,Convert list of strings to int,convert a list of strings `lst` to list of integers,"[map(int, sublist) for sublist in lst]",2672,59,7,56,1
36542169,Extract first and last row of a dataframe in pandas,extract first and last row of a dataframe `df`,"pd.concat([df.head(1), df.tail(1)])",2713,60,3,56,0
38081866,Is there a way to run powershell code in python,execute script 'script.ps1' using 'powershell.exe' shell,"os.system('powershell.exe', 'script.ps1')",2731,61,4,56,1
40319433,Numpy: find the euclidean distance between two 3-D arrays,find the euclidean distance between two 3-d arrays `A` and `B`,np.sqrt(((A - B) ** 2).sum(-1)),2796,62,6,56,0
