question_id,intent,rewritten_intent,snippet,idx,time_batch,cluster,gradual_batch,gradual_new
42950,Get Last Day of the Month,Get Last Day of the month `month` in year `year`,"calendar.monthrange(year, month)[1]",28,0,2,42,0
73663,Terminating a Python script,"Terminating a Python script with error message ""some error message""",sys.exit('some error message'),45,0,4,42,1
227459,"get the <a href=""http://en.wikipedia.org/wiki/ASCII"" rel=""nofollow noreferrer"">ASCII</a> value of a character as an int",get the ASCII value of a character as an int,ord(),97,0,5,42,0
510348,make a time delay,make a 60 seconds time delay,time.sleep(60),214,0,4,42,1
518021,Getting the length of an array,Getting the length of array `l`,len(l),223,0,6,42,0
546321,calculate the date six months from the current date,calculate the date six months from the current date,print((datetime.date.today() + datetime.timedelta(((6 * 365) / 12))).isoformat()),231,0,2,42,0
730764,do a try-except without handling the exception,call `doSomething()` in a try-except without handling the exception,"try:
    doSomething()
except:
    pass",298,0,4,42,1
952914,Making a flat list out of list of lists,make a flat list from list of lists `sublist`,[item for sublist in l for item in sublist],379,1,7,42,1
2338531,Python sorting - A list of objects,sort a list of objects `s` by a member variable 'resultType',s.sort(key=operator.attrgetter('resultType')),589,6,7,42,1
2972212,Creating an empty list,Creating an empty list,[],687,8,7,42,1
3471999,How do I merge two lists into a single list?,merge two lists `a` and `b` into a single list,"[j for i in zip(a, b) for j in i]",771,11,7,42,1
3817529,syntax for creating a dictionary into another dictionary in python,"create a dictionary `{'spam': 5, 'ham': 6}` into another dictionary `d` field 'dict3'","d['dict3'] = {'spam': 5, 'ham': 6}",819,12,1,42,0
3945856,Converting string to tuple and adding to tuple,"converting string '(1,2,3,4)' to a tuple","ast.literal_eval('(1,2,3,4)')",856,13,5,42,0
4918425,Subtract a value from every number in a list in Python?,subtract 13 from every number in a list `a`,a[:] = [(x - 13) for x in a],1016,17,7,42,1
5137497,Find current directory,Find the full path of current directory,full_path = os.path.realpath(__file__),1037,17,9,42,1
6146778,matplotlib Legend Markers Only Once,make matplotlib plot legend put marker in legend only once,legend(numpoints=1),1122,20,4,42,1
6416131,add new item to dictionary,"add key ""item3"" and value ""3"" to dictionary `default_data `",default_data['item3'] = 3,1146,20,1,42,0
8409095,matplotlib: Set markers for individual points on a line,"set circle markers on plot for individual points  defined in list   `[1,2,3,4,5,6,7,8,9,10]` created by range(10)","plt.plot(list(range(10)), linestyle='--', marker='o', color='b')",1328,25,7,42,1
8735312,How to change folder names in python?,"Rename a folder `Joe Blow` to `Blow, Joe`","os.rename('Joe Blow', 'Blow, Joe')",1357,26,9,42,1
9554544,"Python, running command line tools in parallel",run command 'command -flags arguments &' on command line tools as separate processes,"subprocess.call('command -flags arguments &', shell=True)",1424,27,9,42,1
10406130,Check if something is not in a list,"Check if 3 is not in the list [4,5,6]","(3 not in [4, 5, 6])",1486,29,7,42,1
11791568,What is the most pythonic way to exclude elements of a list that start with a specific character?,What is the most pythonic way to exclude elements of a list that start with a specific character?,[x for x in my_list if not x.startswith('#')],1604,32,7,42,1
12485244,Tuple conversion to a string,convert list of tuples `L` to a string,""""""", """""".join('(' + ', '.join(i) + ')' for i in L)",1651,33,7,42,1
13368659,loop through an IP address range,"loop through the IP address range ""192.168.x.x""","for i in range(256):
    for j in range(256):
        ip = ('192.168.%d.%d' % (i, j))
        print(ip)",1732,35,4,42,1
14162026,How to get the values from a NumPy array using multiple indices,"get the first row, second column; second row, first column, and first row third column values of numpy array `arr`","arr[[0, 1, 1], [1, 0, 2]]",1808,37,6,42,0
14182339,Matching multiple regex patterns with the alternation operator?,"get whatever is between parentheses as a single match, and any char outside as an individual match in string '(zyx)bc'","re.findall('\\(.+?\\)|\\w', '(zyx)bc')",1812,37,0,42,0
16196712,wait for shell command to complete,wait for shell command `p` evoked by  subprocess.Popen to complete,p.wait(),1976,41,9,42,1
17734779,how do I sort a python list of dictionaries given a list of ids with the desired order?,sort list `users` using values associated with key 'id' according to elements in list `order`,users.sort(key=lambda x: order.index(x['id'])),2081,44,7,42,1
17888152,Parse string to int when string contains a number + extra characters,parse string `s` to int when string contains a number,int(''.join(c for c in s if c.isdigit())),2089,44,0,42,0
19153328,How to dynamically assign values to class properties in Python?,assign value in `group` dynamically to class property `attr`,"setattr(self, attr, group)",2183,47,4,42,1
19819863,Converting hex to int in python,convert hex '\xff' to integer,ord('\xff'),2227,48,5,42,0
20375561,Joining pandas dataframes by column names,Join pandas data frame `frame_1` and `frame_2` with left join by `county_ID` and right join by `countyid`,"pd.merge(frame_1, frame_2, left_on='county_ID', right_on='countyid')",2257,49,3,42,0
21350605,python selenium click on button,python selenium click on button '.button.c_button.s_button',driver.find_element_by_css_selector('.button.c_button.s_button').click(),2304,50,4,42,1
22412258,Get the first element of each tuple in a list in Python,get the first element of each tuple in a list `rows`,[x[0] for x in rows],2354,51,7,42,1
24722212,Python cant find module in the same folder,add a path `/path/to/2014_07_13_test` to system path,sys.path.append('/path/to/2014_07_13_test'),2409,53,9,42,1
24748445,Beautiful Soup Using Regex to Find Tags?,Find all the tags `a` and `div` from Beautiful Soup object `soup`,"soup.find_all(['a', 'div'])",2410,53,4,42,1
31385363,how to export a table dataframe in pyspark to csv?,Write DataFrame `df` to csv file 'mycsv.csv',df.write.csv('mycsv.csv'),2581,57,3,42,0
31818050,round number to nearest integer,round number 3.0005 up to 3 decimal places,"round(3.0005, 3)",2607,58,5,42,0
40744328,How to order a list of lists by the first value,order a list of lists `l1` by the first value,l1.sort(key=lambda x: int(x[0])),2813,63,7,42,1
