question_id,intent,rewritten_intent,snippet,idx,time_batch,cluster,gradual_batch,gradual_new
1476,express binary literals,convert binary string '010101' to integer,"int('010101', 2)",3,0,5,50,0
82831,check whether a file exists,"check whether a path ""/does/not/exist"" exists",print(os.path.exists('/does/not/exist')),55,0,9,50,1
610883,know if an object has an attribute,check if object `a` has property 'property',"if hasattr(a, 'property'):
    pass",244,0,4,50,1
748028,How to get output of exe in python script?,get output from process `p1`,p1.communicate()[0],306,0,4,50,1
940822,"Regular expression syntax for ""match nothing""?",create a regular expression object with a pattern that will match nothing,re.compile('a^'),376,0,0,50,0
1388818,How can I compare two lists in python and return matches,How can I compare two lists in python and return matches,"[i for i, j in zip(a, b) if i == j]",449,2,7,50,1
1547733,How to sort this list in Python?,Sort a list of dictionary `l` based on key `time` in descending order,"l = sorted(l, key=lambda a: a['time'], reverse=True)",472,3,1,50,0
3227624,Cross-platform addressing of the config file,get file '~/foo.ini',config_file = os.path.expanduser('~/foo.ini'),720,9,9,50,1
3774571,Get data from the meta tags using BeautifulSoup,BeautifulSoup find all tags with attribute 'name' equal to 'description',soup.findAll(attrs={'name': 'description'}),811,12,4,50,1
4581646,How to count all elements in a nested dictionary?,count all elements in a nested dictionary `food_colors`,sum(len(v) for v in food_colors.values()),949,15,1,50,0
4695143,Regex. Match words that contain special characters or 'http://',replace each occurrence of the pattern '(http://\\S+|\\S*[^\\w\\s]\\S*)' within `a` with '',"re.sub('(http://\\S+|\\S*[^\\w\\s]\\S*)', '', a)",973,16,0,50,0
4741537,Append elements of a set to a list in Python,Append elements of a set to a list in Python,a.extend(list(b)),985,16,7,50,1
5577501,How to tell if string starts with a number?,check if string `string` starts with a number,string[0].isdigit(),1078,18,0,50,0
6086047,Get output of python script from within python script,get output of script `proc`,print(proc.communicate()[0]),1120,20,4,50,1
6133434,Find the sum of subsets of a list in python,find the sums of length 7 subsets of a list `daily`,"weekly = [sum(visitors[x:x + 7]) for x in range(0, len(daily), 7)]",1121,20,7,50,1
7371935,Sort a string in lexicographic order python,"get a sorted list of the characters of string `s` in lexicographic order, with lowercase letters first","sorted(s, key=str.lower)",1230,22,0,50,0
7658932,Finding index of the same elements in a list,Get all indexes of a letter `e` from a string `word`,"[index for index, letter in enumerate(word) if letter == 'e']",1249,23,0,50,0
7794208,How can I remove duplicate words in a string with Python?,Keep only unique words in list of words `words` and join into string,"print(' '.join(sorted(set(words), key=words.index)))",1261,23,0,50,0
8282553,Removing character in list of strings,delete all occureces of `8` in each string `s` in list `lst`,"print([s.replace('8', '') for s in lst])",1315,25,7,50,1
10194713,Sorting a defaultdict by value in python,reverse sort dictionary `d` based on its values,"sorted(list(d.items()), key=lambda k_v: k_v[1], reverse=True)",1471,29,1,50,0
10406130,Check if something is not in a list,"Check if 3 is not in a list [2, 3, 4]","(3 not in [2, 3, 4])",1485,29,7,50,1
10487278,Python - How to declare and add items to an array?,Insert item `12` to a list `my_list`,my_list.append(12),1494,29,7,50,1
10565598,Numpy: How to check if array contains certain numbers?,numpy:  check if array 'a' contains all the numbers in array 'b'.,numpy.array([(x in a) for x in b]),1504,29,6,50,0
11801309,loop over files,loop over files in directory '.',"for fn in os.listdir('.'):
    if os.path.isfile(fn):
        pass",1605,32,9,50,1
13331419,Prepend the same string to all items in a list,prepend string 'hello' to all items in list 'a',['hello{0}'.format(i) for i in a],1730,35,7,50,1
13728486,How to sum elements in functional way,get a list containing the sum of each element `i` in list `l` plus the previous elements,"[sum(l[:i]) for i, _ in enumerate(l)]",1772,36,7,50,1
14971373,Python: how to get the final output of multiple system commands?,capture final output of a chain of system commands `ps -ef | grep something | wc -l`,"subprocess.check_output('ps -ef | grep something | wc -l', shell=True)",1881,39,9,50,1
17424182,Extracting all rows from pandas Dataframe that have certain value in a specific column,extract all rows from dataframe `data` where the value of column 'Value' is True,data[data['Value'] == True],2055,43,3,50,0
18990069,how to get tuples from lists using list comprehension in python,get tuples of the corresponding elements from lists `lst` and `lst2`,"[(x, lst2[i]) for i, x in enumerate(lst)]",2174,47,7,50,1
29760130,What is the proper way to print a nested list with the highest value in Python,get the list with the highest sum value in list `x`,"print(max(x, key=sum))",2528,56,7,50,1
31258561,get current directory - Python,Get the current directory of a script,os.path.basename(os.path.dirname(os.path.realpath(__file__))),2577,57,9,50,1
32032836,Select everything but a list of columns from pandas dataframe,get all column name of dataframe `df` except for column 'T1_V6',df[df.columns - ['T1_V6']],2613,58,3,50,0
34358278,Django filter JSONField list of dicts,Filter a json from a key-value pair as `{'fixed_key_1': 'foo2'}` in Django,Test.objects.filter(actions__contains=[{'fixed_key_1': 'foo2'}]),2662,59,1,50,0
34962104,Pandas: How can I use the apply() function for a single column?,Pandas: How can I use the apply() function for a single column?,df['a'] = df['a'].apply(lambda x: x + 1),2679,59,3,50,0
35015693,How do I transform a multi-level list into a list of strings in Python?,join elements of each tuple in list `a` into one string,[''.join(x) for x in a],2682,60,7,50,1
37619348,Summing 2nd list items in a list of lists of lists,Get a list of lists with summing the values of the second element from each list of lists `data`,[[sum([x[1] for x in i])] for i in data],2726,61,7,50,1
40384599,Sorting a list of tuples by the addition of second and third element of the tuple,"sorting a list of tuples `lst` by the sum of the second elements onwards, and third element of the tuple","sorted(lst, key=lambda x: (sum(x[1:]), x[0]))",2800,63,7,50,1
41513324,Python Pandas: drop rows of a timeserie based on time range,drop rows of dataframe `df` whose index is smaller than the value of `start_remove` or bigger than the value of`end_remove`,df.query('index < @start_remove or index > @end_remove'),2839,64,3,50,0
41861705,Merging two pandas dataframes,"Create new DataFrame object by merging columns ""key"" of  dataframes `split_df` and `csv_df` and rename the columns from dataframes `split_df` and `csv_df` with suffix `_left` and `_right` respectively","pd.merge(split_df, csv_df, on=['key'], suffixes=('_left', '_right'))",2850,64,3,50,0
