question_id,intent,rewritten_intent,snippet,idx,time_batch,cluster,gradual_batch,gradual_new
42950,Get Last Day of the Month,Get Last Day of the first month in 2002,"calendar.monthrange(2002, 1)",30,0,2,45,0
247724,How can I launch an instance of an application using Python?,How can I launch an instance of an application using Python?,os.system('start excel.exe <path/to/file>'),108,0,4,45,1
627435,remove an element from a list by index,remove the element in list `a` at index `index`,a.pop(index),251,0,7,45,1
642154,convert strings into integers,"convert string ""1"" into integer",int('1'),258,0,5,45,0
755857,Default value for field in Django model,Django set default value of field `b` equal to '0000000',"b = models.CharField(max_length=7, default='0000000', editable=False)",310,0,4,45,1
843277,check if a variable exists,check if a local variable 'myVar' exists,"if ('myVar' in locals()):
    pass",339,0,4,45,1
1270951,Python - how to refer to relative paths of resources when working with code repository,get a relative path of file 'my_file' into variable `fn`,"fn = os.path.join(os.path.dirname(__file__), 'my_file')",438,2,9,45,1
1962795,How to get alpha value of a PNG image with PIL?,get alpha value `alpha` of a png image `img`,alpha = img.split()[-1],531,4,4,45,1
2354166,How do you modify sys.path in Google App Engine (Python)?,Insert directory 'apps' into directory `__file__`,"sys.path.insert(1, os.path.join(os.path.dirname(__file__), 'apps'))",591,6,9,45,1
2763750,How to replace only part of the match with python re.sub,insert `_suff` before the file extension in `long.file.name.jpg` or replace `_a` with `suff` if it precedes the extension.,"re.sub('(\\_a)?\\.([^\\.]*)$', '_suff.\\2', 'long.file.name.jpg')",654,8,9,45,1
3430372,How to get full path of current file's directory in Python?,get full path of current directory,os.path.dirname(os.path.abspath(__file__)),761,10,9,45,1
3506678,"In Django, how do I select 100 random records from the database?","in Django, select 100 random records from the database `Content.objects`",Content.objects.all().order_by('?')[:100],781,11,4,45,1
3523048,Add another tuple to a tuple,Add a tuple with value `another_choice` to a tuple `my_choices`,"final_choices = ((another_choice,) + my_choices)",787,11,7,45,1
3668964,How to check if a character is upper-case in Python?,check if all string elements in list `words` are upper-cased,print(all(word[0].isupper() for word in words)),797,11,0,45,0
3743222,How do I convert datetime to date (in Python)?,How do I convert datetime to date (in Python)?,datetime.datetime.now().date(),808,12,2,45,0
4112265,How to zip lists in a list,"zip lists in a list [[1, 2], [3, 4], [5, 6]]","zip(*[[1, 2], [3, 4], [5, 6]])",878,13,7,45,1
4365964,numpy: efficiently reading a large array,Construct an array with data type float32 `a` from data in binary file 'filename',"a = numpy.fromfile('filename', dtype=numpy.float32)",926,15,6,45,0
4810537,how to clear the screen in python,clear the terminal screen in Linux,os.system('clear'),993,16,4,45,1
8139797,How do I extract table data in pairs using BeautifulSoup?,extract table data from table `rows` using beautifulsoup,[[td.findNext(text=True) for td in tr.findAll('td')] for tr in rows],1284,24,4,45,1
8171751,How do I convert tuple of tuples to list in one line (pythonic)?,"convert tuple of tuples `(('aa',), ('bb',), ('cc',))` to list in one line","map(lambda a: a[0], (('aa',), ('bb',), ('cc',)))",1287,24,7,45,1
12604909,Pandas: how to change all the values of a column?,"pandas: change all the values of a column 'Date' into ""int(str(x)[-4:])""",df['Date'] = df['Date'].apply(lambda x: int(str(x)[-4:])),1661,33,3,45,0
13223737,how to read a file in other directory in python,open file '5_1.txt' in directory `direct`,"x_file = open(os.path.join(direct, '5_1.txt'), 'r')",1714,35,9,45,1
13295735,How can I replace all the NaN values with Zero's in a column of a pandas dataframe,replace all the nan values with 0 in a pandas dataframe `df`,df.fillna(0),1727,35,3,45,0
14182339,Matching multiple regex patterns with the alternation operator?,match multiple regex patterns with the alternation operator `|` in a string `(zyx)bc`,"re.findall('\\(.*?\\)|\\w', '(zyx)bc')",1813,37,0,45,0
16387069,Open images,Open image 'picture.jpg',"img = Image.open('picture.jpg')
img.show()",1986,42,9,45,1
16387069,Open images,"Open image ""picture.jpg""","img = Image.open('picture.jpg')
Img.show",1987,42,9,45,1
16734590,How to get every element in a list of list of lists?,convert nested list 'Cards' into a flat list,[a for c in Cards for b in c for a in b],1998,42,7,45,1
16772071,sort dict by value python,sort dict `data` by value,"sorted(data, key=data.get)",2005,42,1,45,0
19445682,How do I increase the timeout for imaplib requests?,handle the `urlfetch_errors ` exception for imaplib request to url `url`,"urlfetch.fetch(url, deadline=10 * 60)",2198,47,4,45,1
19601086,Click a href button with selenium and python?,click a href button with text 'Send InMail' with selenium,driver.find_element_by_link_text('Send InMail').click(),2208,47,4,45,1
20059427,Python: using a dict to speed sorting of a list of tuples,create a dictionary `list_dict` containing each tuple in list `tuple_list` as values and the tuple's first element as the corresponding key,list_dict = {t[0]: t for t in tuple_list},2240,48,1,45,0
20180210,Python how to combine two matrices in numpy,Create new matrix object  by concatenating data from matrix A and matrix B,"np.concatenate((A, B))",2249,48,6,45,0
20638006,Convert list of dictionaries to Dataframe,convert a list of dictionaries `d` to pandas data frame,pd.DataFrame(d),2273,49,3,45,0
23887592,Find next sibling element in Python Selenium?,Find next sibling element in Python Selenium?,"driver.find_element_by_xpath(""//p[@id, 'one']/following-sibling::p"")",2392,52,4,45,1
25279993,Parsing non-zero padded timestamps in Python,parse string '2015/01/01 12:12am' to DateTime object using format '%Y/%m/%d %I:%M%p',"datetime.strptime('2015/01/01 12:12am', '%Y/%m/%d %I:%M%p')",2419,53,2,45,0
26897536,Python Pandas drop columns based on max value of column,drop all columns in dataframe `df` that holds a maximum value bigger than 0,df.columns[df.max() > 0],2453,54,3,45,0
27589325,How to find and replace nth occurence of word in a sentence using python regular expression?,find and replace 2nd occurrence of word 'cat' by 'Bull' in a sentence 's',"re.sub('^((.*?cat.*?){1})cat', '\\1Bull', s)",2467,54,0,45,0
32874539,Using a variable in xpath in Python Selenium,find a tag `option` whose `value` attribute is `state` in selenium,"driver.find_element_by_xpath(""//option[@value='"" + state + ""']"").click()",2635,58,4,45,1
41127441,"Why can you loop through an implicit tuple in a for loop, but not a comprehension in Python?",get a list each value `i` in the implicit tuple `range(3)`,list(i for i in range(3)),2826,63,7,45,1
