question_id,intent,rewritten_intent,snippet,idx,time_batch,cluster,gradual_batch,gradual_new
89228,Calling an external command,"Calling an external command ""ls""","p = subprocess.Popen('ls', shell=True, stdout=subprocess.PIPE, stderr=subprocess.STDOUT)
for line in p.stdout.readlines():
    print(line, end=' ')
retval = p.wait()",59,0,9,28,1
237079,get file creation & modification date/times in,get modification time of file `filename`,t = os.path.getmtime(filename),103,0,9,28,1
237079,get file creation & modification date/times in,get the creation time of file `file`,print(('created: %s' % time.ctime(os.path.getctime(file)))),106,0,9,28,1
930397,Getting the last element of a list,get the last element in list `astr`,astr[(-1)],363,0,7,28,1
969285,How do I translate a ISO 8601 datetime string into a Python datetime object?,,"datetime.datetime.strptime('2007-03-04T21:08:12', '%Y-%m-%dT%H:%M:%S')",387,1,4,28,1
1093322,check what version of Python is running,check python version,sys.version_info,415,1,4,28,1
1810743,How to set the current working directory in Python?,set the current working directory to 'c:\\Users\\uname\\desktop\\python',os.chdir('c:\\Users\\uname\\desktop\\python'),509,4,4,28,1
2052390,Manually raising (throwing) an exception,"Manually throw an exception ""I know python!""",raise Exception('I know python!'),539,5,4,28,1
2052390,Manually raising (throwing) an exception,"throw a value error with message 'A very specific bad thing happened', 'foo', 'bar', 'baz'",raise ValueError('A very specific bad thing happened'),545,5,4,28,1
2428092,Creating a JSON response using Django and Python,create a json response `response_data`,"return HttpResponse(json.dumps(response_data), content_type='application/json')",605,6,4,28,1
2612802,copy a list,copy list `old_list` as `new_list`,new_list = copy.copy(old_list),634,7,7,28,1
3040904,Save JSON outputed from a URL to a file,save json output from a url ‘http://search.twitter.com/search.json?q=hi’ to file ‘hi.json’ in Python 2,"urllib.request.urlretrieve('http://search.twitter.com/search.json?q=hi', 'hi.json')",695,9,4,28,1
3283306,finding out absolute path to a file from python,get the absolute path of a running python script,os.path.abspath(__file__),733,10,9,28,1
3855093,"How to make a Python string out of non-ascii ""bytes""",convert list `myintegers` into a unicode string,""""""""""""".join(chr(i) for i in myintegers)",825,12,5,28,0
4768151,How to perform double sort inside an array?,sort list `bar` by each element's attribute `attrb1` and attribute `attrb2` in reverse order,"bar.sort(key=lambda x: (x.attrb1, x.attrb2), reverse=True)",986,16,7,28,1
7238226,Python datetime to microtime,Convert a datetime object `dt` to microtime,time.mktime(dt.timetuple()) + dt.microsecond / 1000000.0,1205,22,2,28,0
8993904,Python regex split case insensitive in 2.6,split string 'fooxyzbar' based on case-insensitive matching using string 'XYZ',"re.compile('XYZ', re.IGNORECASE).split('fooxyzbar')",1379,26,0,28,0
10258584,How to get text for a root element using lxml?,Get all texts and tags from a tag `strong` from etree tag `some_tag` using lxml,print(etree.tostring(some_tag.find('strong'))),1477,29,4,28,1
10472907,How to convert dictionary into string,convert dictionary `adict` into string,""""""""""""".join('{}{}'.format(key, val) for key, val in sorted(adict.items()))",1492,29,1,28,0
12572362,Get a string after a specific substring,"print a string after a specific substring ', ' in string `my_string `","print(my_string.split(', ', 1)[1])",1656,33,0,28,0
12814667,How to sort a list according to another list?,How to sort a list according to another list?,a.sort(key=lambda x_y: b.index(x_y[0])),1677,34,7,28,1
13237941,sorting list of nested dictionaries in python,reverse list `yourdata`,"sorted(yourdata, reverse=True)",1716,35,7,28,1
13598363,How to dynamically select template directory to be used in flask?,Flask set folder 'wherever' as the default template folder,"Flask(__name__, template_folder='wherever')",1760,36,9,28,1
14961562,How do I convert a string of hexadecimal values to a list of integers?,unpack hexadecimal string `s` to a list of integer values,"struct.unpack('11B', s)",1880,39,5,28,0
15474933,List comprehension with if statement,get items from list `a` that don't appear in list `b`,[y for y in a if y not in b],1930,40,7,28,1
16296643,Convert tuple to list,Convert tuple `t` to list,list(t),1980,42,7,28,1
17071871,Select rows from a DataFrame based on values in a column in pandas,select rows whose column value in column `column_name` does not equal `some_value` in pandas data frame,df.loc[df['column_name'] != some_value],2025,43,3,28,0
17618981,How to sort pandas data frame using values from several columns?,sort pandas data frame `df` using values from columns `c1` and `c2` in ascending order,"df.sort(['c1', 'c2'], ascending=[True, True])",2072,44,3,28,0
18695605,python pandas dataframe to dictionary,"convert pandas dataframe `df` with fields 'id', 'value' to dictionary",df.set_index('id')['value'].to_dict(),2154,46,3,28,0
19069701,Python requests library how to pass Authorization header with single token,request URI '<MY_URI>' and pass authorization token 'TOK:<MY_TOKEN>' to the header,"r = requests.get('<MY_URI>', headers={'Authorization': 'TOK:<MY_TOKEN>'})",2178,47,4,28,1
19121722,Build Dictionary in Python Loop - List and Dictionary Comprehensions,build dictionary with keys of dictionary `_container` as keys and values of returned value of function `_value` with correlating key as parameter,{_key: _value(_key) for _key in _container},2182,47,1,28,0
19410585,Add headers in a Flask app with unicode_literals,"add header 'WWWAuthenticate' in a flask app with value 'Basic realm=""test""'","response.headers['WWW-Authenticate'] = 'Basic realm=""test""'",2196,47,4,28,1
20683167,What's the fastest way to locate a list element within a list in python?,find the index of a list with the first element equal to '332' within the list of lists `thelist`,"[index for index, item in enumerate(thelist) if item[0] == '332']",2276,49,7,28,1
21691126,Find and click an item from 'onclick' partial value,"find element by css selector ""input[onclick*='1 Bedroom Deluxe']""","driver.find_element_by_css_selector(""input[onclick*='1 Bedroom Deluxe']"")",2315,50,4,28,1
27758657,How do I find the largest integer less than x?,find the largest integer less than `x`,int(math.ceil(x)) - 1,2471,54,5,28,0
37125495,How to get the N maximum values per row in a numpy ndarray?,get the maximum 2 values per row in array `A`,"A[:, -2:]",2723,61,6,28,0
37878946,Indexing one array by another in numpy,create a NumPy array containing elements of array `A` as pointed to by index in array `B`,"A[np.arange(A.shape[0])[:, (None)], B]",2729,61,6,28,0
38147447,How to remove square bracket from pandas dataframe,set data in column 'value' of dataframe `df` equal to first element of each list,df['value'] = df['value'].str[0],2734,61,3,28,0
41648246,Efficient computation of the least-squares algorithm in NumPy,solve for the least squares' solution of matrices `a` and `b`,"np.linalg.solve(np.dot(a.T, a), np.dot(a.T, b))",2843,64,6,28,0
