question_id,intent,rewritten_intent,snippet,idx,time_batch,cluster,gradual_batch,gradual_new
36139,How do I sort a list of strings in Python?,sort a list of strings `list`,list.sort(),21,0,7,58,1
73663,Terminating a Python script,terminate the program,quit(),46,0,4,58,1
455612,Limiting floats to two decimal points,limit float 13.949999999999999 to two decimal points,'{0:.2f}'.format(13.95),199,0,5,58,0
521502,How to get the concrete class name as a string?,How to get the concrete class name as a string?,instance.__class__.__name__,227,0,4,58,1
845058,get line count,get line count of file 'myfile.txt',sum((1 for line in open('myfile.txt'))),343,0,9,58,1
2225564,Get a filtered list of files in a directory,create a list `files` containing all files in directory '.' that starts with numbers between 0 and 9 and ends with the extension '.jpg',"files = [f for f in os.listdir('.') if re.match('[0-9]+.*\\.jpg', f)]",574,6,9,58,1
2424412,What is the easiest way to convert list with str into list with int?,"convert a list with string `['1', '2', '3']` into list with integers","map(int, ['1', '2', '3'])",603,6,7,58,1
3501382,Checking whether a variable is an integer,check if `x` is an integer,"isinstance(x, int)",778,11,5,58,0
4289331,Python: Extract numbers from a string,Python: Extract numbers from a string,"[int(s) for s in re.findall('\\b\\d+\\b', ""he33llo 42 I'm a 32 string 30"")]",910,14,5,58,0
4530069,"Python: How to get a value of datetime.today() that is ""timezone aware""?",get a value of datetime.today() in the UTC time zone,datetime.now(pytz.utc),945,15,2,58,0
5106228,getting every possible combination in a list,getting every possible combination of two elements in a list,"list(itertools.combinations([1, 2, 3, 4, 5, 6], 2))",1032,17,7,58,1
5971312,How to set environment variables in Python,set environment variable 'DEBUSSY' to '1',os.environ['DEBUSSY'] = '1',1115,19,4,58,1
7732125,Clear text from textarea with selenium,"if Selenium textarea element `foo` is not empty, clear the field",driver.find_element_by_id('foo').clear(),1254,23,4,58,1
8177079,take the content of a list and append it to another list,append items in list `mylog` to `list1`,"for line in mylog:
    list1.append(line)",1292,24,7,58,1
9554544,"Python, running command line tools in parallel",subprocess run command 'start command -flags arguments' through the shell,"subprocess.call('start command -flags arguments', shell=True)",1423,27,9,58,1
9746522,How can I use sum() function for a list in Python?,convert int values in list `numlist` to float,numlist = [float(x) for x in numlist],1443,28,5,58,0
10996140,How to remove specific elements in a numpy array,remove specific elements in a numpy array `a`,"numpy.delete(a, index)",1539,30,6,58,0
13022385,How to properly quit a program in python,properly quit a program,sys.exit(0),1691,34,4,58,1
13368659,loop through an IP address range,"loop through the IP address range ""192.168.x.x""","for (i, j) in product(list(range(256)), list(range(256))):
    pass",1734,35,4,58,1
14159753,how to change the size of the sci notation above the y axis in matplotlib?,change the size of the sci notation to '30' above the y axis in matplotlib `plt`,"plt.rc('font', **{'size': '30'})",1807,37,4,58,1
14950260,Convert unicode string dictionary into dictionary in python,"convert unicode string u""{'code1':1,'code2':1}"" into dictionary","d = ast.literal_eval(""{'code1':1,'code2':1}"")",1877,39,1,58,0
15096021,Python list of tuples to list of int,get a list `y` of the first element of every tuple in list `x`,y = [i[0] for i in x],1892,39,7,58,1
16677816,Printing lists onto tables in python,print list `t` into a table-like shape,"print('\n'.join('  '.join(map(str, row)) for row in t))",1997,42,7,58,1
18524112,Norm along row in pandas,normalize the dataframe `df` along the rows,np.sqrt(np.square(df).sum(axis=1)),2138,46,3,58,0
19555472,Change a string of integers separated by spaces to a list of int,change a string of integers `x` separated by spaces to a list of int,"x = map(int, x.split())",2203,47,5,58,0
20048987,How to print floating point numbers as it is without any truncation in python?,print a floating point number 2.345e-67 without any truncation,print('{:.100f}'.format(2.345e-67)),2238,48,5,58,0
20986631,How can I scroll a web page using selenium webdriver in python?,scroll a to the bottom of a web page using selenium webdriver,"driver.execute_script('window.scrollTo(0, document.body.scrollHeight);')",2292,50,4,58,1
21360028,NumPy List Comprehension Syntax,Get a list comprehension in list of lists `X`,[[X[i][j] for j in range(len(X[i]))] for i in range(len(X))],2306,50,7,58,1
21805490,Python Regex - checking for a capital letter with a lowercase after,python regex - check for a capital letter with a following lowercase in string `string`,"re.sub('^[A-Z0-9]*(?![a-z])', '', string)",2326,50,0,58,0
22741068,How do I remove identical items from a list and sort it in Python?,remove identical items from list `my_list` and sort it alphabetically,sorted(set(my_list)),2362,51,7,58,1
23531030,MultiValueDictKeyError in Django,"Get value for  ""username"" parameter in GET request  in Django","request.GET.get('username', '')",2380,52,4,58,1
24642040,Using Python Requests to send file and JSON in single request,send multipart encoded file `files` to url `url` with headers `headers` and metadata `data`,"r = requests.post(url, files=files, headers=headers, data=data)",2407,53,9,58,1
26266362,How to count the Nan values in the column in Panda Data frame,Get the number of NaN values in each column of dataframe `df`,df.isnull().sum(),2440,53,3,58,0
29100599,How to iterate over time periods in pandas,resample series `s` into 3 months bins and sum each bin,"s.resample('3M', how='sum')",2508,55,6,58,0
32926587,How to capture the entire string while using 'lookaround' with chars in regex?,find all substrings in string `mystring` composed only of letters `a` and `b` where each `a` is directly preceded and succeeded by `b`,"re.findall('\\b(?:b+a)+b+\\b', mystring)",2636,58,0,58,0
33058590,Pandas Dataframe: Replacing NaN with row average,replacing nan in the dataframe `df` with row average,"df.fillna(df.mean(axis=1), axis=1)",2640,58,3,58,0
35707224,Functional statement in Python to return the sum of certain lists in a list of lists,sum the length of lists in list `x` that are more than 1 item in length,sum(len(y) for y in x if len(y) > 1),2698,60,7,58,1
39602824,pandas: replace string with another string,Replace each value in column 'prod_type' of dataframe `df` with string 'responsive',df['prod_type'] = 'responsive',2768,62,3,58,0
42180455,How to get only div with id ending with a certain value in Beautiful Soup?,BeautifulSoup select 'div' elements with an id attribute value ending with sub-string '_answer' in HTML parsed string `soup`,soup.select('div[id$=_answer]'),2863,64,4,58,1
