question_id,intent,rewritten_intent,snippet,idx,time_batch,cluster,gradual_batch,gradual_new
38987,How to merge two Python dictionaries in a single expression?,merge dictionaries form array `dicts` in a single expression,"dict((k, v) for d in dicts for k, v in list(d.items()))",25,0,1,36,0
104420,How to generate all permutations of a list in Python,"generate all permutations of list `[1, 2, 3]` and list `[4, 5, 6]`","print(list(itertools.product([1, 2, 3], [4, 5, 6])))",65,0,7,36,1
273192,check if a directory exists and create it if necessary,check if a directory `path` exists and create it if necessary,"try:
    os.makedirs(path)
except OSError as exception:
    if (exception.errno != errno.EEXIST):
        raise",119,0,9,36,1
466345,Converting string into datetime,"parse string ""Jun 1 2005  1:33PM"" into datetime by format ""%b %d %Y %I:%M%p""","datetime.strptime('Jun 1 2005  1:33PM', '%b %d %Y %I:%M%p')",208,0,2,36,0
533398,"In python 2.4, how can I execute external commands with csh instead of bash?",execute command 'echo $0' in Z shell,"os.system(""zsh -c 'echo $0'"")",228,0,9,36,1
577234,"Python ""extend"" for a dictionary",extend dictionary `a` with key/value pairs of dictionary `b`,a.update(b),236,0,1,36,0
627435,remove an element from a list by index,remove the element in list `a` at index `index`,del a[index],252,0,7,36,1
663171,substring a string,select a substring of `s` beginning at `beginning` of length `LENGTH`,s = s[beginning:(beginning + LENGTH)],268,0,0,36,0
1093322,check what version of Python is running,check python version,sys.version,414,1,4,36,1
1094717,Convert a string to integer with decimal in Python,Convert a string to integer with decimal in Python,int(s.split('.')[0]),417,1,5,36,0
2813829,How do I coalesce a sequence of identical characters into just one?,coalesce non-word-characters in string `a`,"print(re.sub('(\\W)\\1+', '\\1', a))",671,8,8,36,0
2953746,Python parse comma-separated number into int,"parse a comma-separated string number '1,000,000' into int","int('1,000,000'.replace(',', ''))",685,8,5,36,0
3241594,Printing numbers in python,printing numbers rounding up to third decimal place,print('%.3f' % 3.1415),721,9,5,36,0
3252590,Python: Finding a (string) key in a dictionary that contains a substring,Find all the items from a dictionary `D` if the key contains the string `Light`,"[(k, v) for k, v in D.items() if 'Light' in k]",722,9,1,36,0
5404068,How to read keyboard-input?,read keyboard-input,input('Enter your input:'),1066,18,4,36,1
5900683,Using variables in Python regular expression,regular expression for validating string 'user' containing a sequence of characters ending with '-' followed by any number of digits.,re.compile('{}-\\d*'.format(user)),1108,19,0,36,0
6586310,Python: Convert list of key-value tuples into dictionary?,"convert list of key-value tuples `[('A', 1), ('B', 2), ('C', 3)]` into dictionary","dict([('A', 1), ('B', 2), ('C', 3)])",1160,21,1,36,0
6886493,Get all object attributes,Get all object attributes of an object,dir(),1183,21,4,36,1
7271482,python getting a list of value from list of dict,python getting a list of value from list of dict,[d['value'] for d in l if 'value' in d],1215,22,1,36,0
8440117,How do I print a Celsius symbol with matplotlib?,Print a celsius symbol with matplotlib,ax.set_xlabel('Temperature ($^\\circ$C)'),1331,25,4,36,1
8687568,How to write a tuple of tuples to a CSV file using Python,Write all tuple of tuples `A` at once into csv file,writer.writerows(A),1350,25,7,36,1
11533274,How can I combine dictionaries with the same keys in python?,Merge a nested dictionary `dicts` into a flat dictionary by concatenating nested values with the same key `k`,{k: [d[k] for d in dicts] for k in dicts[0]},1583,31,1,36,0
14637696,Length of longest word in a list,length of longest element in list `words`,"len(max(words, key=len))",1844,38,7,36,1
15352457,How can I sum a column of a list?,sum elements at index `column` of each list in list `data`,print(sum(row[column] for row in data)),1916,40,7,36,1
15445981,How do I disable the security certificate check in Python requests,disable the certificate check in https requests for url `https://kennethreitz.com`,"requests.get('https://kennethreitz.com', verify=False)",1924,40,4,36,1
15650538,Sub matrix of a list of lists (without numpy),"Create sub matrix of a list of lists `[[2, 3, 4], [2, 3, 4], [2, 3, 4]]` (without numpy)","[[2, 3, 4], [2, 3, 4], [2, 3, 4]]",1937,40,6,36,0
16114333,getting the opposite diagonal of a numpy array,get the opposite diagonal of a numpy array `array`,np.diag(np.rot90(array)),1966,41,6,36,0
16296643,Convert tuple to list,Convert list `t` to tuple,tuple(l),1982,42,7,36,1
17057544,Python - Extract folder path from file path,Get absolute folder path and filename for file `existGDBPath `,os.path.split(os.path.abspath(existGDBPath)),2021,43,9,36,1
18265935,Python - Create list with numbers between 2 values?,create a list of integers between 2 values `11` and `17`,"list(range(11, 17))",2117,45,5,36,0
20067636,Pandas dataframe get first row of each group,pandas dataframe get first row of each group by 'id',df.groupby('id').first(),2242,48,3,36,0
21800169,Python Pandas: Get index of rows which column matches certain value,get index of rows in column 'BoolCol',df.loc[df['BoolCol']],2323,50,6,36,0
22625616,listing files from a directory using glob python,list all files in a current directory,glob.glob('*'),2356,51,9,36,1
22712292,How to use `numpy.savez` in a loop for save more than one array?,"Save array at index 0, index 1 and index 8 of array `np` to tmp file `tmp`","np.savez(tmp, *[getarray[0], getarray[1], getarray[8]])",2360,51,6,36,0
27975069,How to filter rows containing a string pattern from a Pandas dataframe,filter rows containing key word `ball` in column `ids`,df[df['ids'].str.contains('ball')],2481,54,0,36,0
28207743,Convert string to numpy array,convert a string 'mystr' to numpy array of integer values,"print(np.array(list(mystr), dtype=int))",2486,55,6,36,0
31828240,First non-null value per row from a list of Pandas columns,get first non-null value per each row from dataframe `df`,df.stack().groupby(level=0).first(),2608,58,3,36,0
35097130,Django order by highest number of likes,sort objects in `Articles` in descending order of counts of `likes`,Article.objects.annotate(like_count=Count('likes')).order_by('-like_count'),2686,60,7,36,1
40512124,convert dictionaries into string python,"concatenate key/value pairs in dictionary `a` with string ', ' into a single string",""""""", """""".join([(str(k) + ' ' + str(v)) for k, v in list(a.items())])",2803,63,1,36,0
