question_id,intent,rewritten_intent,snippet,idx,time_batch,cluster,gradual_batch,gradual_new
1476,express binary literals,convert 21 to binary string,bin(21),1,0,5,55,0
22676,download a file over HTTP,download a file `url` over HTTP,r = requests.get(url),20,0,9,55,1
73663,Terminating a Python script,terminate the program,sys.exit(),44,0,4,55,1
432842,get the logical xor of two variables,get logical xor of `a` and `b`,"xor(bool(a), bool(b))",191,0,0,55,0
716477,join list of lists in python,Convert nested list `x` into a flat list,[j for i in x for j in i],295,0,7,55,1
1547733,How to sort this list in Python?,reverse sort list of dicts `l` by value for key `time`,"l = sorted(l, key=itemgetter('time'), reverse=True)",471,3,1,55,0
1712227,get the size of a list,function to get the size of object,len(),490,3,4,55,1
2759067,Rename Files,Rename file from `src` to `dst`,"os.rename(src, dst)",651,7,9,55,1
2798627,How can I detect DOS line breaks in a file?,read file 'myfile.txt' using universal newline mode 'U',"print(open('myfile.txt', 'U').read())",666,8,9,55,1
2805231,"How can I do DNS lookups in Python, including referring to /etc/hosts?",fetch address information for host 'google.com' ion port 80,"print(socket.getaddrinfo('google.com', 80))",668,8,4,55,1
2823472,Is there a method that tells my program to quit?,quit program,sys.exit(0),672,8,4,55,1
3471999,How do I merge two lists into a single list?,interleave the elements of two lists `a` and `b`,"[j for i in zip(a, b) for j in i]",770,11,7,55,1
3933478,accessing python dictionary,get the value associated with unicode key 'from_user' of first dictionary in list `result`,result[0]['from_user'],843,12,1,55,0
4810537,how to clear the screen in python,clear terminal screen on windows,os.system('cls'),992,16,4,55,1
4921038,Deleting row with Flask-SQLAlchemy,flask-sqlalchemy delete row `page`,db.session.delete(page),1017,17,4,55,1
5826427,Can a python script execute a function inside a bash script?,call a function `otherfunc` inside a bash script `test.sh` using subprocess,subprocess.call('test.sh otherfunc'),1093,19,9,55,1
7142227,How do I sort a zipped list in Python?,sort a zipped list `zipped` using lambda function,"sorted(zipped, key=lambda x: x[1])",1201,22,7,55,1
7574841,open a terminal from python,open a 'gnome' terminal from python script and run  'sudo apt-get update' command.,"os.system('gnome-terminal -e \'bash -c ""sudo apt-get update; exec bash""\'')",1244,23,4,55,1
8214932,How to check if a value exists in a dictionary (python),check if string `one` exists in the values of dictionary `d`,'one' in list(d.values()),1298,24,1,55,0
8383213,Python Regex for hyphenated words,python regex for hyphenated words in `text`,"re.findall('\\w+(?:-\\w+)+', text)",1325,25,0,55,0
9323159,finding n largest differences between two lists,find 10 largest differences between each respective elements of list `l1` and list `l2`,"heapq.nlargest(10, range(len(l1)), key=lambda i: abs(l1[i] - l2[i]))",1405,27,7,55,1
13156395,Python load json file with UTF-8 BOM header,Open file 'sample.json' in read mode with encoding of 'utf-8-sig',"json.load(codecs.open('sample.json', 'r', 'utf-8-sig'))",1707,35,9,55,1
13411544,Delete column from pandas DataFrame,delete a column `column_name` without having to reassign from pandas data frame `df`,"df.drop('column_name', axis=1, inplace=True)",1740,35,3,55,0
14850853,How to include third party Python libraries in Google App Engine?,insert directory 'libs' at the 0th index of current directory,"sys.path.insert(0, 'libs')",1866,39,9,55,1
15411107,Delete a dictionary item if the key exists,Delete an item with key `key` from `mydict`,del mydict[key],1921,40,1,55,0
16658068,How to use Unicode characters in a python string,print a character that has unicode value `\u25b2`,print('\u25b2'.encode('utf-8')),1996,42,5,55,0
17757450,"How to print a list with integers without the brackets, commas and no quotes?",convert list `data` into a string of its elements,"print(''.join(map(str, data)))",2082,44,7,55,1
17856928,How to terminate process from Python using pid?,terminate process `p`,p.terminate(),2088,44,4,55,1
18312447,How can I split a string into tokens?,split string 'x+13.5*10x-4e1' into tokens,"print([i for i in re.split('([\\d.]+|\\W+)', 'x+13.5*10x-4e1') if i])",2120,45,5,55,0
18358938,Get index values of Pandas DataFrame as list?,get index values of pandas dataframe `df` as list,df.index.values.tolist(),2123,45,3,55,0
19643099,Sorting a list of tuples with multiple conditions,sort list `list_` based on first element of each tuple and by the length of the second element of each tuple,"list_.sort(key=lambda x: [x[0], len(x[1]), x[1]])",2215,48,7,55,1
19672101,Storing a collection of integers in a list,"store integer 3, 4, 1 and 2 in a list","[3, 4, 1, 2]",2217,48,7,55,1
28538536,Deleting mulitple columns in Pandas,"Delete mulitple columns `columnheading1`, `columnheading2` in pandas data frame `yourdf`","yourdf.drop(['columnheading1', 'columnheading2'], axis=1, inplace=True)",2491,55,3,55,0
30062429,Python How to get every first element in 2 Dimensional List,python how to get every first element in 2 dimensional list `a`,[i[0] for i in a],2543,56,7,55,1
31818050,round number to nearest integer,round number 7.005 up to 2 decimal places,"round(7.005, 2)",2603,58,5,55,0
35017035,Compare elements of a list of lists and return a list,convert a list of lists `a` into list of tuples of appropriate elements form nested lists,zip(*a),2683,60,7,55,1
36454494,Calcuate mean for selected rows for selected columns in pandas data frame,"get mean of columns `2, 5, 6, 7, 8` for all rows in dataframe `df`","df.iloc[:, ([2, 5, 6, 7, 8])].mean(axis=1)",2711,60,3,55,0
40384599,Sorting a list of tuples by the addition of second and third element of the tuple,sort a list of tuples `a` by the sum of second and third element of each tuple,"sorted(a, key=lambda x: (sum(x[1:3]), x[0]), reverse=True)",2798,63,7,55,1
41386443,Create Pandas DataFrame from txt file with specific pattern,create pandas data frame `df` from txt file `filename.txt` with column `Region Name` and separator `;`,"df = pd.read_csv('filename.txt', sep=';', names=['Region Name'])",2835,63,3,55,0
