question_id,intent,rewritten_intent,snippet,idx,time_batch,cluster,gradual_batch,gradual_new
123198,copy a file,copy file '/dir/file.ext' to '/new/dir',"shutil.copy2('/dir/file.ext', '/new/dir')",74,0,9,31,1
247770,Retrieving python module path,get the path of the python module `amodule`,path = os.path.abspath(amodule.__file__),111,0,4,31,1
354038,check if a string is a number (float),check if string `a` is an integer,a.isdigit(),151,0,0,31,0
546321,How do I calculate the date six months from the current date,get the date 6 months from today,six_months = (date.today() + relativedelta(months=(+ 6))),230,0,2,31,0
962619,How to pull a random record using Django's ORM?,get a random record from model 'MyModel' using django's orm,MyModel.objects.order_by('?').first(),386,1,4,31,1
1450393,read from stdin,read line by line from stdin,"for line in sys.stdin:
    pass",460,3,9,31,1
1602934,Check if a given key already exists in a dictionary,Check if key 'a' in `d`,('a' in d),482,3,0,31,0
2261011,How can I resize the root window in Tkinter?,How can I resize the root window in Tkinter?,root.geometry('500x500'),581,6,4,31,1
2397687,What's the easiest way to convert a list of hex byte strings to a list of hex integers?,"convert a list of hex byte strings `['BB', 'A7', 'F6', '9E']` to a list of hex integers","[int(x, 16) for x in ['BB', 'A7', 'F6', '9E']]",596,6,5,31,0
2582580,Python Mechanize select a form with no name,select a first form with no name in mechanize,br.select_form(nr=0),617,7,4,31,1
2600191,count the occurrences of a list item,count the occurrences of items in list `l`,"dict(((x, l.count(x)) for x in set(l)))",629,7,7,31,1
3220755,how to find the target file's full(absolute path) of the symbolic link or soft link in python,get canonical path of the filename `path`,os.path.realpath(path),719,9,9,31,1
3940128,reverse a list,reverse a list `array`,reversed(array),853,13,7,31,1
4484690,How to filter a dictionary in Python?,update all values associated with key `i` to string 'updated' if value `j` is not equal to 'None' in dictionary `d`,"{i: 'updated' for i, j in list(d.items()) if j != 'None'}",940,15,1,31,0
4914277,How to empty a file using Python,erase all the contents of a file `filename`,"open(filename, 'w').close()",1014,17,9,31,1
5927180,removing data from a numpy.array,Extract values not equal to 0 from numpy array `a`,a[a != 0],1110,19,6,31,0
6429638,How to split a string into integers in Python?,split a string `s` into integers,l = (int(x) for x in s.split()),1148,20,5,31,0
6618515,Sorting list based on values from another list?,sort list `X` based on values from another list `Y`,"[x for y, x in sorted(zip(Y, X))]",1164,21,7,31,1
6633523,How can I convert a string with dot and comma into a float number in Python,"convert a string `123,456.908` with dot and comma into a floating number","float('123,456.908'.replace(',', ''))",1166,21,5,31,0
7138686,How to write a list to a file with newlines in Python3,write the elements of list `lines` concatenated by special character '\n' to file `myfile`,myfile.write('\n'.join(lines)),1198,22,9,31,1
7263824,Get HTML Source of WebElement in Selenium WebDriver using Python,get html source of Selenium WebElement `element`,element.get_attribute('innerHTML'),1211,22,4,31,1
10632111,How to flatten a hetrogenous list of list into a single list in python?,Convert list of lists `data` into a flat list,"[y for x in data for y in (x if isinstance(x, list) else [x])]",1512,30,7,31,1
10839719,"How to set ""step"" on axis X in my figure in matplotlib python 2.6.6?","set labels `[1, 2, 3, 4, 5]` on axis X in plot `plt`","plt.xticks([1, 2, 3, 4, 5])",1527,30,4,31,1
12426043,Can I read and write file in one line with Python?,write the content of file `xxx.mp4` to file `f`,"f.write(open('xxx.mp4', 'rb').read())",1648,33,9,31,1
13279399,How to obtain values of request variables using Python and Flask,Flask get posted form data 'firstname',first_name = request.form.get('firstname'),1724,35,4,31,1
13411544,Delete column from pandas DataFrame,"delete 1st, 2nd and 4th columns from dataframe `df`","df.drop(df.columns[[0, 1, 3]], axis=1)",1742,35,3,31,0
13655392,Python- insert a character into a string,concatenate items from list `parts` into a string starting from the second element,""""""""""""".join(parts[1:])",1766,36,7,31,1
14043080,"Using Python's datetime module, can I get the year that UTC-11 is currently in?","using python's datetime module, get the year that utc-11 is currently in",(datetime.datetime.utcnow() - datetime.timedelta(hours=11)).year,1799,37,2,31,0
15080500,How can I send a signal from a python program?,send a signal `signal.SIGUSR1` to the current process,"os.kill(os.getpid(), signal.SIGUSR1)",1889,39,4,31,1
15334783,Multiplying values from two different dictionaries together in Python,multiply values of dictionary `dict` with their respective values in dictionary `dict2`,"dict((k, v * dict2[k]) for k, v in list(dict1.items()) if k in dict2)",1915,40,1,31,0
15465204,Easier way to add multiple list items?,"Sum of sums of each list, in a list of lists named 'lists'.",sum(sum(x) for x in lists),1929,40,7,31,1
16412563,Python: sorting dictionary of dictionaries,sort dictionary of dictionaries `dic` according to the key 'Fisher',"sorted(list(dic.items()), key=lambda x: x[1]['Fisher'], reverse=True)",1989,42,1,31,0
18432823,how to create similarity matrix in numpy python?,Convert array `x` into a correlation matrix,np.corrcoef(x),2128,45,6,31,0
20461165,How to convert pandas index in a dataframe to a column?,Add indexes in a data frame `df` to a column `index1`,df['index1'] = df.index,2262,49,3,31,0
20576618,Pandas datetime column to ordinal,Convert  DateTime column 'date' of pandas dataframe 'df' to ordinal,df['date'].apply(lambda x: x.toordinal()),2271,49,3,31,0
22904654,How to save Xlsxwriter file in certain path?,save xlsxwriter file in 'app/smth1/smth2/Expenses01.xlsx' path and assign to variable `workbook`,workbook = xlsxwriter.Workbook('app/smth1/smth2/Expenses01.xlsx'),2368,52,9,31,1
23306653,Python Accessing Nested JSON Data,get value of key `post code` associated with first index of key `places` of dictionary `data`,print(data['places'][0]['post code']),2374,52,1,31,0
27659153,How to group similar items in a list?,How to group similar items in a list?,"[list(g) for _, g in itertools.groupby(test, lambda x: x.partition('_')[0])]",2469,54,7,31,1
32283692,Adding a 1-D Array to a 3-D array in Numpy,"adding a 1-d array `[1, 2, 3, 4, 5, 6, 7, 8, 9]` to a 3-d array `np.zeros((6, 9, 20))`","np.zeros((6, 9, 20)) + np.array([1, 2, 3, 4, 5, 6, 7, 8, 9])[(None), :, (None)]",2616,58,6,31,0
