question_id,intent,rewritten_intent,snippet,idx,time_batch,cluster,gradual_batch,gradual_new
319426,case insensitive string comparison,case insensitive comparison of strings `string1` and `string2`,"if (string1.lower() == string2.lower()):
    print('The strings are the same (case insensitive)')
else:
    print('The strings are not the same (case insensitive)')",146,0,0,10,0
364519,iterate over a dictionary in sorted order,iterate over a dictionary `d` in sorted order,it = iter(sorted(d.items())),159,0,1,10,0
652291,sorting a list of dictionary values by date in python,sort a list of dictionary values by 'date' in reverse order,"list.sort(key=lambda item: item['date'], reverse=True)",262,0,1,10,0
674509,"How do I iterate over a Python dictionary, ordered by values?",sort dictionary `dictionary` in ascending order by its values,"sorted(list(dictionary.items()), key=operator.itemgetter(1))",272,0,1,10,0
818949,How to convert strings numbers to integers in a list?,create list `changed_list ` containing elements of list `original_list` whilst converting strings containing digits to integers,changed_list = [(int(f) if f.isdigit() else f) for f in original_list],335,0,5,10,0
1082413,Sort a list of strings based on regular expression match or something similar,sort a list of strings `strings` based on regex match,"strings.sort(key=lambda str: re.sub('.*%', '', str))",412,1,0,10,0
2674391,Python - Locating the position of a regex match in a string?,Get the position of a regex match `is` in a string `String`,"re.search('is', String).start()",645,7,0,10,0
4315506,load csv into 2D matrix with numpy for plotting,convert csv file 'test.csv' into two-dimensional matrix,"numpy.loadtxt(open('test.csv', 'rb'), delimiter=',', skiprows=1)",918,14,6,10,0
4411811,Python: define multiple variables of same type?,create list `levels` containing 3 empty dictionaries,"levels = [{}, {}, {}]",929,15,1,10,0
5048841,How to alphabetically sort array of dictionaries on single key?,Sort list `my_list` in alphabetical order based on the values associated with key 'name' of each dictionary in the list,my_list.sort(key=operator.itemgetter('name')),1029,17,1,10,0
5245058,Python: Filter lines from a text file which contain a particular word,filter lines from a text file 'textfile' which contain a word 'apple',[line for line in open('textfile') if 'apple' in line],1049,18,0,10,0
7635237,"numpy: syntax/idiom to cast (n,) array to a (n, 1) array?",add a new axis to array `a`,"a[:, (np.newaxis)]",1247,23,6,10,0
8153631,Js Date object to python datetime,"convert js date object 'Tue, 22 Nov 2011 06:00:00 GMT' to python datetime","datetime.strptime('Tue, 22 Nov 2011 06:00:00 GMT', '%a, %d %b %Y %H:%M:%S %Z')",1285,24,2,10,0
9210525,convert hex to decimal,convert hex string `s` to decimal,"i = int(s, 16)",1394,27,5,10,0
9560207,How to count values in a certain range in a Numpy array?,get count of values in numpy array `a` that are between values `25` and `100`,((25 < a) & (a < 100)).sum(),1425,27,6,10,0
9618050,Python regular expression with codons,match regex pattern 'TAA(?:[ATGC]{3})+?TAA' on string `seq`,"re.findall('TAA(?:[ATGC]{3})+?TAA', seq)",1433,28,0,10,0
9637838,Convert string date to timestamp in Python,convert string '01/12/2011' to an integer timestamp,"int(datetime.datetime.strptime('01/12/2011', '%d/%m/%Y').strftime('%s'))",1436,28,2,10,0
10915391,Sorting a list of dicts by dict values,sort a list of dictionaries `a` by dictionary values in descending order,"sorted(a, key=lambda i: list(i.values())[0], reverse=True)",1531,30,1,10,0
11351874,Converting a dict into a list,convert dictionary `dict` into a flat list,print([y for x in list(dict.items()) for y in x]),1567,31,1,10,0
11760095,convert binary string to numpy array,convert binary string '\x00\x00\x80?\x00\x00\x00@\x00\x00@@\x00\x00\x80@' to numpy array,"np.fromstring('\x00\x00\x80?\x00\x00\x00@\x00\x00@@\x00\x00\x80@', dtype='<f4')",1601,32,5,10,0
11840111,Divide the values of two dictionaries in python,divide the values with same keys of two dictionary `d1` and `d2`,{k: (float(d2[k]) / d1[k]) for k in d2},1613,32,1,10,0
12307099,Modifying a subset of rows in a pandas dataframe,set the value in column 'B' to NaN if the corresponding value in column 'A' is equal to 0 in pandas dataframe `df`,"df.ix[df.A == 0, 'B'] = np.nan",1635,33,3,10,0
12400256,Python: Converting Epoch time into the datetime,Convert unix timestamp '1347517370' to formatted string '%Y-%m-%d %H:%M:%S',"time.strftime('%Y-%m-%d %H:%M:%S', time.localtime(1347517370))",1646,33,2,10,0
13114512,Calculating difference between two rows in Python / Pandas,calculat the difference between each row and the row previous to it in dataframe `data`,data.set_index('Date').diff(),1702,34,3,10,0
14299978,How to use lxml to find an element by text?,find the element that holds string 'TEXT A' in file `root`,"e = root.xpath('.//a[text()=""TEXT A""]')",1821,37,0,10,0
14991195,How to remove rows with null values from kth column onward in python,"remove all null values from columns 'three', 'four' and 'five' of dataframe `df2`","df2.dropna(subset=['three', 'four', 'five'], how='all')",1883,39,3,10,0
17467504,Python re.findall print all patterns,Get all matching patterns 'a.*?a' from a string 'a 1 a 2 a 3 a 4 a'.,"re.findall('(?=(a.*?a))', 'a 1 a 2 a 3 a 4 a')",2061,44,0,10,0
18071222,Working with set_index in Pandas DataFrame,"set columns `['race_date', 'track_code', 'race_number']` as indexes in dataframe `rdata`","rdata.set_index(['race_date', 'track_code', 'race_number'])",2100,45,3,10,0
18722196,How to set UTC offset for datetime?,set UTC offset by 9 hrs ahead for date '2013/09/11 00:17',dateutil.parser.parse('2013/09/11 00:17 +0900'),2157,46,2,10,0
19334374,Python - converting a string of numbers into a list of int,Convert a string of numbers 'example_string' separated by comma into a list of numbers,"[int(s) for s in example_string.split(',')]",2191,47,5,10,0
20230211,Create a hierarchy from a dictionary of lists,sort a dictionary `a` by values that are list type,"t = sorted(list(a.items()), key=lambda x: x[1])",2255,49,1,10,0
20477190,Get top biggest values from each column of the pandas.DataFrame,get biggest 3 values from each column of the pandas dataframe `data`,"data.apply(lambda x: sorted(x, 3))",2265,49,3,10,0
23566515,Multiplication of 1d arrays in numpy,multiplication of two 1-dimensional arrays  in numpy,"np.outer(a, b)",2381,52,6,10,0
27516849,How to convert list of numpy arrays into single numpy array?,concatenate sequence of numpy arrays  `LIST` into a one dimensional array along the first axis,"numpy.concatenate(LIST, axis=0)",2464,54,6,10,0
33565643,how to slice a dataframe having date field as index?,Set index equal to field 'TRX_DATE' in dataframe `df`,df = df.set_index(['TRX_DATE']),2647,59,3,10,0
35078261,Sort a list of dictionary provided an order,sort a list of dictionaries `list_of_dct` by values in an order `order`,"sorted(list_of_dct, key=lambda x: order.index(list(x.values())[0]))",2685,60,1,10,0
35414625,pandas: how to run a pivot with a multi-index?,"Convert dataframe `df` to a pivot table using column 'year', 'month', and 'item' as indexes","df.set_index(['year', 'month', 'item']).unstack(level=-1)",2692,60,3,10,0
36381230,How to find row of 2d array in 3d numpy array,"find rows of 2d array in 3d numpy array 'arr' if the row has value '[[0, 3], [3, 0]]'","np.argwhere(np.all(arr == [[0, 3], [3, 0]], axis=(1, 2)))",2709,60,6,10,0
39277638,Element-wise minimum of multiple vectors in numpy,get a numpy array that contains the element wise minimum of three 3x1 arrays,"np.array([np.arange(3), np.arange(2, -1, -1), np.ones((3,))]).min(axis=0)",2757,61,6,10,0
