question_id,intent,rewritten_intent,snippet,idx,time_batch,cluster,gradual_batch,gradual_new
42950,Get Last Day of the Month,Get Last Day of the second month in 2002,"calendar.monthrange(2008, 2)",27,0,2,41,0
72899,How do I sort a list of dictionaries by values of the dictionary in Python?,How do I sort a list of dictionaries by values of the dictionary in Python?,list_of_dicts.sort(key=operator.itemgetter('age')),43,0,1,41,0
163542,pass a string into subprocess.Popen,set the stdin of the process 'grep f' to be 'one\ntwo\nthree\nfour\nfive\nsix\n',"p = subprocess.Popen(['grep', 'f'], stdout=subprocess.PIPE, stdin=subprocess.PIPE)
p.stdin.write('one\ntwo\nthree\nfour\nfive\nsix\n')
p.communicate()[0]
p.stdin.close()",75,0,9,41,1
403421,"How to sort a list of objects , based on an attribute of the objects?",reverse list `ut` based on the `count` attribute of each object,"ut.sort(key=lambda x: x.count, reverse=True)",181,0,7,41,1
455612,Limiting floats to two decimal points,print float `a` with two decimal points,"print(('{0:.2f}'.format(round(a, 2))))",203,0,5,41,0
518021,Getting the length of an array,Getting the length of `my_tuple`,len(my_tuple),224,0,7,41,1
674509,"How do I iterate over a Python dictionary, ordered by values?","iterate over a python dictionary, ordered by values","sorted(list(dictionary.items()), key=lambda x: x[1])",271,0,1,41,0
1386811,Convert binary string to list of integers using Python,Convert binary string to list of integers using Python,"[int(s[i:i + 3], 2) for i in range(0, len(s), 3)]",447,2,5,41,0
1400608,empty a list,empty a list `lst`,del lst[:],452,2,7,41,1
1807026,Initialize a list of objects in Python,create list `lst` containing 100 instances of object `Object`,lst = [Object() for i in range(100)],507,4,7,41,1
1949318,Checking if a website is up,Check the status code of url `url`,"r = requests.head(url)
return (r.status_code == 200)",526,4,4,41,1
2150739,ISO Time (ISO 8601) in Python,get UTC datetime in ISO format,datetime.datetime.utcnow().isoformat(),556,5,2,41,0
2769061,How to erase the file contents of text file in Python?,erase the contents of a file `filename`,"open('filename', 'w').close()",656,8,9,41,1
3464359,Is it possible to wrap the text of xticks in matplotlib in python?,rotate the xtick labels of matplotlib plot `ax` by `45` degrees to make long labels readable,"ax.set_xticklabels(labels, rotation=45)",769,11,4,41,1
4284648,Converting lists of tuples to strings Python,convert elements of each tuple in list `l` into a string  separated by character `@`,""""""" """""".join([('%d@%d' % t) for t in l])",907,14,7,41,1
5180365,Python Add Comma Into Number String,format floating point number  `TotalAmount` to be rounded off to two decimal places and have a comma thousands' seperator,"print('Total cost is: ${:,.2f}'.format(TotalAmount))",1042,18,5,41,0
5183533,How to make List from Numpy Matrix in Python,Convert array `a` into a list,numpy.array(a).reshape(-1).tolist(),1043,18,6,41,0
5352546,best way to extract subset of key-value pairs from python dictionary object,"Extract subset of key value pair for keys 'l', 'm', 'n' from `bigdict` in python 3","{k: bigdict[k] for k in ('l', 'm', 'n')}",1062,18,1,41,0
6018340,Capturing group with findall?,match regex 'abc(de)fg(123)' on string 'abcdefg123 and again abcdefg123',"re.findall('abc(de)fg(123)', 'abcdefg123 and again abcdefg123')",1117,19,0,41,0
6591931,Getting file size in Python?,get the  size of file 'C:\\Python27\\Lib\\genericpath.py',os.stat('C:\\Python27\\Lib\\genericpath.py').st_size,1161,21,9,41,1
7349646,Sorting a dictionary of tuples in Python,Sort a list of tuples `b` by third item in the tuple,b.sort(key=lambda x: x[1][2]),1225,22,7,41,1
9035479,Python - Access object attributes as in a dictionary,Get attribute `my_str` of object `my_object`,"getattr(my_object, my_str)",1383,26,4,41,1
9224385,"In dictionary, converting the value from string to integer",convert values in dictionary `d` into integers,"{k: int(v) for k, v in d.items()}",1399,27,1,41,0
9534608,get path from a module name,get complete path of a module named `os`,imp.find_module('os')[1],1420,27,9,41,1
11205386,Python: BeautifulSoup - get an attribute value based on the name attribute,BeautifulSoup get value associated with attribute 'content' where attribute 'name' is equal to 'City' in tag 'meta' in HTML parsed string `soup`,"soup.find('meta', {'name': 'City'})['content']",1551,31,4,41,1
11339210,How to get integer values from a string in Python?,get multiple integer values from a string 'string1',"map(int, re.findall('\\d+', string1))",1564,31,5,41,0
11351874,Converting a dict into a list,Convert a dictionary `dict` into a list with key and values as list items.,[y for x in list(dict.items()) for y in x],1568,31,1,41,0
15158599,Removing entries from a dictionary based on values,remove false entries from a dictionary `hand`,"{k: v for k, v in list(hand.items()) if v}",1898,39,1,41,0
15325182,How to filter rows in pandas by regex,filter rows in pandas starting with alphabet 'f' using regular expression.,df.b.str.contains('^f'),1914,40,3,41,0
15405636,Python's argparse to show program's version with prog and version string formatting,argparse add argument with flag '--version' and version action of '%(prog)s 2.0' to parser `parser`,"parser.add_argument('--version', action='version', version='%(prog)s 2.0')",1920,40,4,41,1
15666169,python + pymongo: how to insert a new field on an existing document in mongo from a for loop,insert a new field 'geolocCountry' on an existing document  'b' using pymongo,"db.Doc.update({'_id': b['_id']}, {'$set': {'geolocCountry': myGeolocCountry}})",1939,41,4,41,1
16193578,How do I perform secondary sorting in python?,How do I perform secondary sorting in python?,"sorted(list5, key=lambda vertex: (degree(vertex), vertex))",1974,41,7,41,1
16772071,sort dict by value python,Get a list of pairs of key-value sorted by values in dictionary `data`,"sorted(list(data.items()), key=lambda x: x[1])",2006,42,1,41,0
17457793,Sorting a set of values,sort a set `s` by numerical value,"sorted(s, key=float)",2059,44,7,41,1
18142090,python: sort a list of lists by an item in the sublist,Sort list `li` in descending order based on the second element of each list inside list`li`,"sorted(li, key=operator.itemgetter(1), reverse=True)",2109,45,7,41,1
19068269,how to convert a string date into datetime format in python?,convert a string into datetime using the format '%Y-%m-%d %H:%M:%S.%f',"datetime.datetime.strptime(string_date, '%Y-%m-%d %H:%M:%S.%f')",2177,47,2,41,0
19433630,How to use 'User' as foreign key in Django 1.5,django create a foreign key column `user` and link it to table 'User',"user = models.ForeignKey('User', unique=True)",2197,47,4,41,1
29903025,Count most frequent 100 words from sentences in Dataframe Pandas,count most frequent 100 words in column 'text' of dataframe `df`,Counter(' '.join(df['text']).split()).most_common(100),2536,56,3,41,0
32458541,Django can't find URL pattern,Configure url in django properly,"url('^', include('sms.urls')),",2621,58,4,41,1
