question_id,intent,rewritten_intent,snippet,idx,time_batch,cluster,gradual_batch,gradual_new
53513,check if a list is empty,check if list `seq` is empty,"if (not seq):
    pass",35,0,7,25,1
123198,copy a file,copy a file from `src` to `dst`,"copyfile(src, dst)",72,0,9,25,1
209513,Convert hex string to int,"Convert hex string ""deadbeef"" to integer","int('deadbeef', 16)",90,0,5,25,0
356483,Python regex findall numbers and dots,python regex  to find all numbers and dots from 'text',"re.findall('Test([\\d.]*\\d+)', text)",153,0,0,25,0
930397,Getting the last element of a list,Getting the second to last element of list `some_list`,some_list[(-2)],365,0,7,25,1
1602934,Check if a given key already exists in a dictionary,Check if key 'key1' in `dict`,('key1' in dict),478,3,1,25,0
1773805,parse a YAML file,"parse a YAML file ""example.yaml""","with open('example.yaml') as stream:
    try:
        print((yaml.load(stream)))
    except yaml.YAMLError as exc:
        print(exc)",501,4,9,25,1
2108126,How to run two functions simultaneously,run function 'SudsMove' simultaneously,threading.Thread(target=SudsMove).start(),552,5,4,25,1
2173797,how to sort 2d array by row in python?,sort 2d array `matrix` by row with index 1,"sorted(matrix, key=itemgetter(1))",566,5,6,25,0
2544710,How I can get rid of None values in dictionary?,get rid of None values in dictionary `kwargs`,"res = dict((k, v) for k, v in kwargs.items() if v is not None)",611,6,1,25,0
2600191,count the occurrences of a list item,"count the occurrences of item ""b"" in list `l`",l.count('b'),626,7,7,25,1
2674391,Python - Locating the position of a regex match in a string?,Get the position of a regex match for word `is` in a string `String`,"re.search('\\bis\\b', String).start()",644,7,0,25,0
2803852,Python date string to date object,convert date string '24052010' to date object in format '%d%m%Y',"datetime.datetime.strptime('24052010', '%d%m%Y').date()",667,8,2,25,0
3608411,Python: How can I find all files with a particular extension?,find all files with extension '.c' in directory `folder`,results += [each for each in os.listdir(folder) if each.endswith('.c')],795,11,9,25,1
4029436,Subtracting the current and previous item in a list,create a list containing the subtraction of each item in list `L` from the item prior to it,"[(y - x) for x, y in zip(L, L[1:])]",871,13,7,25,1
4302027,how to open a url in python,webbrowser open url 'http://example.com',webbrowser.open('http://example.com'),915,14,4,25,1
4668619,Django database query: How to filter objects by date range?,filter objects month wise in django model `Sample` for year `2011`,"Sample.objects.filter(date__year='2011', date__month='01')",967,16,2,25,0
4682088,Call Perl script from Python,invoke perl script './uireplace.pl' using perl interpeter '/usr/bin/perl' and send argument `var` to it,"subprocess.call(['/usr/bin/perl', './uireplace.pl', var])",969,16,9,25,1
4741537,Append elements of a set to a list in Python,append elements of a set `b` to a list `a`,a.extend(b),984,16,7,25,1
4842956,Python: How to remove empty lists from a list?,Get a new list `list2`by removing empty list from a list of lists `list1`,list2 = [x for x in list1 if x != []],996,16,7,25,1
7125009,How to change legend size with matplotlib.pyplot,change legend size to 'x-small' in upper-left location,"pyplot.legend(loc=2, fontsize='x-small')",1195,21,4,25,1
7243750,Download file from web in Python 3,download the file from url `url` and save it under file `file_name`,"urllib.request.urlretrieve(url, file_name)",1206,22,9,25,1
7745260,Iterate through words of a file in Python,get a list of words `words` of a file 'myfile',words = open('myfile').read().split(),1257,23,9,25,1
8194156,How to subtract two lists in python,subtract elements of list `List1` from elements of list `List2`,"[(x1 - x2) for x1, x2 in zip(List1, List2)]",1294,24,7,25,1
9236926,Concatenating two one-dimensional NumPy arrays,Concatenating two one-dimensional NumPy arrays 'a' and 'b'.,"numpy.concatenate([a, b])",1400,27,6,25,0
11574195,How to merge multiple lists into one list in python?,merge list `['it']` and list `['was']` and list `['annoying']` into one list,['it'] + ['was'] + ['annoying'],1586,31,7,25,1
11620914,Removing nan values from an array,remove Nan values from array `x`,x = x[numpy.logical_not(numpy.isnan(x))],1590,32,6,25,0
12843099,Python: Logging TypeError: not all arguments converted during string formatting,convert the argument `date` with string formatting in logging,"logging.info('date=%s', date)",1681,34,2,25,0
13145368,Find the maximum value in a list of tuples in Python,get the item at index 0 from the tuple that has maximum value at index 1 in list `lis`,"max(lis, key=itemgetter(1))[0]",1705,35,7,25,1
14169122,Generating all unique pair permutations,generate a list of all unique pairs of integers in `range(9)`,"list(permutations(list(range(9)), 2))",1809,37,7,25,1
14435268,"How to access a tag called ""name"" in BeautifulSoup","access a tag called ""name"" in beautifulsoup `soup`",print(soup.find('name').string),1833,38,4,25,1
15852295,list of ints into a list of tuples python,group a list of ints into a list of tuples of each 2 elements,"my_new_list = zip(my_list[0::2], my_list[1::2])",1949,41,7,25,1
16193578,How do I perform secondary sorting in python?,Sort lis `list5` in ascending order based on the degrees value of its elements,"sorted(list5, lambda x: (degree(x), x))",1975,41,7,25,1
16344756,Auto reloading python Flask app upon code changes,enable debug mode on Flask application `app`,app.run(debug=True),1984,42,4,25,1
18524642,Convert list of lists to list of integers,convert a list of lists `L` to list of integers,L = [int(''.join([str(y) for y in x])) for x in L],2141,46,7,25,1
19546911,How to get a 16bit Unsigned integer in python,Convert integer `number` into an unassigned integer,"struct.unpack('H', struct.pack('h', number))",2202,47,5,25,0
31465002,Python regex findall alternation behavior,"find all digits in string '6,7)' and put them to a list","re.findall('\\d|\\d,\\d\\)', '6,7)')",2584,57,5,25,0
39605640,How do I pull a recurring key from a JSON?,pull a value with key 'name' from a json object `item`,print(item['name']),2770,62,4,25,1
40744328,How to order a list of lists by the first value,"order a list of lists `[[1, 'mike'], [1, 'bob']]` by the first value of individual list","sorted([[1, 'mike'], [1, 'bob']])",2814,63,7,25,1
