question_id,intent,rewritten_intent,snippet,idx,time_batch,cluster,gradual_batch,gradual_new
209840,Map two lists into a dictionary in Python,map two lists `keys` and `values` into a dictionary,"dict([(k, v) for k, v in zip(keys, values)])",94,0,1,4,0
415511,get current time,get current time,datetime.datetime.time(datetime.datetime.now()),188,0,2,4,0
455612,Limiting floats to two decimal points,limit float 13.9499999 to two decimal points,('%.2f' % 13.9499999),201,0,5,4,0
546321,How do I calculate the date six months from the current date,get the date 2 months from today,"(date(2010, 12, 31) + relativedelta(months=(+ 2)))",232,0,2,4,0
764235,Dictionary to lowercase in Python,lowercase all keys and values in dictionary `{'My Key': 'My Value'}`,"dict((k.lower(), v) for k, v in {'My Key': 'My Value'}.items())",324,0,1,4,0
1450897,Python: removing characters except digits from string,get digits only from a string `aas30dsa20` using lambda function,""""""""""""".join([x for x in 'aas30dsa20' if x.isdigit()])",462,3,5,4,0
1666700,How to count the number of times something occurs inside a certain string?,count number of times string 'brown' occurred in string 'The big brown fox is brown',"""""""The big brown fox is brown"""""".count('brown')",484,3,0,4,0
1747817,Create a dictionary with list comprehension,Create a dictionary `d` from list `iterable`,"d = {key: value for (key, value) in iterable}",497,4,1,4,0
1823058,print number with commas as thousands separators,print number 1255000 as thousands separators,"locale.setlocale(locale.LC_ALL, 'en_US')
locale.format('%d', 1255000, grouping=True)",512,4,5,4,0
2045175,Regex match even number of letters,write a regex pattern to match even number of letter `A`,re.compile('^([^A]*)AA([^A]|AA)*$'),536,5,0,4,0
2152898,Filtering a list of strings based on contents,filtering out strings that contain 'ab' from a list of strings `lst`,[k for k in lst if 'ab' in k],560,5,0,4,0
2597166,Make dictionary from list with python,create a dictionary by adding each two adjacent elements in tuple `x` as key/value pair to it,"dict(x[i:i + 2] for i in range(0, len(x), 2))",623,7,1,4,0
2813806,How do you check the presence of many keys in a Python dictinary?,check if key 'stackoverflow' and key 'google' are presented in dictionary `sites`,"set(['stackoverflow', 'google']).issubset(sites)",670,8,1,4,0
3097866,Access an arbitrary element in a dictionary in Python,access an arbitrary value from dictionary `dict`,next(iter(list(dict.values()))),704,9,1,4,0
3294889,Iterating over dictionaries using for loops,Iterating key and items over dictionary `d`,"for (k, v) in list(d.items()):
    pass",737,10,1,4,0
3437059,string contains substring,check if string `needle` is in `haystack`,"if (needle in haystack):
    pass",763,10,0,4,0
3673428,Convert int to ASCII and back in Python,convert ascii value 'a' to int,ord('a'),798,11,5,4,0
4642501,How to sort dictionaries by keys in Python,How to sort dictionaries by keys in Python,sorted(d.items()),960,15,1,4,0
7154739,How can I get an array of alternating values in python?,set every two-stride far element to -1 starting from second element in array `a`,a[1::2] = -1,1202,22,6,4,0
11613284,Add items to a dictionary of lists,get a dictionary with keys from one list `keys` and values from other list `data`,"dict(zip(keys, zip(*data)))",1588,32,1,4,0
13254241,Removing key values pairs from a list of dictionaries,removing key values pairs with key 'mykey1' from a list of dictionaries `mylist`,"[{k: v for k, v in d.items() if k != 'mykey1'} for d in mylist]",1721,35,1,4,0
13462365,Python 2.7 Counting number of dictionary items with given value,count the number of values in `d` dictionary that are predicate to function `some_condition`,sum(1 for x in list(d.values()) if some_condition(x)),1746,36,1,4,0
15661013,Python: most efficient way to convert date to datetime,convert date `my_date` to datetime,"datetime.datetime.combine(my_date, datetime.time.min)",1938,40,2,4,0
17141558,How to sort a dataFrame in python pandas by two or more columns?,sort dataframe `df` based on column 'b' in ascending and column 'c' in descending,"df.sort_values(['b', 'c'], ascending=[True, False], inplace=True)",2039,43,3,4,0
17846545,Python: comprehension to compose two dictionaries,Compose keys from dictionary `d1` with respective values in dictionary `d2`,"result = {k: d2.get(v) for k, v in list(d1.items())}",2087,44,1,4,0
18689823,pandas DataFrame: replace nan values with average of columns,replace nan values in a pandas data frame with the average of columns,"df.apply(lambda x: x.fillna(x.mean()), axis=0)",2153,46,3,4,0
19794051,Regex for removing data in parenthesis,Remove word characters in parenthesis from string `item` with a regex,"item = re.sub(' ?\\(\\w+\\)', '', item)",2225,48,0,4,0
23855976,Middle point of each pair of an numpy.array,get an array of the mean of each two consecutive values in numpy array `x`,x[:-1] + (x[1:] - x[:-1]) / 2,2390,52,6,4,0
25292838,applying regex to a pandas dataframe,Update row values for a column `Season` using vectorized string operation in pandas,df['Season'].str.split('-').str[0].astype(int),2420,53,3,4,0
25817930,Fastest way to sort each row in a pandas dataframe,Fastest way to sort each row in a pandas dataframe,"df.sort(df.columns, axis=1, ascending=False)",2430,53,3,4,0
28901311,Numpy: find index of elements in one array that occur in another array,get index of elements in array `A` that occur in another array `B`,"np.where(np.in1d(A, B))[0]",2503,55,6,4,0
29035168,How to use a dot in Python format strings?,Print a dictionary `{'user': {'name': 'Markus'}}` with string formatting,"""""""Hello {user[name]}"""""".format(**{'user': {'name': 'Markus'}})",2507,55,1,4,0
29454773,How can I tell if a string only contains letter AND spaces,Check if string 'a b' only contains letters and spaces,"""""""a b"""""".replace(' ', '').isalpha()",2520,55,0,4,0
30190459,How to gracefully fallback to `NaN` value while reading integers from a CSV with Pandas?,read CSV file 'my.csv' into a dataframe `df` with datatype of float for column 'my_column' considering character 'n/a' as NaN value,"df = pd.read_csv('my.csv', dtype={'my_column': np.float64}, na_values=['n/a'])",2545,56,3,4,0
30328646,Python Pandas : group by in group by and average?,Do group by on `cluster` column in `df` and get its mean,df.groupby(['cluster']).mean(),2547,56,3,4,0
34023918,Make new column in Panda dataframe by adding values from other columns,make new column 'C' in panda dataframe by adding values from other columns 'A' and 'B',df['C'] = df['A'] + df['B'],2654,59,3,4,0
40055835,Removing elements from an array that are in another array,remove elements from an array `A` that are in array `B`,"A[np.all(np.any(A - B[:, (None)], axis=2), axis=0)]",2782,62,6,4,0
40156469,How to check if any value of a column is in a range in Pandas?,select all rows in dataframe `df` where the values of column 'columnX' is bigger than or equal to `x` and smaller than or equal to `y`,df[(x <= df['columnX']) & (df['columnX'] <= y)],2788,62,3,4,0
40903174,Sorting data in DataFrame Pandas,Sorting data in DataFrame Pandas,"df.sort_values(['System_num', 'Dis'])",2818,63,3,4,0
