question_id,intent,rewritten_intent,snippet,idx,time_batch,cluster,gradual_batch,gradual_new
179369,How do I abort the execution of a Python script?,terminate the script using status value 0,sys.exit(0),80,0,4,16,1
319426,case insensitive string comparison,case insensitive string comparison between `string1` and `string2`,"if (string1.lower() == string2.lower()):
    pass",145,0,0,16,0
402504,determine the variable type,determine the type of variable `v`,type(v),174,0,4,16,1
403421,"How to sort a list of objects , based on an attribute of the objects?","sort a list of objects `ut`, based on a function `cmpfun` in descending order","ut.sort(key=cmpfun, reverse=True)",182,0,7,16,1
902408,How to use variables in SQL statement in Python?,How to use variables in SQL statement in Python?,"cursor.execute('INSERT INTO table VALUES (%s, %s, %s)', (var1, var2, var3))",357,0,4,16,1
973473,Getting a list of all subdirectories in the current directory,getting a list of all subdirectories in the directory `directory`,os.walk(directory),388,1,9,16,1
1720421,concatenate lists,iterate items in lists `listone` and `listtwo`,"for item in itertools.chain(listone, listtwo):
    pass",493,3,7,16,1
1849375,How do I INSERT INTO t1 (SELECT * FROM t2) in SQLAlchemy?,How do I INSERT INTO t1 (SELECT * FROM t2) in SQLAlchemy?,session.execute('INSERT INTO t1 (SELECT * FROM t2)'),513,4,4,16,1
2052390,Manually raising (throwing) an exception,throw an Exception with message 'This is the exception you expect to handle',raise Exception('This is the exception you expect to handle'),542,5,4,16,1
2338531,Python sorting - A list of objects,sort a list of objects 'somelist' where the object has member number variable `resultType`,somelist.sort(key=lambda x: x.resultType),588,6,7,16,1
2600191,count the occurrences of a list item,"count the occurrences of item ""a"" in list `l`",l.count('a'),628,7,7,16,1
3518778,read csv into record array,read csv file 'myfile.csv' into array,"np.genfromtxt('myfile.csv', delimiter=',', dtype=None)",785,11,6,16,0
3523048,Add another tuple to a tuple,Add a tuple with value `another_choice` to a tuple `my_choices`,"final_choices = ((another_choice,) + my_choices)",788,11,7,16,1
4126227,Appending tuples to lists,append a tuple of elements from list `a` with indexes '[0][0] [0][2]' to list `b`,"b.append((a[0][0], a[0][2]))",881,13,7,16,1
4174941,sort a list of lists by a specific index of the inner list,sort a list of lists `L` by index 2 of the inner list,"sorted(L, key=itemgetter(2))",894,14,7,16,1
4287209,Sort list of strings by integer suffix in python,sort list of strings in list `the_list` by integer suffix,"sorted(the_list, key=lambda k: int(k.split('_')[1]))",908,14,7,16,1
5301996,How to do many-to-many Django query to find book with 2 given authors?,Filter Django objects by `author` with ids `1` and `2`,Book.objects.filter(author__id=1).filter(author__id=2),1055,18,4,16,1
5486725,How to execute a command prompt command from python,execute a command in the command prompt to list directory contents of the c drive `c:\\',os.system('dir c:\\'),1070,18,9,16,1
6490560,How do I move the last item in a list to the front in python?,move the last item in list `a` to the beginning,a = a[-1:] + a[:-1],1152,20,7,16,1
7571635,check if a value exist in a list,check if 'a' is in list `a`,('a' in a),1242,23,7,16,1
8081545,convert list of tuples to multiple lists in Python,convert list of tuples to multiple lists in Python,"map(list, zip(*[(1, 2), (3, 4), (5, 6)]))",1278,24,7,16,1
11040626,Pandas DataFrame Add column to index without resetting,add column `d` to index of dataframe `df`,"df.set_index(['d'], append=True)",1542,30,3,16,0
11064917,Generate a sequence of numbers in Python,generate a string of numbers separated by comma which is divisible by `4` with remainder `1` or `2`.,""""""","""""".join(str(i) for i in range(100) if i % 4 in (1, 2))",1544,30,5,16,0
14716342,How do I find the string between two special characters?,"find the string in `your_string` between two special characters ""["" and ""]""","re.search('\\[(.*)\\]', your_string).group(1)",1851,38,0,16,0
14931769,get all combination of n binary value,get all combination of 3 binary values,"lst = list(itertools.product([0, 1], repeat=3))",1875,39,7,16,1
15269161,"in Python, How to join a list of tuples into one list?",convert list `a` from being consecutive sequences of tuples into a single sequence of elements,list(itertools.chain(*a)),1904,40,7,16,1
16040156,Rearrange tuple of tuples in Python,rearrange tuple of tuples `t`,tuple(zip(*t)),1959,41,7,16,1
16374540,Efficient way to convert a list to dictionary,"Convert a list `['A:1', 'B:2', 'C:3', 'D:4']` to dictionary","dict(map(lambda s: s.split(':'), ['A:1', 'B:2', 'C:3', 'D:4']))",1985,42,1,16,0
16436133,How can i create the empty json object in python,Create a default empty json object if no json is available in request parameter `mydata`,"json.loads(request.POST.get('mydata', '{}'))",1991,42,4,16,1
17193850,How to get column by number in Pandas?,get all the values in column `b` from pandas data frame `df`,df['b'],2044,43,3,16,0
18224991,how to set global const variables in python,assign float 9.8 to variable `GRAVITY`,GRAVITY = 9.8,2114,45,5,16,0
19490064,Merge DataFrames in Pandas using the mean,merge rows from dataframe `df1` with rows from dataframe `df2` and calculate the mean for rows that have the same value of axis 1,"pd.concat((df1, df2), axis=1).mean(axis=1)",2200,47,3,16,0
20512297,How can I concatenate a Series onto a DataFrame with Pandas?,concatenate a series `students` onto a dataframe `marks` with pandas,"pd.concat([students, pd.DataFrame(marks)], axis=1)",2268,49,3,16,0
22412258,Get the first element of each tuple in a list in Python,get a list `res_list` of the first elements of each tuple in a list of tuples `rows`,res_list = [x[0] for x in rows],2353,51,7,16,1
24525111,How can I get the output of a matplotlib plot as an SVG?,Save plot `plt` as svg file 'test.svg',plt.savefig('test.svg'),2406,52,9,16,1
26727314,Multiple files for one argument in argparse Python 2.7,argparse associate zero or more arguments with flag 'file',"parser.add_argument('file', nargs='*')",2449,54,9,16,1
30628176,Switch every pair of characters in a string,switch positions of each two adjacent characters in string `a`,"print(''.join(''.join(i) for i in zip(a2, a1)) + a[-1] if len(a) % 2 else '')",2557,56,8,16,0
30651487,Print a variable selected by a random number,get a random item from list `choices`,random_choice = random.choice(choices),2559,56,7,16,1
34705205,Sort a nested list by two elements,"sort a nested list by the inverse of element 2, then by element 1","sorted(l, key=lambda x: (-int(x[1]), x[0]))",2674,59,7,16,1
