question_id,intent,rewritten_intent,snippet,idx,time_batch,cluster,gradual_batch,gradual_new
1476,express binary literals,convert binary string '01010101111' to integer,"int('01010101111', 2)",4,0,5,51,0
1854,What OS am I running on,get the name of the OS,print(os.name),8,0,4,51,1
19339,inverse of zip,unzip list `original` and return a generator,"result = ((a for (a, b) in original), (b for (a, b) in original))",13,0,7,51,1
1217251,Python: sorting a dictionary of lists,sort dictionary of lists `myDict` by the third item in each list,"sorted(list(myDict.items()), key=lambda e: e[1][2])",432,2,1,51,0
1246444,convert string to dict using list comprehension in python,convert string `x'  to dictionary splitted by `=` using list comprehension,dict([x.split('=') for x in s.split()]),434,2,1,51,0
1348026,How do I create a file in python without overwriting an existing file,create file 'x' if file 'x' does not exist,"fd = os.open('x', os.O_WRONLY | os.O_CREAT | os.O_EXCL)",445,2,9,51,1
1450393,read from stdin,read line by line from stdin,"for line in fileinput.input():
    pass",459,3,9,51,1
1514553,declare an array,declare an array `variable`,variable = [],465,3,6,51,0
1534542,Can I sort text by its numeric value in Python?,Can I sort text by its numeric value in Python?,"sorted(list(mydict.items()), key=lambda a: map(int, a[0].split('.')))",469,3,5,51,0
1555968,Efficient way to find the largest key in a dictionary with non-zero value,get the largest key in a dictionary `x` with non-zero value,"max(k for k, v in x.items() if v != 0)",474,3,1,51,0
2430539,How do I get all the keys that are stored in the Cassandra column family with pycassa?,get a list of all keys in Cassandra database `cf` with pycassa,list(cf.get_range().get_keys()),606,6,1,51,0
3294889,Iterating over dictionaries using for loops,Iterating key and items over dictionary `d`,"for (letter, number) in list(d.items()):
    pass",738,10,1,51,0
3820312,Python: Write a list of tuples to a file,create a file 'filename' with each tuple in the list `mylist` written to a line,"open('filename', 'w').write('\n'.join('%s %s' % x for x in mylist))",820,12,9,51,1
4490961,Numpy: Multiplying a matrix with a 3d tensor -- Suggestion,Multiply a matrix `P` with a 3d tensor `T` in scipy,"scipy.tensordot(P, T, axes=[1, 1]).swapaxes(0, 1)",941,15,6,51,0
4588628,Find indices of elements equal to zero from numpy array,Find indices of elements equal to zero from numpy array `x`,numpy.where((x == 0))[0],952,15,6,51,0
4906977,Access environment variables,get all environment variables,os.environ,1010,17,4,51,1
5333244,How to display a jpg file in Python?,Display a image file `pathToFile`,Image.open('pathToFile').show(),1058,18,9,51,1
5373474,Multiple positional arguments with Python and argparse,specify multiple positional arguments with argparse,"parser.add_argument('input', nargs='+')",1063,18,4,51,1
6027690,How to avoid line color repetition in matplotlib.pyplot?,Plot using the color code `#112233` in matplotlib pyplot,"pyplot.plot(x, y, color='#112233')",1119,19,4,51,1
7895449,Merging a list of lists,"create a list containing flattened list `[['A', 'B', 'C'], ['D', 'E', 'F'], ['G', 'H', 'I']]`","values = sum([['A', 'B', 'C'], ['D', 'E', 'F'], ['G', 'H', 'I']], [])",1265,23,7,51,1
7946798,Interleaving two lists in Python,combine lists `l1` and `l2`  by alternating their elements,"[val for pair in zip(l1, l2) for val in pair]",1269,23,7,51,1
9573244,check if the string is empty,check if the string `myString` is empty,"if (not myString):
    pass",1430,27,0,51,0
12030179,Issue sending email with python?,setup a smtp mail server to `smtp.gmail.com` with port `587`,"server = smtplib.SMTP('smtp.gmail.com', 587)",1623,32,4,51,1
12814667,How to sort a list according to another list?,sort list `a` using the first dimension of the element as the key to list `b`,a.sort(key=lambda x: b.index(x[0])),1676,34,7,51,1
14858916,True for all characters of a string,check characters of string `string` are true predication of function `predicate`,all(predicate(x) for x in string),1868,39,0,51,0
17138464,Subscripting text in matplotlib labels,subscript text 'H20' with '2' as subscripted in matplotlib labels for arrays 'x' and 'y'.,"plt.plot(x, y, label='$H_2O$')",2036,43,4,51,1
17474211,How to sort python list of strings of numbers,sort list `a` in ascending order based on its elements' float values,"a = sorted(a, key=lambda x: float(x))",2062,44,7,51,1
18229082,Python pickle/unpickle a list to/from a file,python pickle/unpickle a list to/from a file 'afile',"pickle.load(open('afile', 'rb'))",2115,45,9,51,1
19300174,Python: Assign each element of a List to a separate Variable,"destruct elements of list `[1, 2, 3]` to variables `a`, `b` and `c`","a, b, c = [1, 2, 3]",2188,47,7,51,1
20837786,Changing the referrer URL in python requests,request URL `url` using http header `{'referer': my_referer}`,"requests.get(url, headers={'referer': my_referer})",2284,49,4,51,1
24492327,Python Embedding in C++ : ImportError: No module named pyfunction,insert directory './path/to/your/modules/' to current directory,"sys.path.insert(0, './path/to/your/modules/')",2405,52,9,51,1
29311354,How to set the timezone in Django?,Set time zone `Europe/Istanbul` in Django,TIME_ZONE = 'Europe/Istanbul',2511,55,2,51,0
31029560,Plotting categorical data with pandas and matplotlib,plot categorical data in series `df` with kind `bar` using pandas and matplotlib,df.groupby('colour').size().plot(kind='bar'),2572,57,3,51,0
31143732,How to create range of numbers in Python like in MATLAB,create 4 numbers in range between 1 and 3,"print(np.linspace(1, 3, num=4, endpoint=False))",2574,57,5,51,0
34280147,How to print an entire list while not starting by the first item,print a list `l` and move first 3 elements to the end of the list,print(l[3:] + l[:3]),2660,59,7,51,1
34338341,Regex for getting all digits in a string after a character,get all digits in a string `s` after a '[' character,"re.findall('\\d+(?=[^[]+$)', s)",2661,59,0,51,0
37080612,pandas DataFrame filter regex,get rows of dataframe `df` that match regex '(Hel|Just)',df.loc[df[0].str.contains('(Hel|Just)')],2721,61,3,51,0
39600161,Regular expression matching all but a string,regular expression matching all but 'aa' and 'bb' for string `string`,"re.findall('-(?!aa-|bb-)([^-]+)', string)",2767,62,0,51,0
41251391,Can a list of all member-dict keys be created from a dict of dicts using a list comprehension?,get a list of the keys in each dictionary in a dictionary of dictionaries `foo`,[k for d in list(foo.values()) for k in d],2832,63,1,51,0
