question_id,intent,rewritten_intent,snippet,idx,time_batch,cluster,gradual_batch,gradual_new
1476,express binary literals,convert binary string '0b0010101010' to integer,"int('0b0010101010', 2)",2,0,5,49,0
89228,Calling an external command,"Calling an external command ""ls -l""",from subprocess import call,57,0,9,49,1
402504,determine the variable type,get the type of `i`,type(i),178,0,4,49,1
510348,make a time delay,make a 60 seconds time delay,time.sleep(60),216,0,4,49,1
952914,Making a flat list out of list of lists,make a flat list from list of lists `list2d`,list(itertools.chain(*list2d)),381,1,7,49,1
977491,Comparing two .txt files using difflib in Python,compare contents  at filehandles `file1` and `file2` using difflib,"difflib.SequenceMatcher(None, file1.read(), file2.read())",391,1,9,49,1
1405602,How to adjust the quality of a resized image in Python Imaging Library?,"resized image `image` to width, height of `(x, y)` with filter of `ANTIALIAS`","image = image.resize((x, y), Image.ANTIALIAS)",456,2,4,49,1
2052390,Manually raising (throwing) an exception,"throw a ValueError with message 'represents a hidden bug, do not catch this'","raise ValueError('represents a hidden bug, do not catch this')",546,5,4,49,1
2631935,SQLAlchemy: a better way for update with declarative?,Update a user's name as `Bob Marley` having id `123` in SQLAlchemy,session.query(User).filter_by(id=123).update({'name': 'Bob Marley'}),639,7,4,49,1
2655956,filtering elements from list of lists in Python?,create a list containing elements of list `a` if the sum of the element is greater than 10,[item for item in a if sum(item) > 10],642,7,7,49,1
3034014,How to apply itertools.product to elements of a list of lists?,apply itertools.product to elements of a list of lists `arrays`,list(itertools.product(*arrays)),694,9,7,49,1
3207219,list all files of a directory,"list all files of a directory ""somedirectory""",os.listdir('somedirectory'),716,9,9,49,1
3398589,Sorting a list of lists in Python,sort a list of lists 'c2' such that third row comes first,c2.sort(key=lambda row: row[2]),757,10,7,49,1
3518778,read csv into record array in numpy,read csv file 'my_file.csv' into numpy array,"my_data = genfromtxt('my_file.csv', delimiter=',')",784,11,6,49,0
4363072,what would be the python code to add time to a specific timestamp?,Parse string '21/11/06 16:30' according to format '%d/%m/%y %H:%M',"datetime.strptime('21/11/06 16:30', '%d/%m/%y %H:%M')",925,15,2,49,0
5430470,retrieving list items from request.POST in django/python,Get a list values of a dictionary item `pass_id` from post requests in django,request.POST.getlist('pass_id'),1068,18,4,49,1
6667201,How to define two-dimensional array in python,"create a list `matrix` containing 5 lists, each of 5 items  all set to 0",matrix = [([0] * 5) for i in range(5)],1168,21,7,49,1
7996940,What is the best way to sort list with custom sorting parameters in Python?,What is the best way to sort list with custom sorting parameters in Python?,li1.sort(key=lambda x: not x.startswith('b.')),1274,23,7,49,1
8459231,Sort tuples based on second parameter,sort a list of tuples `my_list` by second parameter in the tuple,my_list.sort(key=lambda x: x[1]),1333,25,7,49,1
9497290,How would I sum a multi-dimensional array in the most succinct python?,"sum all elements of two-dimensions list `[[1, 2, 3, 4], [2, 4, 5, 6]]]`","sum([sum(x) for x in [[1, 2, 3, 4], [2, 4, 5, 6]]])",1417,27,6,49,0
9507819,Can I have a non-greedy regex with dotall?,match regex pattern 'a*?bc*?' on string 'aabcc' with DOTALL enabled,"re.findall('a*?bc*?', 'aabcc', re.DOTALL)",1419,27,0,49,0
10408927,How to get all sub-elements of an element tree with Python ElementTree?,get all sub-elements of an element tree `a` excluding the root element,[elem.tag for elem in a.iter() if elem is not a],1489,29,7,49,1
10716796,How to convert a string to its Base-10 representation?,convert a string `s` to its base-10 representation,"int(s.encode('hex'), 16)",1521,30,5,49,0
10822635,Get the number of rows in table using SQLAlchemy,SQLAlchemy count the number of rows in table `Congress`,rows = session.query(Congress).count(),1524,30,4,49,1
12300912,transpose dictionary (extract all the values for one key from a list of dictionaries),extract all the values with keys 'x' and 'y' from a list of dictionaries `d` to list of tuples,"[(x['x'], x['y']) for x in d]",1634,33,1,49,0
19454970,Is there a Python dict without values?,create dict of squared int values in range of 100,{(x ** 2) for x in range(100)},2199,47,5,49,0
19664253,selenium how to get the content of href within some targeted class,get the content of child tag with`href` attribute whose parent has css `someclass`,self.driver.find_element_by_css_selector('.someclass a').get_attribute('href'),2216,48,4,49,1
20183069,How to sort multidimensional array by column?,sort a multidimensional array `a` by column with index 1,"sorted(a, key=lambda x: x[1])",2250,48,6,49,0
21822054,How to force os.system() to use bash instead of shell,force bash interpreter '/bin/bash' to be used instead of shell,"os.system('GREPDB=""echo 123""; /bin/bash -c ""$GREPDB""')",2327,50,9,49,1
22240602,How do I check if all elements in a list are the same?,check if all elements in list `mylist` are the same,len(set(mylist)) == 1,2347,51,7,49,1
29394552,Move radial tick labels on a polar plot in matplotlib,place the radial ticks in plot `ax` at 135 degrees,ax.set_rlabel_position(135),2518,55,4,49,1
30650254,Is it possible to serve a static html page at the root of a django project?,serve a static html page 'your_template.html' at the root of a django project,"url('^$', TemplateView.as_view(template_name='your_template.html'))",2558,56,4,49,1
31743603,Create a list of integers with duplicate values in Python,make a list of integers from 0 to `5` where each second element is a duplicate of the previous element,"print([u for v in [[i, i] for i in range(5)] for u in v])",2592,57,7,49,1
35622945,"Regex, find pattern only in middle of string","regex, find ""n""s only in the middle of string `s`","re.findall('n(?<=[^n]n)n+(?=[^n])(?i)', s)",2697,60,0,49,0
37004138,How to eliminate all strings from a list,eliminate all strings from list `lst`,"[element for element in lst if isinstance(element, int)]",2720,61,7,49,1
41067960,How to convert a list of multiple integers into a single integer?,Concatenate elements of a list 'x' of multiple integers to a single integer,"sum(d * 10 ** i for i, d in enumerate(x[::-1]))",2823,63,7,49,1
41727442,How to get a list of all integer points in an n-dimensional cube using python?,get a list of all integer points in a `dim` dimensional hypercube with coordinates from `-x` to `y` for all dimensions,"list(itertools.product(list(range(-x, y)), repeat=dim))",2844,64,6,49,0
41946927,Getting pandas dataframe from list of nested dictionaries,create a pandas data frame from list of nested dictionaries `my_list`,"pd.concat([pd.DataFrame(l) for l in my_list], axis=1).T",2855,64,3,49,0
42060144,Conditionally fill a column of a pandas df with values of a different df,Merge column  'word' in dataframe `df2` with column 'word' on dataframe `df1`,"df1.merge(df2, how='left', on='word')",2857,64,3,49,0
