question_id,intent,rewritten_intent,snippet,idx,time_batch,cluster,gradual_batch,gradual_new
53513,check if a list is empty,check if list `li` is empty,"if (len(li) == 0):
    pass",36,0,7,26,1
89228,Calling an external command,"Calling an external command ""ls -l""","call(['ls', '-l'])",56,0,9,26,1
237079,get file creation & modification date/times in,get creation time of file `file`,time.ctime(os.path.getctime(file)),104,0,9,26,1
247770,Retrieving python module path,get the path of the current python module,print(os.getcwd()),110,0,4,26,1
509742,Change directory to the directory of a Python script,change directory to the directory of a python script,os.chdir(os.path.dirname(__file__)),213,0,9,26,1
1447575,Symlinks on windows?,create a symlink directory `D:\\testdirLink` for directory `D:\\testdir` with unicode support using ctypes library,"kdll.CreateSymbolicLinkW('D:\\testdirLink', 'D:\\testdir', 1)",458,3,9,26,1
2668909,How to find the real user home directory using python?,find the real user home directory using python,os.path.expanduser('~user'),643,7,4,26,1
2769061,How to erase the file contents of text file in Python?,How to erase the file contents of text file in Python?,"open('file.txt', 'w').close()",657,8,9,26,1
3278850,"Doc, rtf and txt reader in python",read the contents of the file 'file.txt' into `txt`,txt = open('file.txt').read(),732,10,9,26,1
3724551,Python: Uniqueness for list of lists,uniqueness for list of lists `testdata`,[list(i) for i in set(tuple(i) for i in testdata)],803,11,7,26,1
4476373,Simple URL GET/POST,make an HTTP post request with data `post_data`,"post_response = requests.post(url='http://httpbin.org/post', json=post_data)",934,15,4,26,1
4706499,append to a file,"append line ""appended text"" to file ""test.txt""","with open('test.txt', 'a') as myfile:
    myfile.write('appended text')",980,16,9,26,1
5212870,Sorting a Python list by two criteria,Sorting a Python list by two criteria,"sorted(list, key=lambda x: (x[0], -x[1]))",1046,18,7,26,1
7745562,Appending to 2D lists in Python,Create list `listy` containing 3 empty lists,listy = [[] for i in range(3)],1258,23,7,26,1
9210525,convert hex to decimal,"convert hex string ""FFFF"" to decimal","int('FFFF', 16)",1396,27,5,26,0
10271484,How to perform element-wise multiplication of two lists in Python?,create a list containing the multiplication of each elements at the same index of list `lista` and list `listb`,"[(a * b) for a, b in zip(lista, listb)]",1479,29,7,26,1
10675054,How to import a module in Python with importlib.import_module,import a module 'a.b.c' with importlib.import_module in python 2,importlib.import_module('a.b.c'),1518,30,4,26,1
10974932,python split string based on regular expression,python split string based on regular expression,"re.findall('\\S+', str1)",1538,30,0,26,0
11816315,How to rename all folders?,rename file `dir` to `dir` + '!',"os.rename(dir, dir + '!')",1608,32,9,26,1
11985628,Python regex - Ignore parenthesis as indexing?,Match regex pattern '((?:A|B|C)D)' on string 'BDE',"re.findall('((?:A|B|C)D)', 'BDE')",1620,32,0,26,0
12402561,How to set font size of Matplotlib axis Legend?,set font size of axis legend of plot `plt` to 'xx-small',"plt.setp(legend.get_title(), fontsize='xx-small')",1647,33,4,26,1
14026704,How do I get the url parameter in a Flask view,How do I get the url parameter in a Flask view,request.args['myParam'],1797,37,4,26,1
14657241,How do I get a list of all the duplicate items using pandas in python?,get a list of all the duplicate items in dataframe `df` using pandas,"pd.concat(g for _, g in df.groupby('ID') if len(g) > 1)",1845,38,3,26,0
15271907,"Python mySQL Update, Working but not updating table",commit all the changes after executing a query.,dbb.commit(),1905,40,4,26,1
15974730,How do I get the different parts of a Flask request's url?,retrieve the path from a Flask request,request.url,1957,41,4,26,1
17117912,Python Accessing Values in A List of Dictionaries,create a list where each element is a value of the key 'Name' for each dictionary `d` in the list `thisismylist`,[d['Name'] for d in thisismylist],2033,43,1,26,0
17138464,Subscripting text in matplotlib labels,subscript text 'H20' with '2' as subscripted in matplotlib labels for arrays 'x' and 'y'.,"plt.plot(x, y, label='H\u2082O')",2035,43,4,26,1
17552997,How to update a subset of a MultiIndexed pandas DataFrame,add a column 'day' with value 'sat' to dataframe `df`,"df.xs('sat', level='day', drop_level=False)",2065,44,3,26,0
17608210,sorting a list in python,Sort a list of strings 'words' such that items starting with 's' come first.,"sorted(words, key=lambda x: 'a' + x if x.startswith('s') else 'b' + x)",2071,44,7,26,1
17627531,Sort list of date strings,sort list of date strings 'd',"sorted(d, key=lambda x: datetime.datetime.strptime(x, '%m-%Y'))",2073,44,2,26,0
17972020,How to execute raw SQL in SQLAlchemy-flask app,execute raw sql queue '<sql here>' in database `db` in sqlalchemy-flask app,result = db.engine.execute('<sql here>'),2096,45,4,26,1
18170459,How to check if a dictionary is in another dictionary in python,check if dictionary `L[0].f.items()` is in dictionary `a3.f.items()`,set(L[0].f.items()).issubset(set(a3.f.items())),2111,45,1,26,0
20180210,Python how to combine two matrices in numpy,concat two matrices `A` and `B` in numpy,"np.vstack((A, B))",2248,48,6,26,0
20211942,Insert Null into SQLite3 in Python,Insert a 'None' value into a SQLite3 table.,"db.execute(""INSERT INTO present VALUES('test2', ?, 10)"", (None,))",2253,49,4,26,1
20573459,Getting the date of 7 days ago from current date in python,get the date 7 days before the current date,(datetime.datetime.now() - datetime.timedelta(days=7)).date(),2270,49,2,26,0
23566515,Multiplication of 1d arrays in numpy,get the dot product of two one dimensional numpy arrays,"np.dot(a[:, (None)], b[(None), :])",2382,52,6,26,0
34148637,Sorting JSON in python by a specific value,sort json `ips_data` by a key 'data_two',"sorted_list_of_keyvalues = sorted(list(ips_data.items()), key=item[1]['data_two'])",2656,59,1,26,0
40016359,Index the first and the last n elements of a list,Get the first and last 3 elements of list `l`,l[:3] + l[-3:],2781,62,7,26,1
40963347,Find Average of Every Three Columns in Pandas dataframe,Get average for every three columns in `df` dataframe,"df.groupby(np.arange(len(df.columns)) // 3, axis=1).mean()",2820,63,3,26,0
