question_id,intent,rewritten_intent,snippet,idx,time_batch,cluster,gradual_batch,gradual_new
209840,Map two lists into a dictionary in Python,map two lists `keys` and `values` into a dictionary,"dict((k, v) for k, v in zip(keys, values))",95,0,1,9,0
319426,case insensitive string comparison,case insensitive string comparison between `first` and `second`,(first.lower() == second.lower()),143,0,0,9,0
613183,Sort a Python dictionary by value,Sort dictionary `x` by value in ascending order,"sorted(list(x.items()), key=operator.itemgetter(1))",248,0,1,9,0
642154,convert strings into integers,function to convert strings into integers,int(),260,0,5,9,0
674519,How can I convert a Python dictionary to a list of tuples?,convert a python dictionary `d` to a list of tuples,"[(v, k) for k, v in list(d.items())]",275,0,1,9,0
764235,Dictionary to lowercase in Python,"Convert each key,value pair in a dictionary `{'My Key': 'My Value'}` to lowercase","dict((k.lower(), v.lower()) for k, v in {'My Key': 'My Value'}.items())",322,0,1,9,0
1197600,Matching blank lines with regular expressions,match blank lines in `s` with regular expressions,"re.split('\n\\s*\n', s)",429,2,0,9,0
2111163,Selecting specific column in each row from array,get element at index 0 of first row and element at index 1 of second row in array `A`,"A[[0, 1], [0, 1]]",554,5,6,9,0
4433017,Shortest way to convert these bytes to int in python?,convert bytes string `s`  to an unsigned integer,"struct.unpack('>q', s)[0]",930,15,5,9,0
4668619,Django database query: How to filter objects by date range?,filter the objects in django model 'Sample' between date range `2011-01-01` and `2011-01-31`,"Sample.objects.filter(date__range=['2011-01-01', '2011-01-31'])",968,16,2,9,0
5801945,Non-consuming regular expression split in Python,"Split a string `text` with comma, question mark or exclamation by non-consuming regex using look-behind","re.split('(?<=[\\.\\?!]) ', text)",1091,19,0,9,0
8303993,Elegant way to transform a list of dict into a dict of dicts,convert a list of dictionaries `listofdict into a dictionary of dictionaries,"dict((d['name'], d) for d in listofdict)",1316,25,1,9,0
8425046,The best way to filter a dictionary in Python,Remove all items from a dictionary `d` where the values are less than `1`,"d = dict((k, v) for k, v in d.items() if v > 0)",1329,25,1,9,0
9775731,Clamping floating numbers in Python?,clamping floating number `my_value` to be between `min_value` and `max_value`,"max(min(my_value, max_value), min_value)",1451,28,5,9,0
10973614,Convert JSON array to Python list,Convert JSON array `array` to Python object,data = json.loads(array),1536,30,6,9,0
11932729,How to sort a Python dictionary by value?,sort a python dictionary `a_dict` by element `1` of the value,"sorted(list(a_dict.items()), key=lambda item: item[1][1])",1619,32,1,9,0
12182744,python pandas: apply a function with arguments to a series,python pandas: apply a function with arguments to a series,"my_series.apply(your_function, args=(2, 3, 4), extra_kw=1)",1627,33,3,9,0
13237941,sorting list of nested dictionaries in python,sort list of nested dictionaries `yourdata` in reverse based on values associated with each dictionary's key 'subkey',"sorted(yourdata, key=lambda d: d.get('key', {}).get('subkey'), reverse=True)",1715,35,1,9,0
13413590,How to drop rows of Pandas DataFrame whose value in certain columns is NaN,"Drop rows of pandas dataframe `df` having NaN in column at index ""1""",df.dropna(subset=[1]),1743,35,3,9,0
13462365,Python 2.7 Counting number of dictionary items with given value,count the number of pairs in dictionary `d` whose value equal to `chosen_value`,sum(x == chosen_value for x in list(d.values())),1747,36,1,9,0
13636592,How to sort a Pandas DataFrame according to multiple criteria?,sort a pandas data frame according to column `Peak` in ascending and `Weeks` in descending order,"df.sort_values(['Peak', 'Weeks'], ascending=[True, False], inplace=True)",1764,36,3,9,0
14358567,Finding consecutive segments in a pandas data frame,find consecutive segments from a column 'A' in a pandas data frame 'df',df.reset_index().groupby('A')['index'].apply(np.array),1826,38,3,9,0
14507794,Python Pandas - How to flatten a hierarchical index in columns,Collapse hierarchical column index to level 0 in dataframe `df`,df.columns = df.columns.get_level_values(0),1837,38,3,9,0
14925239,Python: How to get attribute of attribute of an object with getattr?,Evaluate a nested dictionary `myobject.id.number` to get `number` if `myobject` is present with getattr,"getattr(getattr(myobject, 'id', None), 'number', None)",1871,39,1,9,0
15411107,Delete a dictionary item if the key exists,Delete an item with key `key` from `mydict`,"try:
    del mydict[key]
except KeyError:
    pass
try:
    del mydict[key]
except KeyError:
    pass",1922,40,1,9,0
15795525,Python: sorting items in a dictionary by a part of a key?,Sort items in dictionary `d`  using the first part of the key after splitting the key,"sorted(list(d.items()), key=lambda name_num: (name_num[0].rsplit(None, 1)[0], name_num[1]))",1944,41,1,9,0
16330838,Python split a string using regex,Python split a string using regex,"re.findall('(.+?):(.+?)\\b ?', text)",1983,42,0,9,0
17097236,How to replace values with None in Pandas data frame in Python?,replace '-' in pandas dataframe `df` with `np.nan`,"df.replace('-', np.nan)",2028,43,3,9,0
18684397,"How to create datetime object from ""16SEP2012"" in python","create datetime object from ""16sep2012""","datetime.datetime.strptime('16Sep2012', '%d%b%Y')",2152,46,2,9,0
20206615,How can a pandas merge preserve order?,do a `left` merge of dataframes `x` and `y` on the column `state` and sort by `index`,"x.reset_index().merge(y, how='left', on='state', sort=False).sort('index')",2252,49,3,9,0
21206395,write to csv from DataFrame python pandas,Write column 'sum' of DataFrame `a` to csv file 'test.csv',"a.to_csv('test.csv', cols=['sum'])",2300,50,3,9,0
27946742,Regular expression in Python sentence extractor,Regular expression in Python sentence extractor,"re.split('\\.\\s', re.sub('\\.\\s*$', '', text))",2478,54,0,9,0
27946742,Regular expression in Python sentence extractor,Get all the sentences from a string `text` using regex,"re.split('\\.\\s', text)",2479,54,0,9,0
29370211,pandas split string into columns,"pandas split strings in column 'stats' by ',' into columns in dataframe `df`","df['stats'].str[1:-1].str.split(',', expand=True).astype(float)",2516,55,3,9,0
36674519,How to get a daterange of the 2nd Fridays of each month?,create a DatetimeIndex containing 13 periods of the second friday of each month starting from date '2016-01-01',"pd.date_range('2016-01-01', freq='WOM-2FRI', periods=13)",2716,60,2,9,0
38231591,Splitting dictionary/list inside a Pandas Column into Separate Columns,split dictionary/list inside a pandas column 'b' into separate columns in dataframe `df`,"pd.concat([df.drop('b', axis=1), pd.DataFrame(df['b'].tolist())], axis=1)",2737,61,3,9,0
38457059,Pandas changing cell values based on another cell,change NaN values in dataframe `df` using preceding values in the frame,"df.fillna(method='ffill', inplace=True)",2744,61,3,9,0
39719140,Pyhon - Best way to find the 1d center of mass in a binary numpy array,calculate the mean of the nonzero values' indices of dataframe `df`,np.flatnonzero(x).mean(),2773,62,3,9,0
41923858,Mapping a string into a list of pairs,Get a list of pairs from a string `word` using lambda function,"list(map(lambda x, y: x + y, word[:-1], word[1:]))",2853,64,0,9,0
