question_id,intent,rewritten_intent,snippet,idx,time_batch,cluster,gradual_batch,gradual_new
42950,Get Last Day of the Month,Get Last Day of the second month in 2100,"calendar.monthrange(2100, 2)",29,0,2,20,0
179369,How do I abort the execution of a Python script?,abort the execution of the script using message 'aa! errors!',sys.exit('aa! errors!'),81,0,4,20,1
356483,Python regex findall numbers and dots,Find all numbers and dots from a string `text` using regex,"re.findall('Test([0-9.]*[0-9]+)', text)",154,0,0,20,0
364621,get item's position in a list,get the position of item 1 in `testlist`,"for i in (i for (i, x) in enumerate(testlist) if (x == 1)):
    pass",162,0,7,20,1
444591,convert a string of bytes into an int (python),convert string of bytes `y\xcc\xa6\xbb` into an int,"struct.unpack('<L', 'y\xcc\xa6\xbb')[0]",198,0,5,20,0
716477,join list of lists in python,get each value from a list of lists `a` using itertools,print(list(itertools.chain.from_iterable(a))),296,0,7,20,1
1064335,"In Python 2.5, how do I kill a subprocess?",kill a process with id `process.pid`,"os.kill(process.pid, signal.SIGKILL)",411,1,4,20,1
2051744,Reverse Y-Axis in PyPlot,reverse all x-axis points in pyplot,plt.gca().invert_xaxis(),537,5,4,20,1
2186656,How can I remove all instances of an element from a list in Python?,"remove all instances of [1, 1] from list `a`","a[:] = [x for x in a if x != [1, 1]]",567,5,7,20,1
2229827,Django urlsafe base64 decoding with decryption,django urlsafe base64 decode string `uenc` with decryption,base64.urlsafe_b64decode(uenc.encode('ascii')),575,6,4,20,1
2600191,count the occurrences of a list item,count the occurrences of items in list `l`,Counter(l),627,7,7,20,1
2984751,Django filter by hour,django filter by hour,Entry.objects.filter(pub_date__contains='08:00'),690,8,2,20,0
3277503,read a file line by line into a list,read file 'filename' line by line into a list `lines`,lines = [line.rstrip('\n') for line in open('filename')],729,9,9,20,1
3501382,Checking whether a variable is an integer,check if `x` is an integer,(type(x) == int),779,11,5,20,0
3887469,python: how to convert currency to decimal?,convert currency string `dollars` to decimal `cents_int`,cents_int = int(round(float(dollars.strip('$')) * 100)),833,12,5,20,0
4143502,How to do a scatter plot with empty circles in Python?,"scatter a plot with x, y position of `np.random.randn(100)` and face color equal to none","plt.scatter(np.random.randn(100), np.random.randn(100), facecolors='none')",885,13,4,20,1
5306079,Python: How do I convert an array of strings to an array of numbers?,"convert a list of strings `['1', '-1', '1']` to a list of numbers","map(int, ['1', '-1', '1'])",1056,18,7,20,1
5744980,Taking the results of a bash command and using it in python,"Taking the results of a bash command ""awk '{print $10, $11}' test.txt > test2.txt""","os.system(""awk '{print $10, $11}' test.txt > test2.txt"")",1086,19,9,20,1
7961363,Removing duplicates in lists,Removing duplicates in list `t`,list(set(t)),1271,23,7,20,1
8577137,creating a tmp file in python,Open a file `path/to/FILE_NAME.ext` in write mode,"new_file = open('path/to/FILE_NAME.ext', 'w')",1341,25,9,20,1
10264618,Transform unicode string in python,"encode value of key `City` in dictionary `data` as `ascii`, ignoring non-ascii characters","data['City'].encode('ascii', 'ignore')",1478,29,1,20,0
11336548,Django - taking values from POST request,"django get the value of key 'title' from POST request `request` if exists, else return empty string ''","request.POST.get('title', '')",1563,31,4,20,1
11430863,How to find overlapping matches with a regexp?,find overlapping matches from a string `hello` using regex,"re.findall('(?=(\\w\\w))', 'hello')",1580,31,0,20,0
12005558,Python - find digits in a string,get digits in string `my_string`,""""""""""""".join(c for c in my_string if c.isdigit())",1621,32,5,20,0
12655007,Python: elegant way of creating a list of tuples?,"zip list `a`, `b`, `c` into a list of tuples","[(x + tuple(y)) for x, y in zip(zip(a, b), c)]",1662,33,7,20,1
12791501,Python initializing a list of lists,Initialize a list of empty lists `x` of size 3,x = [[] for i in range(3)],1673,34,7,20,1
14406214,Moving x-axis to the top of a plot in matplotlib,Move x-axis of the pyplot object `ax` to the top of a plot in matplotlib,ax.xaxis.set_ticks_position('top'),1829,38,4,20,1
14734533,How to access pandas groupby dataframe by key,get data of column 'A' and column 'B' in dataframe `df` where column 'A' is equal to 'foo',"df.loc[gb.groups['foo'], ('A', 'B')]",1852,38,3,20,0
15183084,how to create a dictionary using two lists in python?,create a dictionary using two lists`x` and `y`,"dict(zip(x, y))",1900,40,1,20,0
19781609,How do you remove the column name row from a pandas DataFrame?,Exclude column names when writing dataframe `df` to a csv file `filename.csv`,"df.to_csv('filename.csv', header=False)",2223,48,3,20,0
20950650,How to sort Counter by value? - python,reverse sort counter `x` by value,"sorted(list(x.items()), key=lambda pair: pair[1], reverse=True)",2289,49,7,20,1
21771133,finding non-numeric rows in dataframe in pandas?,replace values of dataframe `df` with True if numeric,"df.applymap(lambda x: isinstance(x, (int, float)))",2316,50,3,20,0
22733642,how to write a unicode csv in Python 2.7,how to write a unicode csv in Python 2.7,self.writer.writerow([str(s).encode('utf-8') for s in row]),2361,51,4,20,1
26153795,Python -Remove Time from Datetime String,Format a datetime string `when` to extract date only,"then = datetime.datetime.strptime(when, '%Y-%m-%d').date()",2438,53,2,20,0
28925267,delete every nth row or column in a matrix using Python,delete every 8th column in a numpy array 'a'.,"np.delete(a, list(range(0, a.shape[1], 8)), axis=1)",2504,55,6,20,0
29983106,How can i set proxy with authentication in selenium chrome web driver using python,navigate to webpage given by url `http://www.python.org` using Selenium,driver.get('http://www.google.com.br'),2538,56,4,20,1
31950612,find last occurence of multiple characters in a string in Python,get the largest index of the last occurrence of characters '([{' in string `test_string`,max(test_string.rfind(i) for i in '([{'),2610,58,0,20,0
41313232,delete items from list of list: pythonic way,delete items from list `my_list` if the item exist in list `to_dell`,my_list = [[x for x in sublist if x not in to_del] for sublist in my_list],2834,63,7,20,1
41894454,How to custom sort an alphanumeric list?,custom sort an alphanumeric list `l`,"sorted(l, key=lambda x: x.replace('0', 'Z'))",2851,64,7,20,1
