question_id,intent,rewritten_intent,snippet,idx,time_batch,cluster,gradual_batch,gradual_new
3061,Calling a function of a module from a string with the function's name in Python,calling a function named 'myfunction' in the module,globals()['myfunction'](),9,0,4,57,1
19339,inverse of zip,"unzip list `[('a', 1), ('b', 2), ('c', 3), ('d', 4), ('e', )]`","zip(*[('a', 1), ('b', 2), ('c', 3), ('d', 4), ('e',)])",12,0,7,57,1
51520,How to get an absolute file path in Python,get an absolute file path of file 'mydir/myfile.txt',os.path.abspath('mydir/myfile.txt'),34,0,9,57,1
432842,get the logical xor of two variables,get the logical xor of two variables `str1` and `str2`,return (bool(str1) ^ bool(str2)),190,0,4,57,1
740287,How to check if one of the following items is in a list?,check if any item from list `b` is in list `a`,print(any(x in a for x in b)),301,0,7,57,1
1406145,How do I get rid of Python Tkinter root window?,How do I get rid of Python Tkinter root window?,root.destroy(),457,3,4,57,1
2793324,delete a list element by value,delete the element 6 from list `a`,a.remove(6),660,8,7,57,1
2878084,Sort a list of dicts by dict values,sort a list of dictionary `mylist` by the key `title`,mylist.sort(key=lambda x: x['title']),678,8,1,57,0
3166619,python regex: match a string with only one instance of a character,match regex pattern '\\$[0-9]+[^\\$]*$' on string '$1 off delicious $5 ham.',"re.match('\\$[0-9]+[^\\$]*$', '$1 off delicious $5 ham.')",711,9,0,57,0
3895874,"Regex to match 'lol' to 'lolllll' and 'omg' to 'omggg', etc",Write a regex statement to match 'lol' to 'lolllll'.,"re.sub('l+', 'l', 'lollll')",835,12,0,57,0
3940128,reverse a list,reverse a list `array`,list(reversed(array)),850,13,7,57,1
4112265,How to zip lists in a list,"zip lists `[1, 2], [3, 4], [5, 6]` in a list","zip(*[[1, 2], [3, 4], [5, 6]])",879,13,7,57,1
5255657,How can I disable logging while running unit tests in Python Django?,disable logging while running unit tests in python django,logging.disable(logging.CRITICAL),1052,18,4,57,1
8081545,convert list of tuples to multiple lists in Python,convert list of tuples to multiple lists in Python,"zip(*[(1, 2), (3, 4), (5, 6)])",1279,24,7,57,1
8243188,Inserting a string into a list without getting split into characters,append string `foo` to list `list`,list.append('foo'),1304,24,7,57,1
9962293,Python turning a list into a list of tuples,"create list `done` containing permutations of each element in list `[a, b, c, d]` with variable `x` as tuples","done = [(el, x) for el in [a, b, c, d]]",1461,28,7,57,1
10406130,Check if something is not in a list,"Check if tuple (2, 3) is not in a list [(2, 7), (7, 3), ""hi""]","((2, 3) not in [(2, 7), (7, 3), 'hi'])",1487,29,7,57,1
11361985,Output data from all columns in a dataframe in pandas,Display maximum output data of columns in dataframe `pandas` that will fit into the screen,"pandas.set_option('display.max_columns', None)",1570,31,3,57,0
12717716,Python: updating a large dictionary using another large dictionary,"update dictionary `b`, overwriting values where keys are identical, with contents of dictionary `d`",b.update(d),1666,34,1,57,0
13368659,loop through an IP address range,"loop through the IP address range ""192.168.x.x""","generator = iter_iprange('192.168.1.1', '192.168.255.255', step=1)",1733,35,4,57,1
13480031,How do I zip keys with individual values in my lists in python?,zip keys with individual values in lists `k` and `v`,"[dict(zip(k, x)) for x in v]",1748,36,7,57,1
13557937,How to convert decimal to binary list in python,convert decimal 8 to a list of its binary values,list('{0:0b}'.format(8)),1755,36,5,57,0
13902805,List of all unique characters in a string?,List of all unique characters in a string?,""""""""""""".join(set('aaabcabccd'))",1788,37,0,57,0
14180866,sum each value in a list of tuples,sum each value in a list `l` of tuples,"map(sum, zip(*l))",1811,37,7,57,1
14295673,Convert string into datetime.time object,Convert string '03:55' into datetime.time object,"datetime.datetime.strptime('03:55', '%H:%M').time()",1819,37,2,57,0
15158599,Removing entries from a dictionary based on values,Get a dictionary from a dictionary `hand` where the values are present,"dict((k, v) for k, v in hand.items() if v)",1897,39,1,57,0
16114244,Get contents of entire page using Selenium,Selenium get the entire `driver` page text,driver.page_source,1965,41,4,57,1
17952279,Logarithmic y-axis bins in python,plot a data logarithmically in y axis,"plt.yscale('log', nonposy='clip')",2093,44,4,57,1
20107570,Removing index column in pandas,"write dataframe `df`, excluding index, to a csv file","df.to_csv(filename, index=False)",2245,48,3,57,0
20222485,List comprehension with an accumulator,List comprehension with an accumulator in range of 10,list(accumulate(list(range(10)))),2254,49,7,57,1
23638638,numpy array assignment using slicing,assign an array of floats in range from 0 to 100 to a variable `values`,"values = np.array([i for i in range(100)], dtype=np.float64)",2384,52,5,57,0
25040875,Get a list of values from a list of dictionaries in python,"get a list of values for key ""key"" from a list of dictionaries in `l`",[d['key'] for d in l],2416,53,1,57,0
28767642,How to compare two lists in python,Compare if each value in list `a` is less than respective index value in list `b`,"all(i < j for i, j in zip(a, b))",2499,55,7,57,1
29530232,Python pandas: check if any value is NaN in DataFrame,check if datafram `df` has any NaN vlaues,df.isnull().values.any(),2523,55,3,57,0
29945684,Django - How to simply get domain name?,get domain/host name from request object in Django,request.META['HTTP_HOST'],2537,56,4,57,1
30015665,How to check whether the system is FreeBSD in a python script?,get the platform OS name,platform.system(),2540,56,4,57,1
33435418,How to find the difference between 3 lists that may have duplicate numbers,"Get the difference between two lists `[1, 2, 2, 2, 3]` and `[1, 2]` that may have duplicate values","Counter([1, 2, 2, 2, 3]) - Counter([1, 2])",2646,59,7,57,1
36518800,Sort a list in python based on another sorted list,sort a list `unsorted_list` based on another sorted list `presorted_list`,"sorted(unsorted_list, key=presorted_list.index)",2712,60,7,57,1
39373620,How to get a max string length in nested lists,get the maximum string length in nested list `i`,"len(max(i, key=len))",2760,62,7,57,1
