question_id,intent,rewritten_intent,snippet,idx,time_batch,cluster,gradual_batch,gradual_new
439115,random Decimal in python,generate random Decimal,decimal.Decimal(random.randrange(10000)) / 100,196,0,5,6,0
455612,Limiting floats to two decimal points,print float `a` with two decimal points,print(('%.2f' % a)),204,0,5,6,0
613183,Sort a Python dictionary by value,Sort dictionary `d` by value in descending order,"sorted(d, key=d.get, reverse=True)",246,0,1,6,0
674519,How can I convert a Python dictionary to a list of tuples?,convert dictionary of pairs `d` to a list of tuples,"[(v, k) for k, v in d.items()]",277,0,1,6,0
674764,string find,find the index of sub string 'df' in string 'sdfasdf','sdfasdf'.index('df'),279,0,3,6,0
674764,string find,find the index of sub string 'Aloha' in `x`,x.find('Aloha'),287,0,0,6,0
1592158,Convert hex to float,convert hex string '470FC614' to a float number,"struct.unpack('!f', '470FC614'.decode('hex'))[0]",477,3,5,6,0
3411025,Summarizing a dictionary of arrays in Python,sort dictionary `mydict` in descending order based on the sum of each value in it,"sorted(iter(mydict.items()), key=lambda tup: sum(tup[1]), reverse=True)[:3]",758,10,1,6,0
4296249,How do I convert a hex triplet to an RGB tuple and back?,convert hex triplet string `rgbstr` to rgb tuple,"struct.unpack('BBB', rgbstr.decode('hex'))",912,14,5,6,0
4879641,Python: How to use a list comprehension here?,create a list containing all values associated with key 'baz' in dictionaries of list `foos` using list comprehension,[y['baz'] for x in foos for y in x['bar']],1003,17,1,6,0
6310475,datetime.datetime.now() + 1,add one day and three hours to the present time from datetime.now(),"datetime.datetime.now() + datetime.timedelta(days=1, hours=3)",1135,20,2,6,0
6378889,How to convert a string list into an integer in python,convert string `user_input` into a list of integers `user_list`,"user_list = [int(number) for number in user_input.split(',')]",1140,20,5,6,0
6569528,Python float to int conversion,round off the float that is the product of `2.52 * 100` and convert it to an int,int(round(2.51 * 100)),1159,21,5,6,0
7332841,Add single element to array in numpy,append the first element of array `a` to array `a`,"numpy.append(a, a[0])",1224,22,6,6,0
7356042,Pythonic way to populate numpy array,Create 2D numpy array from the data provided in 'somefile.csv' with each row in the file having same number of values,"X = numpy.loadtxt('somefile.csv', delimiter=',')",1229,22,6,6,0
8650415,get keys correspond to a value in dictionary,Reverse key-value pairs in a dictionary `map`,"dict((v, k) for k, v in map.items())",1344,25,1,6,0
10664430,Python convert long to date,Convert long int `myNumber` into date and time represented in the the string format '%Y-%m-%d %H:%M:%S',datetime.datetime.fromtimestamp(myNumber).strftime('%Y-%m-%d %H:%M:%S'),1513,30,2,6,0
11114358,How do I remove dicts from a list with duplicate fields in python?,Filter duplicate entries w.r.t. value in 'id' from a list of dictionaries 'L',"list(dict((x['id'], x) for x in L).values())",1548,30,1,6,0
11399384,Extract all keys from a list of dictionaries,create a set containing all keys names from list of dictionaries `LoD`,set([i for s in [list(d.keys()) for d in LoD] for i in s]),1575,31,1,6,0
14401047,Numpy - Averaging multiple columns of a 2D array,average each two columns of array `data`,"data.reshape(-1, j).mean(axis=1).reshape(data.shape[0], -1)",1827,38,6,6,0
14524322,How to convert a date string to different format,How to convert a date string '2013-1-25' in format '%Y-%m-%d' to different format '%m/%d/%y',"datetime.datetime.strptime('2013-1-25', '%Y-%m-%d').strftime('%m/%d/%y')",1838,38,2,6,0
17315881,How can I check if a Pandas dataframe's index is sorted,check if a pandas dataframe `df`'s index is sorted,all(df.index[:-1] <= df.index[1:]),2051,43,3,6,0
17462994,Python getting a string (key + value) from Python Dictionary,Get a string with string formatting from dictionary `d`,""""""", """""".join(['{}_{}'.format(k, v) for k, v in d.items()])",2060,44,1,6,0
18116235,Removing letters from a list of both numbers and letters,Get only digits from a string `strs`,""""""""""""".join([c for c in strs if c.isdigit()])",2105,45,0,6,0
18397805,How do I delete a row in a numpy array which contains a zero?,delete all rows in a numpy array `a` where any value in a row is zero `0`,"a[np.all(a != 0, axis=1)]",2127,45,6,6,0
18730044,Converting two lists into a matrix,"converting two lists `[1, 2, 3]` and `[4, 5, 6]` into a matrix","np.column_stack(([1, 2, 3], [4, 5, 6]))",2160,46,6,6,0
19156472,Sorting numpy array on multiple columns in Python,"Sort a structured numpy array 'df' on multiple columns 'year', 'month' and 'day'.","df.sort(['year', 'month', 'day'])",2184,47,3,6,0
19334374,Python - converting a string of numbers into a list of int,"Convert a string of numbers `example_string` separated by `,` into a list of integers","map(int, example_string.split(','))",2192,47,5,6,0
19365513,How to add an extra row to a pandas dataframe,"Add row `['8/19/2014', 'Jun', 'Fly', '98765']` to dataframe `df`","df.loc[len(df)] = ['8/19/2014', 'Jun', 'Fly', '98765']",2193,47,3,6,0
19585280,Convert a row in pandas into list,convert rows in pandas data frame `df` into list,"df.apply(lambda x: x.tolist(), axis=1)",2205,47,3,6,0
24958010,get key by value in dictionary with same value in python?,Get keys from a dictionary 'd' where the value is '1'.,"print([key for key, value in list(d.items()) if value == 1])",2412,53,1,6,0
26081300,Pandas: Subtract row mean from each element in row,Subtract the mean of each row in dataframe `df` from the corresponding row's elements,"df.sub(df.mean(axis=1), axis=0)",2436,53,3,6,0
29218750,What is the best way to remove a dictionary item by value in python?,remove items from dictionary `myDict` if the item's value `val` is equal to 42,"myDict = {key: val for key, val in list(myDict.items()) if val != 42}",2509,55,1,6,0
31793195,Most efficient way to get the integer index of a key in pandas,Get the integer location of a key `bob` in a pandas data frame,df.index.get_loc('bob'),2595,57,3,6,0
31818050,round number to nearest integer,round number 2.0005 up to 3 decimal places,"round(2.0005, 3)",2597,57,5,6,0
31818050,round number to nearest integer,round number 1.005 up to 2 decimal places,"round(1.005, 2)",2606,58,5,6,0
32792874,"Searching if the values on a list is in the dictionary whose format is key-string, value-list(strings)",get list of keys in dictionary `my_dict` whose values contain values from list `lst`,"[key for item in lst for key, value in list(my_dict.items()) if item in value]",2632,58,1,6,0
38331568,Return the column name(s) for a specific value in a pandas dataframe,return the column for value 38.15 in dataframe `df`,"df.ix[:, (df.loc[0] == 38.15)].columns",2740,61,3,6,0
42142756,How can I change a specific row label in a Pandas dataframe?,rename `last` row index label in dataframe `df` to `a`,df = df.rename(index={last: 'a'}),2860,64,3,6,0
