question_id,intent,rewritten_intent,snippet,idx,time_batch,cluster,gradual_batch,gradual_new
19339,inverse of zip,unzip list `original`,"result = ([a for (a, b) in original], [b for (a, b) in original])",10,0,7,48,1
432842,get the logical xor of two variables,get logical xor of `a` and `b`,(bool(a) != bool(b)),193,0,0,48,0
677656,How to extract from a list of objects a list of specific attribute?,extract attribute `my_attr` from each object in list `my_list`,[o.my_attr for o in my_list],288,0,7,48,1
773814,Plot logarithmic axes with matplotlib in python,plot logarithmic axes with matplotlib,ax.set_yscale('log'),325,0,4,48,1
899103,Writing a list to a file with Python,writing items in list `thelist` to file `thefile`,"for item in thelist:
    pass",351,0,9,48,1
952914,Making a flat list out of list of lists,make a flat list from list of lists `list2d`,list(itertools.chain.from_iterable(list2d)),380,1,7,48,1
1222677,List Comprehensions in Python : efficient selection in a list,create a list containing elements from list `list` that are predicate to function `f`,[f(x) for x in list],433,2,7,48,1
1482308,what's a good way to combinate through a set?,create a list with permutations of string 'abcd',list(powerset('abcd')),464,3,7,48,1
1747817,Create a dictionary with list comprehension,Create a dictionary `d` from list `iterable`,"d = dict(((key, value) for (key, value) in iterable))",498,4,1,48,0
2545397,Converting a string into a list in Python,append each line in file `myfile` into a list,[x for x in myfile.splitlines() if x != ''],613,7,9,48,1
2545397,Converting a string into a list in Python,Get a list of integers `lst` from a file `filename.txt`,"lst = map(int, open('filename.txt').readlines())",614,7,9,48,1
2918362,writing string to a file on a new line everytime?,Write a string `My String` to a file `file` including new line character,file.write('My String\n'),683,8,9,48,1
3061761,Numpy array dimensions,get the dimensions of array `a`,N.shape(a),699,9,6,48,0
4706499,append to a file,"append line ""cool beans..."" to file ""foo""","with open('foo', 'a') as f:
    f.write('cool beans...')",978,16,9,48,1
4843173,How to check if type of a variable is string?,check if type of variable `s` is a string,"isinstance(s, str)",999,16,0,48,0
5022066,How to serialize SqlAlchemy result to JSON?,serialise SqlAlchemy RowProxy object `row` to a json object,json.dumps([dict(list(row.items())) for row in rs]),1028,17,4,48,1
5844672,Delete an element from a dictionary,"Delete an element ""hello"" from a dictionary `lol`",lol.pop('hello'),1096,19,1,48,0
8244915,How do you divide each element in a list by an int?,divide each element in list `myList` by integer `myInt`,myList[:] = [(x / myInt) for x in myList],1305,24,7,48,1
8671702,Passing list of parameters to SQL in psycopg2,"pass a list of parameters `((1, 2, 3),) to sql queue 'SELECT * FROM table WHERE column IN %s;'","cur.mogrify('SELECT * FROM table WHERE column IN %s;', ((1, 2, 3),))",1347,25,7,48,1
9138112,Looping over a list in Python,loop over a list `mylist` if sublists length equals 3,[x for x in mylist if len(x) == 3],1390,26,7,48,1
10941229,Convert list of tuples to list?,flatten list of tuples `a`,list(chain.from_iterable(a)),1532,30,7,48,1
11303238,Finding recurring patterns in a string,find recurring patterns in a string '42344343434',"re.findall('^(.+?)((.+)\\3+)$', '42344343434')[0][:-1]",1561,31,0,48,0
12345387,Removing _id element from Pymongo results,Find all records from collection `collection` without extracting mongo id `_id`,"db.collection.find({}, {'_id': False})",1643,33,4,48,1
12808420,split items in list,Create new list `result` by splitting each item in list `words`,"result = [item for word in words for item in word.split(',')]",1675,34,7,48,1
14050824,Add SUM of values of two LISTS into new LIST,sum each element `x` in list `first` with element `y` at the same index in list `second`.,"[(x + y) for x, y in zip(first, second)]",1804,37,7,48,1
16739319,Selenium Webdriver - NoSuchElementExceptions,selenium webdriver switch to frame 'frameName',driver.switch_to_frame('frameName'),2001,42,4,48,1
17166601,Summing across rows of Pandas Dataframe,Summing across rows of Pandas Dataframe,"df.groupby(['stock', 'same1', 'same2'])['positions'].sum().reset_index()",2042,43,3,48,0
17238587,python regular expression to remove repeated words,Remove duplicate words from a string `text` using regex,"text = re.sub('\\b(\\w+)( \\1\\b)+', '\\1', text)",2046,43,0,48,0
18079563,Finding the intersection between two series in Pandas,find intersection data between series `s1` and series `s2`,pd.Series(list(set(s1).intersection(set(s2)))),2102,45,7,48,1
18470323,How to select only specific columns from a DataFrame with MultiIndex columns?,select only specific columns 'a' and 'c' from a dataframe 'data' with multiindex columns,"data.loc[:, ([('one', 'a'), ('one', 'c'), ('two', 'a'), ('two', 'c')])]",2133,45,3,48,0
18637651,Most pythonic way to convert a list of tuples,to convert a list of tuples `list_of_tuples` into list of lists,[list(t) for t in zip(*list_of_tuples)],2147,46,7,48,1
21104592,JSON to pandas DataFrame,read json `elevations` to pandas dataframe `df`,pd.read_json(elevations),2295,50,3,48,0
23797491,Parse_dates in Pandas,convert date strings in pandas dataframe column`df['date']` to pandas timestamps using the format '%d%b%Y',"df['date'] = pd.to_datetime(df['date'], format='%d%b%Y')",2388,52,2,48,0
27175400,How to find the index of a value in 2d array in Python?,find all the indexes in a Numpy 2D array where the value is 1,zip(*np.where(a == 1)),2458,54,6,48,0
28667684,Python Requests getting SSLerror,request url 'https://www.reporo.com/' without verifying SSL certificates,"requests.get('https://www.reporo.com/', verify=False)",2494,55,4,48,1
38831808,Reading hex to double-precision float python,unpack the binary data represented by the hexadecimal string '4081637ef7d0424a' to a float,"struct.unpack('d', binascii.unhexlify('4081637ef7d0424a'))",2749,61,5,48,0
39159475,pandas: how to do multiple groupby-apply operations,"Use multiple groupby and agg operations `sum`, `count`, `std` for pandas data frame `df`","df.groupby(level=0).agg(['sum', 'count', 'std'])",2753,61,3,48,0
39299703,How to check if character exists in DataFrame cell,check if character '-' exists in a dataframe `df` cell 'a',df['a'].str.contains('-'),2758,62,3,48,0
41821112,How can I sum the product of two list items using for loop in python?,sum the products of each two elements at the same index of list `a` and list `b`,"list(x * y for x, y in list(zip(a, b)))",2847,64,7,48,1
