question_id,intent,rewritten_intent,snippet,idx,time_batch,cluster,gradual_batch,gradual_new
82831,check whether a file exists,"check whether file ""/path/to/file"" exists","my_file = Path('/path/to/file')
if my_file.is_file():
    pass",47,0,9,44,1
237079,get file creation & modification date/times in,get modification time of file `path`,os.path.getmtime(path),102,0,9,44,1
455612,Limiting floats to two decimal points,print float `a` with two decimal points,print(('{0:.2f}'.format(a))),205,0,5,44,0
517355,String formatting in Python,"print '[1, 2, 3]'","print('[%s, %s, %s]' % (1, 2, 3))",220,0,7,44,1
587647,How to increment a value with leading zeroes?,increment a value with leading zeroes in a number `x`,str(int(x) + 1).zfill(len(x)),241,0,5,44,0
775296,Python MySQL Parameterized Queries,MySQL execute query 'SELECT * FROM foo WHERE bar = %s AND baz = %s' with parameters `param1` and `param2`,"c.execute('SELECT * FROM foo WHERE bar = %s AND baz = %s', (param1, param2))",326,0,4,44,1
1807026,Initialize a list of objects in Python,initialize a list `lst` of 100 objects Object(),lst = [Object() for _ in range(100)],508,4,7,44,1
2212433,Counting the Number of keywords in a dictionary in python,get number of keys in dictionary `yourdict`,len(list(yourdict.keys())),572,5,1,44,0
2497027,read a binary file (python),read a binary file 'test/test.pdf',"f = open('test/test.pdf', 'rb')",607,6,9,44,1
2600191,count the occurrences of a list item,count the occurrences of items in list `l`,"[[x, l.count(x)] for x in set(l)]",625,7,7,44,1
3398589,Sorting a list of lists in Python,Sorting a list of lists in Python,"c2.sort(key=lambda row: (row[2], row[1], row[0]))",755,10,7,44,1
4231345,Zip and apply a list of functions over a list of values in Python,apply a list of functions named 'functions' over a list of values named 'values',"[x(y) for x, y in zip(functions, values)]",899,14,7,44,1
4338032,replacing all regex matches in single line,"match string 'this is my string' with regex '\\b(this|string)\\b'
then replace it with regex '<markup>\\1</markup>'","re.sub('\\b(this|string)\\b', '<markup>\\1</markup>', 'this is my string')",920,14,0,44,0
4641765,Add to integers in a list,insert 77 to index 2 of list `x`,"x.insert(2, 77)",959,15,7,44,1
4901483,How to apply django/jinja2 template filters 'escape' and 'linebreaks' correctly?,apply jinja2 filters `forceescape` and `linebreaks` on variable `my_variable`,{{my_variable | forceescape | linebreaks}},1006,17,4,44,1
5137497,Find current directory,Find name of current directory,dir_path = os.path.dirname(os.path.realpath(__file__)),1036,17,9,44,1
7125009,How to change legend size with matplotlib.pyplot,change legend font size with matplotlib.pyplot to 6,"plot.legend(loc=2, prop={'size': 6})",1194,21,4,44,1
7373219,Attribute getters in python,get attribute 'attr' from object `obj`,"getattr(obj, 'attr')",1234,22,4,44,1
7429118,how to get all the values from a numpy array excluding a certain index?,get all the values from a numpy array `a` excluding index 3,a[np.arange(len(a)) != 3],1236,22,6,44,0
7852855,How to convert a Python datetime object to seconds,"convert datetime object `(1970, 1, 1)` to seconds","(t - datetime.datetime(1970, 1, 1)).total_seconds()",1263,23,2,44,0
8243188,Inserting a string into a list without getting split into characters,insert string `foo` at position `0` of list `list`,"list.insert(0, 'foo')",1303,24,7,44,1
8704952,How to convert a tuple to a string in Python?,convert a set of tuples `queryresult` to a string `emaillist`,emaillist = '\n'.join(item[0] for item in queryresult),1353,25,7,44,1
10351772,converting list of string to list of integer,converting list of strings `intstringlist` to list of integer `nums`,nums = [int(x) for x in intstringlist],1481,29,5,44,0
11280536,How can I add the corresponding elements of several lists of numbers?,sum elements at the same index of each list in list `lists`,"map(sum, zip(*lists))",1558,31,7,44,1
12141150,"from list of integers, get number closest to a given value",get number in list `myList` closest in value to number `myNumber`,"min(myList, key=lambda x: abs(x - myNumber))",1625,32,7,44,1
15247628,How to find duplicate names using pandas?,find duplicate names in column 'name' of the dataframe `x`,x.set_index('name').index.get_duplicates(),1902,40,3,44,0
15819980,Calculate mean across dimension in a 2D array,calculate mean across dimension in a 2d array `a`,"np.mean(a, axis=1)",1945,41,6,44,0
19729928,Python sort a List by length of value in tuple,sort a list `l` by length of value in tuple,"l.sort(key=lambda t: len(t[1]), reverse=True)",2218,48,7,44,1
21684346,How to display a pdf that has been downloaded in python,display a pdf  file that has been downloaded as `my_pdf.pdf`,webbrowser.open('file:///my_pdf.pdf'),2314,50,9,44,1
23931444,Selenium open pop up window [Python],"Selenium `driver` click a hyperlink with the pattern ""a[href^='javascript']""","driver.find_element_by_css_selector(""a[href^='javascript']"").click()",2396,52,4,44,1
24659239,How to change QPushButton text and background color,set text color as `red` and background color as `#A3C1DA` in qpushbutton,setStyleSheet('QPushButton {background-color: #A3C1DA; color: red;}'),2408,53,4,44,1
25817930,Fastest way to sort each row in a pandas dataframe,sort each row in a pandas dataframe `df` in descending order,"df.sort(axis=1, ascending=False)",2431,53,3,44,0
30546889,"Python list of dicts, get max value index",get dictionary with max value of key 'size' in list of dicts `ld`,"max(ld, key=lambda d: d['size'])",2553,56,1,44,0
32675861,Copy all values in a column to a new column in a pandas dataframe,copy all values in a column 'B' to a new column 'D' in a pandas data frame 'df',df['D'] = df['B'],2627,58,3,44,0
32722143,Flask application traceback doesn't show up in server log,run flask application `app` in debug mode.,app.run(debug=True),2628,58,4,44,1
35253971,"How to check if all values of a dictionary are 0, in Python?",check if all values of a dictionary `your_dict` are zero `0`,all(value == 0 for value in list(your_dict.values())),2689,60,1,44,0
39353758,pandas pivot table of sales,pivot dataframe `df` so that values for `upc` become column headings and values for `saleid` become the index,"df.pivot_table(index='saleid', columns='upc', aggfunc='size', fill_value=0)",2759,62,3,44,0
41246071,How can I start a Python thread FROM C++?,Spawn a process to run python script `myscript.py` in C++,system('python myscript.py'),2831,63,4,44,1
42387471,How to add a colorbar for a hist2d plot,add a colorbar to plot `plt` using image `im` on axes `ax`,"plt.colorbar(im, ax=ax)",2870,64,4,44,1
