question_id,intent,rewritten_intent,snippet,idx,time_batch,cluster,gradual_batch,gradual_new
123198,copy a file,"copy file ""/dir/file.ext"" to ""/new/dir/newname.ext""","shutil.copy2('/dir/file.ext', '/new/dir/newname.ext')",73,0,9,15,1
180606,How do I convert a list of ascii values to a string in python?,convert a list `L` of ascii values to a string,""""""""""""".join(chr(i) for i in L)",83,0,7,15,1
307305,Play a Sound with Python,play the wav file 'sound.wav',"winsound.PlaySound('sound.wav', winsound.SND_FILENAME)",137,0,9,15,1
510348,make a time delay,make a 0.1 seconds time delay,time.sleep(0.1),215,0,4,15,1
638048,How do I sum the first value in each tuple in a list of tuples in Python?,How do I sum the first value in each tuple in a list of tuples in Python?,sum([pair[0] for pair in list_of_pairs]),255,0,7,15,1
674764,string find,find the index of sub string 'g' in string `str`,str.find('g'),286,0,0,15,0
1024847,Add key to a dictionary,Add key 'a' to dictionary `data` with value 1,"data.update({'a': 1, })",400,1,1,15,0
1388818,How can I compare two lists in python and return matches,compare two lists in python `a` and `b` and return matches,set(a).intersection(b),448,2,7,15,1
1712227,get the size of a list,get the size of object `items`,items.__len__(),489,3,4,15,1
1920145,How to find duplicate elements in array using for loop in Python?,Get all the keys from dictionary `y` whose value is `1`,[i for i in y if y[i] == 1],523,4,1,15,0
1949318,Checking if a website is up,"Check the status code of url ""www.python.org""","conn = httplib.HTTPConnection('www.python.org')
conn.request('HEAD', '/')
r1 = conn.getresponse()
print(r1.status, r1.reason)",528,4,4,15,1
2212433,Counting the Number of keywords in a dictionary in python,count the number of keys in dictionary `yourdictfile`,len(set(open(yourdictfile).read().split())),573,5,1,15,0
2231663,Slicing a list into a list of sub-lists,"get a list of tuples of every three consecutive items in list `[1, 2, 3, 4, 5, 6, 7, 8, 9]`","list(zip(*((iter([1, 2, 3, 4, 5, 6, 7, 8, 9]),) * 3)))",576,6,7,15,1
2793324,delete a list element by value,delete the element 6 from list `a`,a.remove(6),664,8,7,15,1
3457673,"Elegant way to create a dictionary of pairs, from a list of tuples?",create a dictionary of pairs from a list of tuples `myListOfTuples`,dict(x[1:] for x in reversed(myListOfTuples)),767,10,1,15,0
3989016,How to find all positions of the maximum value in a list?,get index of the first biggest element in list `a`,a.index(max(a)),863,13,7,15,1
4116061,Importing everything ( * ) dynamically from a module,import all classes from module `some.package`,globals().update(importlib.import_module('some.package').__dict__),880,13,4,15,1
4174941,sort a list of lists by a specific index,"sort a list of lists `list_to_sort` by indices 2,0,1 of the inner list","sorted_list = sorted(list_to_sort, key=itemgetter(2, 0, 1))",892,14,7,15,1
4830535,Python: How do I format a date in Jinja2?,Jinja parse datetime object `car.date_of_manufacture` to use format pattern `datetime`,{{car.date_of_manufacture | datetime}},995,16,2,15,0
6856119,Can I use an alias to execute a program from a python script,execute command 'source .bashrc; shopt -s expand_aliases; nuke -x scriptPath' from python script,os.system('source .bashrc; shopt -s expand_aliases; nuke -x scriptPath'),1180,21,9,15,1
8177079,take the content of a list and append it to another list,append list `a` to `c`,c.extend(a),1289,24,7,15,1
10346336,List of lists into numpy array,List of lists into numpy array,"numpy.array([[1, 2], [3, 4]])",1480,29,6,15,0
10668585,How to get max value in django ORM,Django get maximum value associated with field 'added' in model `AuthorizedEmail`,AuthorizedEmail.objects.filter(group=group).order_by('-added')[0],1516,30,4,15,1
11041411,How to write/read a Pandas DataFrame with MultiIndex from/to an ASCII file?,export a pandas data frame `df` to a file `mydf.tsv` and retain the indices,"df.to_csv('mydf.tsv', sep='\t')",1543,30,3,15,0
11692613,Python - sum values in dictionary,Get all the values in key `gold` summed from a list of dictionary `myLIst`,sum(item['gold'] for item in myLIst),1593,32,1,15,0
12310141,Python counting elements of a list within a list,check if all lists in list `L` have three elements of integer 1,all(x.count(1) == 3 for x in L),1637,33,7,15,1
13395888,How can I get the color of the last figure in matplotlib?,"make a line plot with errorbars, `ebar`, from data `x, y, err` and set color of the errorbars to `y` (yellow)","ebar = plt.errorbar(x, y, yerr=err, ecolor='y')",1738,35,4,15,1
14661701,How to drop a list of rows from Pandas dataframe?,"drop rows whose index value in list `[1, 3]` in dataframe `df`","df.drop(df.index[[1, 3]], inplace=True)",1847,38,3,15,0
15459217,how to set cookie in python mechanize,"Add header `('Cookie', 'cookiename=cookie value')` to mechanize browser `br`","br.addheaders = [('Cookie', 'cookiename=cookie value')]",1928,40,4,15,1
18168684,Parsing XML in Python with regex,search for occurrences of regex pattern '>.*<' in xml string `line`,"print(re.search('>.*<', line).group(0))",2110,45,0,15,0
18292500,Python logging typeerror,Log message 'test' on the root logger.,logging.info('test'),2119,45,4,15,1
18453566,Python dictionary: Get list of values for list of keys,get list of values from dictionary 'mydict' w.r.t. list of keys 'mykeys',[mydict[x] for x in mykeys],2130,45,1,15,0
19745091,Accessing dictionary by key in Django template,lookup dictionary key `key1` in Django template `json`,{{json.key1}},2220,48,1,15,0
26640145,Python Pandas: How to get the row names from index of a dataframe?,get the row names from index in a pandas data frame,df.index,2445,53,3,15,0
32191029,Getting the indices of several elements in a NumPy array at once,Get the indices in array `b` of each element appearing in array `a`,"np.in1d(b, a).nonzero()[0]",2615,58,6,15,0
36402748,How to sort a Dataframe by the ocurrences in a column in Python (pandas),How to sort a Dataframe by the ocurrences in a column in Python (pandas),"df.groupby('prots').sum().sort('scores', ascending=False)",2710,60,3,15,0
39381222,How to print/show an expression in rational number form in python,print a rational number `3/2`,print('\n\x1b[4m' + '3' + '\x1b[0m' + '\n2'),2762,62,5,15,0
41923906,Align numpy array according to another array,align values in array `b` to the order of corresponding values in array `a`,"a[np.in1d(a, b)]",2854,64,6,15,0
42364593,Python - Move elements in a list of dictionaries to the end of the list,move dictionaries in list `lst` to the end of the list if value of key 'language' in each dictionary is not equal to 'en',"sorted(lst, key=lambda x: x['language'] != 'en')",2868,64,1,15,0
