question_id,intent,rewritten_intent,snippet,idx,time_batch,cluster,gradual_batch,gradual_new
319426,case insensitive string comparison,case insensitive string comparison between `string1` and `string2`,(string1.lower() == string2.lower()),144,0,0,7,0
508657,Multidimensional array in Python,Create multidimensional array `matrix` with 3 rows and 2 columns in python,"matrix = [[a, b], [c, d], [e, f]]",212,0,6,7,0
613183,Sort a Python dictionary by value,Sort dictionary `d` by value in ascending order,"sorted(list(d.items()), key=(lambda x: x[1]))",249,0,1,7,0
903853,How do you extract a column from a multi-dimensional array?,extract first column from a multi-dimensional array `a`,[row[0] for row in a],360,0,6,7,0
1024847,Add key to a dictionary,"Add key ""mynewkey"" to dictionary `d` with value ""mynewvalue""",d['mynewkey'] = 'mynewvalue',401,1,1,7,0
1780174,Split dictionary of lists into list of dictionaries,Split dictionary of lists into list of dictionaries,"map(dict, zip(*[[(k, v) for v in value] for k, value in list(d.items())]))",504,4,1,7,0
2233917,How to input an integer tuple from user?,input a tuple of integers from user,"tuple(int(x.strip()) for x in input().split(','))",579,6,5,7,0
2878084,Sort a list of dicts by dict values,"sort a list of dictionaries by the value of keys 'title', 'title_url', 'id' in ascending order.","l.sort(key=lambda x: (x['title'], x['title_url'], x['id']))",677,8,1,7,0
3262437,Finding missing values in a numpy array,get the non-masked values of array `m`,m[~m.mask],724,9,6,7,0
3961581,"In Python, how to display current time in readable format",display current time in readable format,"time.strftime('%l:%M%p %z on %b %d, %Y')",857,13,2,7,0
4928274,Iterate through PyMongo Cursor as key-value pair,get a dictionary `records` of key-value pairs in PyMongo cursor `cursor`,"records = dict((record['_id'], record) for record in cursor)",1018,17,1,7,0
5508352,Indexing numpy array with another numpy array,Get index of numpy array `a` with another numpy array `b`,a[tuple(b)],1075,18,6,7,0
7271482,python getting a list of value from list of dict,python getting a list of value from list of dict,[d['value'] for d in l],1216,22,1,7,0
7571635,check if a value exist in a list,check if 7 is in `a`,(7 in a),1243,23,0,7,0
8122079,Python: How to check a string for substrings from a list?,check if any element of list `substring_list` are in string `string`,any(substring in string for substring in substring_list),1282,24,0,7,0
8380389,how to get day name in datetime in python,Get day name from a datetime object,date.today().strftime('%A'),1324,25,2,7,0
8777753,Converting datetime.date to UTC timestamp in Python,convert datetime.date `dt` to utc timestamp,"timestamp = (dt - datetime(1970, 1, 1)).total_seconds()",1362,26,2,7,0
9849192,sorting values of python dict using sorted builtin function,reverse sort items in dictionary `mydict` by value,"sorted(iter(mydict.items()), key=itemgetter(1), reverse=True)",1453,28,1,7,0
10592674,"Updating a list of python dictionaries with a key, value pair from another list",update a list `l1` dictionaries with a key `count` and value from list `l2`,"[dict(d, count=n) for d, n in zip(l1, l2)]",1508,29,1,7,0
10677350,Convert float to comma-separated string,Convert float 24322.34 to comma-separated string,"""""""{0:,.2f}"""""".format(24322.34)",1519,30,5,7,0
11840111,Divide the values of two dictionaries in python,divide values associated with each key in dictionary `d1` from values associated with the same key in dictionary `d2`,"dict((k, float(d2[k]) / d1[k]) for k in d2)",1612,32,1,7,0
13840883,Use of findall and parenthesis in Python,Find all words containing letters between A and Z in string `formula`,"re.findall('\\b[A-Z]', formula)",1782,36,0,7,0
14043934,time offset,subtract 1 hour and 10 minutes from time object `t`,"(t - datetime.timedelta(hours=1, minutes=10))",1802,37,2,7,0
15411107,Delete a dictionary item if the key exists,"Delete an item with key ""key"" from `mydict`","mydict.pop('key', None)",1923,40,1,7,0
17284947,regex to get all text outside of brackets,get all text that is not enclosed within square brackets in string `example_str`,"re.findall('(.*?)\\[.*?\\]', example_str)",2048,43,0,7,0
17665809,Remove key from dictionary in Python returning new dictionary,remove key 'c' from dictionary `d`,{i: d[i] for i in d if i != 'c'},2074,44,1,7,0
17960441,"in Numpy, how to zip two 2-D arrays?",join each element in array `a` with element at the same index in array `b` as a tuple,"np.array([zip(x, y) for x, y in zip(a, b)])",2094,44,6,7,0
18695605,python pandas dataframe to dictionary,convert pandas DataFrame `df` to a dictionary using `id` field as the key,df.set_index('id').to_dict(),2155,46,3,7,0
21022865,Pandas: Elementwise multiplication of two dataframes,create a dataframe containing the multiplication of element-wise in dataframe `df` and dataframe `df2` using index name and column labels of dataframe `df`,"pd.DataFrame(df.values * df2.values, columns=df.columns, index=df.index)",2294,50,3,7,0
21887754,numpy concatenate two arrays vertically,numpy concatenate two arrays `a` and `b` along the first axis,"np.array((a, b))",2330,51,6,7,0
24189150,Pandas writing dataframe to other postgresql schema,write records in dataframe `df` to table 'test' in schema 'a_schema',"df.to_sql('test', engine, schema='a_schema')",2401,52,3,7,0
25823608,Find matching rows in 2 dimensional numpy array,"find rows matching `(0,1)` in a 2 dimensional numpy array `vals`","np.where((vals == (0, 1)).all(axis=1))",2432,53,6,7,0
27868020,How to subset a data frame using Pandas based on a group criteria?,Get data from dataframe `df` where column 'X' is equal to 0,df.groupby('User')['X'].transform(sum) == 0,2475,54,3,7,0
29881993,How can I access elements inside a list within a dictionary python?,"join together with "","" elements inside a list indexed with 'category' within a dictionary `trans`",""""""","""""".join(trans['category'])",2534,56,1,7,0
38549915,Merging data frame columns of strings into one single column in Pandas,Merge all columns in dataframe `df` into one column,"df.apply(' '.join, axis=0)",2746,61,3,7,0
38708621,How to calculate percentage of sparsity for a numpy array/matrix?,calculate ratio of sparsity in a numpy array `a`,np.isnan(a).sum() / np.prod(a.shape),2748,61,6,7,0
38862349,Regex: How to match words without consecutive vowels?,Create a list containing words that contain vowel letter followed by the same vowel in file 'file.text',"[w for w in open('file.txt') if not re.search('[aeiou]{2}', w)]",2750,61,0,7,0
40987319,How to subset a dataset in pandas dataframe?,extract the first four rows of the column `ID` from a pandas dataframe `df`,df.groupby('ID').head(4),2821,63,3,7,0
41807864,Regex matching 5-digit substrings not enclosed with digits,regex matching 5-digit substrings not enclosed with digits in `s`,"re.findall('(?<!\\d)\\d{5}(?!\\d)', s)",2845,64,0,7,0
