question_id,intent,rewritten_intent,snippet,idx,time_batch,cluster,gradual_batch,gradual_new
19339,inverse of zip,"unzip the list `[('a', 1), ('b', 2), ('c', 3), ('d', 4)]`","zip(*[('a', 1), ('b', 2), ('c', 3), ('d', 4)])",15,0,7,52,1
276052,get current CPU and RAM usage,print cpu and memory usage,"print((psutil.cpu_percent()))
print((psutil.virtual_memory()))",130,0,4,52,1
739993,get a list of locally installed Python modules,get a list of locally installed Python modules,help('modules'),300,0,4,52,1
940822,"Regular expression syntax for ""match nothing""?",regular expression match nothing,re.compile('$^'),377,0,0,52,0
1179305,Expat parsing in python 3,Parse a file `sample.xml` using expat parsing in python 3,"parser.ParseFile(open('sample.xml', 'rb'))",420,2,9,52,1
1303243,find out if a Python object is a string,check if object `o` is a string,"isinstance(o, str)",443,2,0,52,0
1456617,Return a random word from a word list in python,return a random word from a word list 'words',print(random.choice(words)),463,3,7,52,1
1780174,Split dictionary of lists into list of dictionaries,create a list where each element is a dictionary with keys 'key1' and 'key2' and values corresponding to each value in the lists referenced by keys 'key1' and 'key2' in dictionary `d`,"[{'key1': a, 'key2': b} for a, b in zip(d['key1'], d['key2'])]",503,4,1,52,0
1810743,How to set the current working directory in Python?,set the current working directory to path `path`,os.chdir(path),510,4,9,52,1
2052390,Manually raising (throwing) an exception,"throw an assertion error with message ""Unexpected value of 'distance'!"", distance","raise AssertionError(""Unexpected value of 'distance'!"", distance)",541,5,4,52,1
2276416,Extending a list of lists in Python?,create list `y` containing two empty lists,y = [[] for n in range(2)],583,6,7,52,1
3365673,How to throw an error window in Python in Windows,throw an error window in python in windows,"ctypes.windll.user32.MessageBoxW(0, 'Error', 'Error', 0)",751,10,4,52,1
4233476,Sort a list by multiple attributes?,sort a list of lists `s` by second and third element in each list.,"s.sort(key=operator.itemgetter(1, 2))",901,14,7,52,1
4618373,How do I use the HTMLUnit driver with Selenium from Python?,Load the url `http://www.google.com` in selenium webdriver `driver`,driver.get('http://www.google.com'),954,15,4,52,1
4642501,How to sort dictionaries by keys in Python,get sorted list of keys of dict `d`,sorted(d),961,15,1,52,0
4644025,Python how to sort this list?,Sort a list 'lst' in descending order.,"sorted(lst, reverse=True)",963,15,7,52,1
5306756,how to show Percentage in python,display the float `1/3*100` as a percentage,print('{0:.0f}%'.format(1.0 / 3 * 100)),1057,18,5,52,0
5971312,How to set environment variables in Python,set environment variable 'DEBUSSY' equal to 1,os.environ['DEBUSSY'] = '1',1113,19,4,52,1
6018916,Find max length of each column in a list of lists,Get the value with the maximum length in each column in array `foo`,[max(len(str(x)) for x in line) for line in zip(*foo)],1118,19,6,52,0
6278847,Is it possible to kill a process on Windows from within Python?,kill a process `make.exe` from python script on windows,os.system('taskkill /im make.exe'),1132,20,4,52,1
11924135,How to use Beautiful Soup to find a tag with changing id?,select `div` tags whose `id`s begin with `value_xxx_c_1_f_8_a_`,"soup.select('div[id^=""value_xxx_c_1_f_8_a_""]')",1618,32,4,52,1
12777222,How can I zip file with a flattened directory structure using Zipfile in Python?,zip file `pdffile` using its basename as directory name,"archive.write(pdffile, os.path.basename(pdffile))",1672,34,9,52,1
13384841,swap values in a tuple/list inside a list in python?,swap values in a tuple/list inside a list `mylist`,"map(lambda t: (t[1], t[0]), mylist)",1736,35,7,52,1
13668393,python sorting two lists,sort two lists `list1` and `list2` together using lambda function,"[list(x) for x in zip(*sorted(zip(list1, list2), key=lambda pair: pair[0]))]",1769,36,7,52,1
13838405,Custom sorting in pandas dataframe,sort column `m` in panda dataframe `df`,df.sort('m'),1780,36,3,52,0
15907200,How to add a header to a csv file in Python?,add a header to a csv file,writer.writeheader(),1955,41,9,52,1
17484631,Format string - spaces between every three digit,"insert ' ' between every three digit before '.' and replace ',' with '.' in 12345678.46","format(12345678.46, ',').replace(',', ' ').replace('.', ',')",2063,44,5,52,0
20677660,python string format() with dict with integer keys,format string with dict `{'5': 'you'}` with integer keys,'hello there %(5)s' % {'5': 'you'},2275,49,1,52,0
21899953,How to set window size using phantomjs and selenium webdriver in python,"Set a window size to `1400, 1000` using selenium webdriver","driver.set_window_size(1400, 1000)",2334,51,4,52,1
22086116,how do you filter pandas dataframes by multiple columns,create dataframe `males` containing data of dataframe `df` where column `Gender` is equal to 'Male' and column `Year` is equal to 2014,males = df[(df[Gender] == 'Male') & (df[Year] == 2014)],2338,51,3,52,0
23668427,pandas joining multiple dataframes on columns,"join multiple dataframes `d1`, `d2`, and `d3` on column 'name'","df1.merge(df2, on='name').merge(df3, on='name')",2385,52,3,52,0
26033239,List of objects to JSON with Python,convert a list of objects `list_name` to json string `json_string`,json_string = json.dumps([ob.__dict__ for ob in list_name]),2434,53,7,52,1
28773683,Combine two Pandas dataframes with the same index,Combine two Pandas dataframes with the same index,"pandas.concat([df1, df2], axis=1)",2501,55,3,52,0
31743603,Create a list of integers with duplicate values in Python,create a list of integers from 1 to 5 with each value duplicated,[(i // 2) for i in range(10)],2590,57,7,52,1
31818050,round number to nearest integer,round number `h` to nearest integer,h = int(round(h)),2600,57,5,52,0
32792602,Find string with regular expression in python,search for occurrences of regex pattern `pattern` in string `url`,print(pattern.search(url).group(1)),2631,58,0,52,0
34543513,Find maximum with limited length in a list,find maximum with lookahead = 4 in a list `arr`,"[max(abs(x) for x in arr[i:i + 4]) for i in range(0, len(arr), 4)]",2670,59,7,52,1
40133826,Python save list and read data from file,python save list `mylist` to file object 'save.txt',"pickle.dump(mylist, open('save.txt', 'wb'))",2786,62,9,52,1
41071947,How to remove the space between subplots in matplotlib.pyplot?,remove the space between subplots in matplotlib.pyplot,"fig.subplots_adjust(wspace=0, hspace=0)",2824,63,4,52,1
