question_id,intent,rewritten_intent,snippet,idx,time_batch,cluster,gradual_batch,gradual_new
364519,iterate over a dictionary in sorted order,iterate over a dictionary `dict` in sorted order,return iter(sorted(dict.items())),160,0,1,3,0
415511,get current time,get current time,datetime.datetime.now().time(),186,0,2,3,0
518021,Getting the length of an array,Getting the length of array `s`,len(s),225,0,6,3,0
579856,What's the Pythonic way to combine two sequences into a dictionary?,combine two sequences into a dictionary,"dict(zip(keys, values))",237,0,1,3,0
715550,Best way to encode tuples with json,"serialize dictionary `d` as a JSON formatted string with each key formatted to pattern '%d,%d'","simplejson.dumps(dict([('%d,%d' % k, v) for k, v in list(d.items())]))",294,0,1,3,0
974678,How to create single Python dict from a list of dicts by summing values with common keys?,create a flat dictionary by summing values associated with similar keys in each dictionary of list `dictlist`,"dict((key, sum(d[key] for d in dictList)) for key in dictList[0])",390,1,1,3,0
1602934,Check if a given key already exists in a dictionary,Check if a given key `key` exists in dictionary `d`,"if (key in d):
    pass",479,3,1,3,0
1966207,Converting NumPy array into Python List structure?,convert numpy array into python list structure,"np.array([[1, 2, 3], [4, 5, 6]]).tolist()",532,4,6,3,0
2606976,How to replace empty string with zero in comma-separated string?,"split string `s` into a list of strings based on ',' then replace empty strings with zero",""""""","""""".join(x or '0' for x in s.split(','))",632,7,8,3,0
3294889,Iterating over dictionaries using for loops,Iterating over a dictionary `d` using for loops,"for (key, value) in list(d.items()):
    pass",741,10,1,3,0
3296499,Case insensitive dictionary search with Python,convert keys in dictionary `thedict` into case insensitive,theset = set(k.lower() for k in thedict),744,10,1,3,0
3590165,Joining a list that has Integer values with Python,print a list of integers `list_of_ints` using string formatting,"print(', '.join(str(x) for x in list_of_ints))",793,11,5,3,0
4484690,How to filter a dictionary in Python?,Filter a dictionary `d` to remove keys with value None and replace other values with 'updated',"dict((k, 'updated') for k, v in d.items() if v is None)",939,15,1,3,0
4690366,Creating a list from a Scipy matrix,"create a matrix from a list `[1, 2, 3]`","x = scipy.matrix([1, 2, 3]).transpose()",972,16,6,3,0
4830535,Python: How do I format a date in Jinja2?,Get the date object `date_of_manufacture` of object `car` in string  format '%Y-%m-%d',{{car.date_of_manufacture.strftime('%Y-%m-%d')}},994,16,2,3,0
5010536,Python: Perform an operation on each dictionary value,Multiple each value by `2` for all keys in a dictionary `my_dict`,"my_dict.update((x, y * 2) for x, y in list(my_dict.items()))",1027,17,1,3,0
5229425,Precision in python,print a digit `your_number` with exactly 2 digits after decimal,print('{0:.2f}'.format(your_number)),1048,18,5,3,0
5577501,How to tell if string starts with a number?,"Check if string `strg` starts with any of the elements in list ('0', '1', '2', '3', '4', '5', '6', '7', '8', '9')","strg.startswith(('0', '1', '2', '3', '4', '5', '6', '7', '8', '9'))",1079,18,0,3,0
5944630,sort a list of dicts by x then by y,sort a list of dictionary `list` first by key `points` and then by `time`,"list.sort(key=lambda item: (item['points'], item['time']))",1112,19,1,3,0
6375343,Reading unicode elements into numpy array,load data containing `utf-8` from file `new.txt` into numpy array `arr`,"arr = numpy.fromiter(codecs.open('new.txt', encoding='utf-8'), dtype='<U2')",1138,20,6,3,0
9012008,python's re: return True if regex contains in the string,return `True` if string `foobarrrr` contains regex `ba[rzd]`,"bool(re.search('ba[rzd]', 'foobarrrr'))",1382,26,0,3,0
10624937,Convert datetime object to a String of date only in Python,format datetime in `dt` as string in format `'%m/%d/%Y`,dt.strftime('%m/%d/%Y'),1511,30,2,3,0
11619169,How do I convert a datetime.date object into datetime.datetime in python?,convert Date object `dateobject` into a DateTime object,"datetime.datetime.combine(dateobject, datetime.time())",1589,32,2,3,0
12224778,How to filter by sub-level index in Pandas,filter dataframe `df` by sub-level index '0630' in pandas,df[df.index.map(lambda x: x[1].endswith('0630'))],1632,33,3,3,0
12329853,How to rearrange Pandas column sequence?,"Rearrange the columns 'a','b','x','y' of pandas DataFrame `df` in mentioned sequence 'x' ,'y','a' ,'b'","df = df[['x', 'y', 'a', 'b']]",1640,33,3,3,0
12829889,Find Max in Nested Dictionary,Find a max value of the key `count` in a nested dictionary `d`,"max(d, key=lambda x: d[x]['count'])",1678,34,1,3,0
13291539,convert double to float in Python,convert double 0.00582811585976 to float,"struct.unpack('f', struct.pack('f', 0.00582811585976))",1726,35,5,3,0
13999850,How to specify date format when using pandas.to_csv?,write dataframe `df` to csv file `filename` with dates formatted as yearmonthday  `%Y%m%d`,"df.to_csv(filename, date_format='%Y%m%d')",1796,37,3,3,0
15534223,Python match string if it does not start with X,search for string that matches regular expression pattern '(?<!Distillr)\\\\AcroTray\\.exe' in string 'C:\\SomeDir\\AcroTray.exe',"re.search('(?<!Distillr)\\\\AcroTray\\.exe', 'C:\\SomeDir\\AcroTray.exe')",1933,40,0,3,0
15579649,python dict to numpy structured array,convert dict `result` to numpy structured array,"numpy.array([(key, val) for key, val in result.items()], dtype)",1936,40,6,3,0
15752422,Python Pandas - Date Column to Column index,set dataframe `df` index using column 'month',df.set_index('month'),1942,41,3,3,0
16735786,How to generate unique equal hash for equal dictionaries?,generate unique equal hash for equal dictionaries `a` and `b`,hash(pformat(a)) == hash(pformat(b)),1999,42,1,3,0
17407691,Python regex to match multiple times,Get multiple matched strings using regex pattern `(?:review: )?(http://url.com/(\\d+))\\s?`,"pattern = re.compile('(?:review: )?(http://url.com/(\\d+))\\s?', re.IGNORECASE)",2054,43,0,3,0
20461165,How to convert pandas index in a dataframe to a column?,convert index at level 0 into a column in dataframe `df`,"df.reset_index(level=0, inplace=True)",2263,49,3,3,0
22296496,Add element to a json in python,add variable `var` to key 'f' of first element in JSON data `data`,data[0]['f'] = var,2349,51,1,3,0
25148611,How do I extract all the values of a specific key from a list of dictionaries?,extract all the values of a specific key named 'values' from a list of dictionaries,results = [item['value'] for item in test_data],2418,53,1,3,0
27744882,Finding consecutive consonants in a word,find consecutive consonants in a word `CONCENTRATION` using regex,"re.findall('[bcdfghjklmnpqrstvwxyz]+', 'CONCERTATION', re.IGNORECASE)",2470,54,0,3,0
31405409,How to remove parentheses only around single words in a string,remove parentheses only around single words in a string `s` using regex,"re.sub('\\((\\w+)\\)', '\\1', s)",2583,57,0,3,0
31957364,Numpy elementwise product of 3d array,elementwise product of 3d arrays `A` and `B`,"np.einsum('ijk,ikl->ijl', A, B)",2611,58,6,3,0
