question_id,intent,rewritten_intent,snippet,idx,time_batch,cluster,gradual_batch,gradual_new
82831,check whether a file exists,"check whether a file ""/etc/password.txt"" exists",print(os.path.isfile('/etc/password.txt')),52,0,9,33,1
208894,How to base64 encode a PDF file in Python,encode a pdf file `pdf_reference.pdf` with `base64` encoding,"a = open('pdf_reference.pdf', 'rb').read().encode('base64')",88,0,9,33,1
364621,get item's position in a list,get the position of item `element` in list `testlist`,"try:
    print(testlist.index(element))
except ValueError:
    pass",167,0,7,33,1
402504,determine the variable type,determine the type of variable `v`,type(v),175,0,4,33,1
861190,Ordering a list of dictionaries in python,"Sort a list of dictionaries `mylist` by keys ""weight"" and ""factor""","mylist.sort(key=operator.itemgetter('weight', 'factor'))",348,0,1,33,0
1400608,empty a list,empty a list `lst`,lst[:] = [],455,2,7,33,1
1712227,get the size of a list,get the size of list `items`,len(items),487,3,7,33,1
2587402,Sorting Python list based on the length of the string,sort list of strings `xs` by the length of string,xs.sort(key=lambda s: len(s)),620,7,7,33,1
2890896,Extract IP address from an html string (python),extract ip address from an html string,"ip = re.findall('[0-9]+(?:\\.[0-9]+){3}', s)",679,8,4,33,1
4703390,How to extract a floating number from a string,extract floating number from string 'Current Level: 13.4 db.',"re.findall('\\d+\\.\\d+', 'Current Level: 13.4 db.')",976,16,5,33,0
4906977,Access environment variables,"get value of environment variable ""HOME""",os.environ['HOME'],1007,17,4,33,1
4906977,Access environment variables,get value of the environment variable 'KEY_THAT_MIGHT_EXIST' with default value `default_value`,"print(os.getenv('KEY_THAT_MIGHT_EXIST', default_value))",1012,17,4,33,1
7253803,How to get everything after last slash in a URL?,get every thing after last `/`,"url.rsplit('/', 1)",1207,22,4,33,1
7372592,Python: How can I execute a jar file through a python script,execute a jar file 'Blender.jar' using subprocess,"subprocess.call(['java', '-jar', 'Blender.jar'])",1233,22,9,33,1
8217613,How to get data from command line from within a Python program?,"get the output of a subprocess command `echo ""foo""` in command line","subprocess.check_output('echo ""foo""', shell=True)",1301,24,9,33,1
9733638,Post JSON using Python Requests,Execute a post request to url `http://httpbin.org/post` with json data `{'test': 'cheers'}`,"requests.post('http://httpbin.org/post', json={'test': 'cheers'})",1441,28,4,33,1
10373660,Converting a Pandas GroupBy object to DataFrame,convert a pandas `df1` groupby object to dataframe,"DataFrame({'count': df1.groupby(['Name', 'City']).size()}).reset_index()",1484,29,3,33,0
11399384,Extract all keys from a list of dictionaries,create a set containing all keys' names from dictionary `LoD`,{k for d in LoD for k in list(d.keys())},1574,31,1,33,0
12201577,How can I convert an RGB image into grayscale in Python?,convert an rgb image 'messi5.jpg' into grayscale `img`,"img = cv2.imread('messi5.jpg', 0)",1628,33,4,33,1
12496531,Sort NumPy float array column by column,sort numpy float array `A` column by column,"A = np.array(sorted(A, key=tuple))",1653,33,6,33,0
12804801,Django - How to sort queryset by number of character in a field,sort query set by number of characters in a field `length` in django model `MyModel`,MyModel.objects.extra(select={'length': 'Length(name)'}).order_by('length'),1674,34,4,33,1
14591855,pandas HDFStore - how to reopen?,create dataframe `df` with content of hdf store file '/home/.../data.h5' with key of 'firstSet',"df1 = pd.read_hdf('/home/.../data.h5', 'firstSet')",1843,38,3,33,0
14764126,"How to make a python script which can logoff, shutdown, and restart a computer?",shutdown a computer using subprocess,"subprocess.call(['shutdown', '/s'])",1863,39,4,33,1
17960441,"in Numpy, how to zip two 2-D arrays?",zip two 2-d arrays `a` and `b`,"np.array(zip(a.ravel(), b.ravel()), dtype='i4,i4').reshape(a.shape)",2095,45,6,33,0
18500541,How to flatten a tuple in python,flatten a tuple `l`,"[(a, b, c) for a, (b, c) in l]",2136,46,7,33,1
19267591,How to store os.system() output in a variable or a list in python,store the output of command 'ls' in variable `direct_output`,"direct_output = subprocess.check_output('ls', shell=True)",2187,47,9,33,1
20504881,simple/efficient way to expand a pandas dataframe,merge pandas dataframe `x` with columns 'a' and 'b' and dataframe `y` with column 'y',"pd.merge(y, x, on='k')[['a', 'b', 'y']]",2267,49,3,33,0
20796355,change current working directory in python,change current working directory,os.chdir('C:\\Users\\username\\Desktop\\headfirstpython\\chapter3'),2283,49,9,33,1
22128218,Pandas how to apply multiple functions to dataframe,apply functions `mean` and `std` to each column in dataframe `df`,"df.groupby(lambda idx: 0).agg(['mean', 'std'])",2340,51,3,33,0
24841306,Python - Sum 4D Array,get a sum of 4d array `M`,M.sum(axis=0).sum(axis=0),2411,53,6,33,0
28253102,Python 3: Multiply a vector by a matrix without NumPy,"Get the dot product of matrix `[1,0,0,1,0,0]` and matrix `[[0,1],[1,1],[1,0],[1,0],[1,1],[0,1]]`","np.dot([1, 0, 0, 1, 0, 0], [[0, 1], [1, 1], [1, 0], [1, 0], [1, 1], [0, 1]])",2487,55,6,33,0
31267493,Remove list of indices from a list in Python,remove elements from list `centroids` the indexes of which are in array `index`,"[element for i, element in enumerate(centroids) if i not in index]",2578,57,6,33,0
31767173,How do I vectorize this loop in numpy?,find the index of the maximum value in the array `arr` where the boolean condition in array `cond` is true,"np.ma.array(np.tile(arr, 2).reshape(2, 3), mask=~cond).argmax(axis=1)",2593,57,6,33,0
31818050,round number to nearest integer,round number 1.0005 up to 3 decimal places,"round(1.0005, 3)",2599,57,5,33,0
35015693,How do I transform a multi-level list into a list of strings in Python?,join items of each tuple in list of tuples `a` into a list of strings,"list(map(''.join, a))",2681,60,7,33,1
37619348,Summing 2nd list items in a list of lists of lists,summing the second item in a list of lists of lists,[sum([x[1] for x in i]) for i in data],2727,61,7,33,1
40173569,python - convert datetime to varchar/string,Parse DateTime object `datetimevariable` using format '%Y-%m-%d',datetimevariable.strftime('%Y-%m-%d'),2789,62,2,33,0
40384599,Sorting a list of tuples by the addition of second and third element of the tuple,sort list `a` in ascending order based on the addition of the second and third elements of each tuple in it,"sorted(a, key=lambda x: (sum(x[1:3]), x[0]))",2797,63,7,33,1
41821112,How can I sum the product of two list items using for loop in python?,sum the product of each two items at the same index of list `a` and list `b`,"sum(i * j for i, j in zip(a, b))",2848,64,7,33,1
