question_id,intent,rewritten_intent,snippet,idx,time_batch,cluster,gradual_batch,gradual_new
72899,How do I sort a list of dictionaries by values of the dictionary in Python?,sort a list of dictionaries `l` by values in key `name` in descending order,"newlist = sorted(l, key=itemgetter('name'), reverse=True)",40,0,1,38,0
533398,"In python 2.4, how can I execute external commands with csh instead of bash?",execute external commands/script `your_own_script` with csh instead of bash,os.system('tcsh your_own_script'),229,0,9,38,1
574236,How to determine number of files on a drive with Python?,determine number of files on a drive with python,os.statvfs('/').f_files - os.statvfs('/').f_ffree,234,0,9,38,1
627435,remove an element from a list by index,remove the element in list `a` with index 1,a.pop(1),254,0,7,38,1
983855,Python JSON encoding,Python JSON encoding,"json.dumps({'apple': 'cat', 'banana': 'dog', 'pear': 'fish'})",393,1,4,38,1
1400608,empty a list,empty a list `lst`,del lst1[:],453,2,7,38,1
1892339,How to make a window jump to the front?,make a window `root` jump to the front,root.lift(),520,4,4,38,1
2158347,"How do I turn a python datetime into a string, with readable format date?","Convert a datetime object `my_datetime` into readable format `%B %d, %Y`","my_datetime.strftime('%B %d, %Y')",562,5,2,38,0
2354166,How do you modify sys.path in Google App Engine (Python)?,modify sys.path for python module `subdir`,"sys.path.append(os.path.join(os.path.dirname(__file__), 'subdir'))",592,6,9,38,1
2689189,How do I simulate a progress counter in a command line application in Python?,Make a delay of 1 second,time.sleep(1),646,7,4,38,1
3108042,Get max key in dictionary,get max key in dictionary `MyCount`,"max(list(MyCount.keys()), key=int)",705,9,1,38,0
3207219,list all files of a directory,list all files of a directory `mypath`,"f = []
for (dirpath, dirnames, filenames) in walk(mypath):
    f.extend(filenames)
    break",715,9,9,38,1
3804727,"python, subprocess: reading output from subprocess",flush output of python print,sys.stdout.flush(),816,12,4,38,1
4135344,generate pdf from markdown file,generate pdf file `output_filename` from markdown file `input_filename`,"with open(input_filename, 'r') as f:
    html_text = markdown(f.read(), output_format='html4')
pdfkit.from_string(html_text, output_filename)",884,13,9,38,1
4508155,How do I use a MD5 hash (or other binary data) as a key name?,Get a md5 hash from string `thecakeisalie`,k = hashlib.md5('thecakeisalie').hexdigest(),942,15,4,38,1
4906977,Access environment variables,"Access environment variable ""HOME""",os.environ['HOME'],1009,17,4,38,1
5123839,Fastest way to get the first object from a queryset in django?,get the first object from a queryset in django model `Entry`,Entry.objects.filter()[:1].get(),1034,17,4,38,1
7011291,how to get a single result from a SQLite query in python?,how to get a single result from a SQLite query in python?,cursor.fetchone()[0],1192,21,4,38,1
7142227,How do I sort a zipped list in Python?,How do I sort a zipped list in Python?,zipped.sort(key=lambda t: t[1]),1200,22,7,38,1
7458689,Best / most pythonic way to get an ordered list of unique items,Remove duplicates elements from list `sequences` and sort it in ascending order,sorted(set(itertools.chain.from_iterable(sequences))),1237,23,7,38,1
7742752,Sorting a dictionary by value then by key,sort a dictionary `y` by value then by key,"sorted(list(y.items()), key=lambda x: (x[1], x[0]), reverse=True)",1256,23,1,38,0
7999935,Python datetime to string without microsecond component,Formate current date and time to a string using pattern '%Y-%m-%d %H:%M:%S',datetime.datetime.now().strftime('%Y-%m-%d %H:%M:%S'),1275,23,2,38,0
9072844,How can I check if a string contains ANY letters from the alphabet?,check if string `the_string` contains any upper or lower-case ASCII letters,"re.search('[a-zA-Z]', the_string)",1387,26,0,38,0
10115967,What's the most memory efficient way to generate the combinations of a set in python?,"generate the combinations of 3 from a set `{1, 2, 3, 4}`","print(list(itertools.combinations({1, 2, 3, 4}, 3)))",1468,28,7,38,1
10155684,Add entry to list and remove first one in Python,add an entry 'wuggah' at the beginning of list `myList`,"myList.insert(0, 'wuggah')",1469,28,7,38,1
11066874,beautifulsoup can't find href in file using regular expression,find href value that has string 'follow?page' inside it,"print(soup.find('a', href=re.compile('.*follow\\?page.*')))",1546,30,0,38,0
11416772,Find all words in a string that start with the $ sign in Python,find all words in a string `mystring` that start with the `$` sign,[word for word in mystring.split() if word.startswith('$')],1579,31,0,38,0
13279399,How to obtain values of request variables using Python and Flask,Flask get value of request variable 'firstname',first_name = request.args.get('firstname'),1723,35,4,38,1
13717463,Find the indices of elements greater than x,create a list containing the indices of elements greater than 4 in list `a`,"[i for i, v in enumerate(a) if v > 4]",1771,36,7,38,1
14262654,Numpy: Get random set of rows from 2D array,create a new 2D array with 2 random rows from array `A`,"A[(np.random.choice(A.shape[0], 2, replace=False)), :]",1818,37,6,38,0
15455388,Dict of dicts of dicts to DataFrame,Create a pandas dataframe of values from a dictionary `d` which contains dictionaries of dictionaries,"pd.concat(map(pd.DataFrame, iter(d.values())), keys=list(d.keys())).stack().unstack(0)",1926,40,1,38,0
16772071,sort dict by value python,Sort a dictionary `data` by its values,sorted(data.values()),2004,42,1,38,0
21787496,converting epoch time with milliseconds to datetime,convert epoch time represented as milliseconds `s` to string using format '%Y-%m-%d %H:%M:%S.%f',datetime.datetime.fromtimestamp(s).strftime('%Y-%m-%d %H:%M:%S.%f'),2318,50,2,38,0
22397058,Dropping a single (sub-) column from a MultiIndex,"dropping all columns named 'a' from a multiindex 'df', across all level.","df.drop('a', level=1, axis=1)",2352,51,3,38,0
27218543,How can I select 'last business day of the month' in Pandas?,select the last business day of the month for each month in 2014 in pandas,"pd.date_range('1/1/2014', periods=12, freq='BM')",2459,54,3,38,0
28416408,Scikit-learn: How to run KMeans on a one-dimensional array?,Fit Kmeans function to a one-dimensional array `x` by reshaping it to be a multidimensional array of single values,"km.fit(x.reshape(-1, 1))",2488,55,6,38,0
36113747,How to declare an array in python,Initialize a list `a` with `10000` items and each item's value `0`,a = [0] * 10000,2706,60,7,38,1
37855490,adding new key inside a new key and assigning value in python dictionary,add dictionary `{'class': {'section': 5}}` to key 'Test' of dictionary `dic`,dic['Test'].update({'class': {'section': 5}}),2728,61,1,38,0
38535931,Pandas: Delete rows based on multiple columns values,pandas: delete rows in dataframe `df` based on multiple columns values,"df.set_index(list('BC')).drop(tuples, errors='ignore').reset_index()",2745,61,3,38,0
