question_id,intent,rewritten_intent,snippet,idx,time_batch,cluster,gradual_batch,gradual_new
163542,pass a string into subprocess.Popen,set the stdin of the process 'grep f' to be b'one\ntwo\nthree\nfour\nfive\nsix\n',"p = Popen(['grep', 'f'], stdout=PIPE, stdin=PIPE, stderr=STDOUT)
grep_stdout = p.communicate(input='one\ntwo\nthree\nfour\nfive\nsix\n')[0]",76,0,9,37,1
237079,get file creation & modification date/times in,get the creation time of file `path_to_file`,return os.path.getctime(path_to_file),105,0,9,37,1
299446,How do I change directory back to my original working directory with Python?,change working directory to the directory `owd`,os.chdir(owd),132,0,9,37,1
402504,determine the variable type,determine the type of variable `v`,type(v),179,0,4,37,1
510348,make a time delay,make a 0.1 seconds time delay,sleep(0.1),218,0,4,37,1
517355,String formatting in Python,Display `1 2 3` as a list of string,"print('[{0}, {1}, {2}]'.format(1, 2, 3))",221,0,5,37,0
587345,Python regular expression matching a multiline block of text,create a regular expression that matches the pattern '^(.+)(?:\\n|\\r\\n?)((?:(?:\\n|\\r\\n?).+)+)' over multiple lines of text,"re.compile('^(.+)(?:\\n|\\r\\n?)((?:(?:\\n|\\r\\n?).+)+)', re.MULTILINE)",239,0,0,37,0
674519,How can I convert a Python dictionary to a list of tuples?,convert python 2 dictionary `a` to a list of tuples where the value is the first tuple element and the key is the second tuple element,"[(v, k) for k, v in a.items()]",274,0,1,37,0
1299855,upload file with Python Mechanize,upload file with Python Mechanize,"br.form.add_file(open(filename), 'text/plain', filename)",439,2,9,37,1
2173087,How to create nested lists in python?,"Create 3d array of zeroes of size `(3,3,3)`","numpy.zeros((3, 3, 3))",565,5,6,37,0
2544710,How I can get rid of None values in dictionary?,get rid of None values in dictionary `kwargs`,"res = {k: v for k, v in list(kwargs.items()) if v is not None}",612,6,1,37,0
2759323,How can I list the contents of a directory in Python?,list the contents of a directory '/home/username/www/',os.listdir('/home/username/www/'),653,8,9,37,1
3159155,How to remove all integer values from a list in python,get a list `no_integers` of all the items in list `mylist` that are not of type `int`,"no_integers = [x for x in mylist if not isinstance(x, int)]",708,9,7,37,1
3437059,string contains substring,"check if ""blah"" is in string `somestring`","if ('blah' not in somestring):
    pass",765,10,0,37,0
4004550,Converting string series to float list,Converting string lists `s` to float list,"floats = map(float, s.split())",867,13,5,37,0
4690094,Sorting dictionary keys based on their values,sort keys of dictionary 'd' based on their values,"sorted(d, key=lambda k: d[k][1])",971,16,1,37,0
7271482,python getting a list of value from list of dict,generate a list containing values associated with the key 'value' of each dictionary inside list `list_of_dicts`,[x['value'] for x in list_of_dicts],1217,22,1,37,0
7732125,Clear text from textarea with selenium,clear text from textarea 'foo' with selenium,driver.find_element_by_id('foo').clear(),1253,23,4,37,1
8092877,Split a list of tuples into sub-lists of the same tuple field,split a list of tuples `data` into sub-lists of the same tuple field using itertools,"[list(group) for key, group in itertools.groupby(data, operator.itemgetter(1))]",1280,24,7,37,1
8199398,Extracting only characters from a string in Python,Extract only characters from a string as a list,"re.split('[^a-zA-Z]*', 'your string')",1296,24,0,37,0
8938449,How to extract data from matplotlib plot,Get data from matplotlib plot,gca().get_lines()[n].get_xydata(),1376,26,4,37,1
9759820,How to get a list of variables in specific Python module?,get a list of variables from module 'adfix.py' in current module.,print([item for item in dir(adfix) if not item.startswith('__')]),1447,28,4,37,1
10541640,Convert date format python,Represent DateTime object '10/05/2012' with format '%d/%m/%Y' into format '%Y-%m-%d',"datetime.datetime.strptime('10/05/2012', '%d/%m/%Y').strftime('%Y-%m-%d')",1498,29,2,37,0
10543303,number of values in a list greater than a certain number,get the number of values in list `j` that is greater than 5,sum(((i > 5) for i in j)),1500,29,7,37,1
12974474,How to unzip a list of tuples into individual lists?,Unzip a list of tuples `l` into a list of lists,zip(*l),1687,34,7,37,1
13167391,filtering grouped df in pandas,filter dataframe `grouped` where the length of each group `x` is bigger than 1,grouped.filter(lambda x: len(x) > 1),1710,35,3,37,0
13840379,How can I multiply all items in a list together with Python?,"multiply all items in a list `[1, 2, 3, 4, 5, 6]` together","from functools import reduce
reduce(lambda x, y: x * y, [1, 2, 3, 4, 5, 6])",1781,36,7,37,1
15282189,Setting matplotlib colorbar range,Set colorbar range from `0` to `15` for pyplot object `quadmesh` in matplotlib,"quadmesh.set_clim(vmin=0, vmax=15)",1906,40,4,37,1
15313250,Python BeautifulSoup Extract specific URLs,find all anchor tags in html `soup` whose url begins with `http://www.iwashere.com`,"soup.find_all('a', href=re.compile('http://www\\.iwashere\\.com/'))",1912,40,4,37,1
16176996,Keep only date part when using pandas.to_datetime,get date from dataframe `df` column 'dates' to column 'just_date',df['just_date'] = df['dates'].dt.date,1973,41,3,37,0
17117912,Python Accessing Values in A List of Dictionaries,create a list of tuples with the values of keys 'Name' and 'Age' from each dictionary `d` in the list `thisismylist`,"[(d['Name'], d['Age']) for d in thisismylist]",2032,43,1,37,0
18524642,Convert list of lists to list of integers,combine elements of each list in list `L` into digits of a single integer,[''.join(str(d) for d in x) for x in L],2139,46,7,37,1
20490274,How to reset index in a pandas data frame?,reset index to default in dataframe `df`,df = df.reset_index(drop=True),2266,49,3,37,0
20585920,How to add multiple values to a dictionary key in python?,"for a dictionary `a`, set default value for key `somekey` as list and append value `bob`  in that key","a.setdefault('somekey', []).append('bob')",2272,49,1,37,0
21822054,How to force os.system() to use bash instead of shell,Run a command `echo hello world` in bash instead of shell,"os.system('/bin/bash -c ""echo hello world""')",2328,50,9,37,1
34468983,How to check if all elements in a tuple or list are in another?,"check if all elements in a tuple `(1, 6)` are in another `(1, 2, 3, 4, 5)`","all(i in (1, 2, 3, 4, 5) for i in (1, 6))",2668,59,7,37,1
34945274,How to find all elements in a numpy 2-dimensional array that match a certain list?,"replace all elements in array `A` that are not present in array `[1, 3, 4]` with zeros","np.where(np.in1d(A, [1, 3, 4]).reshape(A.shape), A, 0)",2678,59,6,37,0
35414625,pandas: how to run a pivot with a multi-index?,run a pivot with a multi-index `year` and `month` in a pandas data frame,"df.pivot_table(values='value', index=['year', 'month'], columns='item')",2693,60,3,37,0
39112645,Save line in file to list,Retrieve each line from a file 'File.txt' as a list,[line.split() for line in open('File.txt')],2751,61,9,37,1
