question_id,intent,rewritten_intent,snippet,idx,time_batch,cluster,gradual_batch,gradual_new
364519,iterate over a dictionary in sorted order,iterate over a dictionary `dict` in sorted order,return sorted(dict.items()),157,0,1,2,0
379906,Parse String to Float or Int,Parse String `s` to Float or Int,"try:
    return int(s)
except ValueError:
    return float(s)",173,0,5,2,0
546321,How do I calculate the date six months from the current date,get the date 1 month from today,"(date(2010, 12, 31) + relativedelta(months=(+ 1)))",233,0,2,2,0
748491,How do I create a datetime in Python from milliseconds?,convert `ms` milliseconds to a datetime object,datetime.datetime.fromtimestamp(ms / 1000.0),308,0,2,2,0
1823058,print number with commas as thousands separators,print number `value` as thousands separators,"'{:,}'.format(value)",511,4,5,2,0
2195340,Determining the unmatched portion of a string using a regex in Python,"split string 'Words, words, words.' using a regex '(\\W+)'","re.split('(\\W+)', 'Words, words, words.')",571,5,0,2,0
3276180,Extracting date from a string in Python,extract date from a string `monkey 10/01/1980 love banana`,"dparser.parse('monkey 10/01/1980 love banana', fuzzy=True)",727,9,2,2,0
3476732,How to loop backwards in python?,iterate backwards from 10 to 0,"range(10, 0, -1)",773,11,5,2,0
4664850,Find all occurrences of a substring in Python,find all occurrences of a substring in a string,"[m.start() for m in re.finditer('test', 'test test test test')]",966,16,0,2,0
4880960,Sum of all values in a Python dict,Sum of all values in a Python dict,sum(d.values()),1005,17,1,2,0
4940032,Search for string in txt file,Search for string `blabla` in txt file 'example.txt',"datafile = file('example.txt')
found = False
for line in datafile:
    if (blabla in line):
        return True
return False",1021,17,0,2,0
5844672,Delete an element from a dictionary,Delete an element `key` from a dictionary `d`,del d[key],1099,19,1,2,0
6677332,Using %f with strftime() in Python to get microseconds,Using %f with strftime() in Python to get microseconds,datetime.datetime.now().strftime('%H:%M:%S.%f'),1169,21,2,2,0
7128153,Multiple 'in' operators in Python?,"check if  dictionary `d` contains all keys in list `['somekey', 'someotherkey', 'somekeyggg']`","all(word in d for word in ['somekey', 'someotherkey', 'somekeyggg'])",1197,21,1,2,0
7717380,how to convert 2d list to 2d numpy array?,Convert array `a` to numpy array,a = np.array(a),1252,23,6,2,0
8199398,Extracting only characters from a string in Python,extract only alphabetic characters from a string `your string`,""""""" """""".join(re.split('[^a-zA-Z]*', 'your string'))",1295,24,0,2,0
12030074,Generate list of numbers in specific format,generate list of numbers in specific format using string formatting precision.,[('%.2d' % i) for i in range(16)],1622,32,5,2,0
12843099,Python: Logging TypeError: not all arguments converted during string formatting,Log message of level 'info' with value of `date` in the message,logging.info('date={}'.format(date)),1680,34,2,2,0
13905936,converting integer to list in python,create a list containing digits of number 123 as its elements,list(str(123)),1789,37,5,2,0
14043934,time offset,subtract 5 hours from the time object `dt`,dt -= datetime.timedelta(hours=5),1800,37,2,2,0
16125229,Last Key in Python Dictionary,get the last key of dictionary `dict`,list(dict.keys())[-1],1967,41,1,2,0
17134716,Convert DataFrame column type from string to datetime,convert the dataframe column 'col' from string types to datetime types,df['col'] = pd.to_datetime(df['col']),2034,43,3,2,0
19779790,How to get yesterday in python,How to get yesterday in python,datetime.datetime.now() - datetime.timedelta(days=1),2222,48,2,2,0
20461165,How to convert pandas index in a dataframe to a column?,convert pandas index in a dataframe to columns,"df.reset_index(level=['tick', 'obs'])",2264,49,3,2,0
20778951,Regex for location matching - Python,"find all occurrences of regex pattern '(?:\\w+(?:\\s+\\w+)*,\\s)+(?:\\w+(?:\\s\\w+)*)' in string `x`","re.findall('(?:\\w+(?:\\s+\\w+)*,\\s)+(?:\\w+(?:\\s\\w+)*)', x)",2280,49,0,2,0
21778118,Counting the number of non-NaN elements in a numpy ndarray matrix in Python,count the number of non-nan elements in a numpy ndarray matrix `data`,np.count_nonzero(~np.isnan(data)),2317,50,6,2,0
21986194,How to pass dictionary items as function arguments in python?,pass dictionary items `data` as keyword arguments in function `my_function`,my_function(**data),2337,51,1,2,0
22093471,pandas Subtract Dataframe with a row from another dataframe,pandas subtract a row from dataframe `df2` from dataframe `df`,"pd.DataFrame(df.values - df2.values, columns=df.columns)",2339,51,3,2,0
23855976,Middle point of each pair of an numpy.array,calculate the mean of each element in array `x` with the element previous to it,(x[1:] + x[:-1]) / 2,2391,52,6,2,0
27060098,Replacing few values in a pandas dataframe column with another value,replacing 'ABC' and 'AB' values in column 'BrandName' of dataframe `df` with 'A',"df['BrandName'].replace(['ABC', 'AB'], 'A')",2455,54,3,2,0
27589325,How to find and replace nth occurence of word in a sentence using python regular expression?,find and replace 2nd occurrence of word 'cat' by 'Bull' in a sentence 's',"re.sub('^((?:(?!cat).)*cat(?:(?!cat).)*)cat', '\\1Bull', s)",2466,54,0,2,0
27868020,How to subset a data frame using Pandas based on a group criteria?,select records of dataframe `df` where the sum of column 'X' for each value in column 'User' is 0,df.groupby('User')['X'].filter(lambda x: x.sum() == 0),2473,54,3,2,0
28664103,How to transform a time series pandas dataframe using the index attributes?,transform time series `df` into a pivot table aggregated by column 'Close' using column `df.index.date` as index and values of column `df.index.time` as columns,"pd.pivot_table(df, index=df.index.date, columns=df.index.time, values='Close')",2493,55,3,2,0
32464280,converting currency with $ to numbers in Python pandas,remove dollar sign '$' from second to last column data in dataframe 'df' and convert the data into floats,"df[df.columns[1:]].replace('[\\$,]', '', regex=True).astype(float)",2623,58,3,2,0
32950347,Cleanest way to get a value from a list element,get value in string `line` matched by regex pattern '\\bLOG_ADDR\\s+(\\S+)',"print(re.search('\\bLOG_ADDR\\s+(\\S+)', line).group(1))",2637,58,0,2,0
35883459,Creating a list of dictionaries in python,Creating a list of dictionaries in python,"[{'A': 1, 'C': 4, 'B': 2, 'D': 4}, {'A': 1, 'C': 4, 'B': 1, 'D': 5}]",2703,60,1,2,0
40707158,type conversion in python from int to float,Change data type of data in column 'grade' of dataframe `data_df` into float and then to int,data_df['grade'] = data_df['grade'].astype(float).astype(int),2812,63,3,2,0
41178532,Percentage match in pandas Dataframe,get proportion of rows in dataframe `trace_df` whose values for column `ratio` are greater than 0,(trace_df['ratio'] > 0).mean(),2829,63,3,2,0
42172204,Replace value in any column in pandas dataframe,"replace value '-' in any column of pandas dataframe to ""NaN""","df.replace('-', 'NaN')",2861,64,3,2,0
