question_id,intent,rewritten_intent,snippet,idx,time_batch,cluster,gradual_batch,gradual_new
82831,check whether a file exists,"check whether a file ""/does/not/exist"" exists",print(os.path.isfile('/does/not/exist')),51,0,9,22,1
209513,Convert hex string to int,Convert hex string `s` to integer,"int(s, 16)",89,0,5,22,0
899103,Writing a list to a file with Python,writing items in list `thelist` to file `thefile`,"for item in thelist:
    thefile.write(('%s\n' % item))",352,0,9,22,1
931092,Reverse a string,Reverse list `s`,s[::(-1)],373,0,7,22,1
1303243,find out if a Python object is a string,check if object `o` is a string,"isinstance(o, str)",440,2,0,22,0
1874194,Pythonic way to get the largest item in a list,get the tuple in list `a_list` that has the largest item in the second index,"max_item = max(a_list, key=operator.itemgetter(1))",516,4,7,22,1
2233917,How to input an integer tuple from user?,input an integer tuple from user,"tuple(map(int, input().split(',')))",580,6,5,22,0
3294889,Iterating over dictionaries using for loops,get keys and items of dictionary `d` as a list,list(d.items()),742,10,1,22,0
3294889,Iterating over dictionaries using for loops,Iterating over a dictionary `d` using for loops,"for (key, value) in d.items():
    pass",743,10,1,22,0
3437059,string contains substring method,"check if string `s` contains ""is""","if (s.find('is') == (-1)):
    print(""No 'is' here!"")
else:
    print(""Found 'is' in the string."")",764,10,0,22,0
3548673,How to replace (or strip) an extension from a filename in Python?,replace extension '.txt' in basename '/home/user/somefile.txt' with extension '.jpg',print(os.path.splitext('/home/user/somefile.txt')[0] + '.jpg'),789,11,9,22,1
3777301,How to call a shell script from python code?,call a shell script `notepad` using subprocess,subprocess.call(['notepad']),812,12,9,22,1
3777301,How to call a shell script from python code?,call a shell script `./test.sh` using subprocess,subprocess.call(['./test.sh']),813,12,9,22,1
3878555,How to replace repeated instances of a character with a single instance of that character in python,"replace repeated instances of ""*"" with a single instance of ""*""","re.sub('\\*+', '*', text)",829,12,0,22,0
4059550,Generate all possible strings from a list of token,"generate all possible string permutations of each two elements in list `['hel', 'lo', 'bye']`","print([''.join(a) for a in combinations(['hel', 'lo', 'bye'], 2)])",873,13,7,22,1
4642501,How to sort dictionaries by keys in Python,Sort dictionary `o` in ascending order based on its keys and items,sorted(o.items()),962,15,1,22,0
4843158,Check if a Python list item contains a string inside another string,get a list of items from the list `some_list` that contain string 'abc',matching = [s for s in some_list if 'abc' in s],998,16,7,22,1
6407362,How can I check if a date is the same day as datetime.today()?,check if date `yourdatetime` is equal to today's date,yourdatetime.date() == datetime.today().date(),1142,20,2,22,0
6889785,python how to search an item in a nested list,get a list of items form nested list `li` where third element of each item contains string 'ar',[x for x in li if 'ar' in x[2]],1185,21,7,22,1
8009176,Function to close the window in Tkinter,close the window in tkinter,self.root.destroy(),1276,24,4,22,1
8247792,Python - How to cut a string in Python?,get all characters in string 'foobar' up to the fourth index,"""""""foobar""""""[:4]",1307,24,0,22,0
8704952,How to convert a tuple to a string in Python?,convert a list of tuples `queryresult` to a string from the first indexes.,emaillist = '\n'.join([item[0] for item in queryresult]),1354,26,7,22,1
9889635,Regular expression to return all characters between two special characters,find all substrings in `mystring` beginning and ending with square brackets,"re.findall('\\[(.*?)\\]', mystring)",1456,28,0,22,0
10484261,Find dictionary items whose key matches a substring,create a list of values from the dictionary `programs` that have a key with a case insensitive match to 'new york',"[value for key, value in list(programs.items()) if 'new york' in key.lower()]",1493,29,1,22,0
11703064,How do i add two lists' elements into one list?,append the sum of each tuple pair in the grouped list `list1` and list `list2` elements to list `list3`,"list3 = [(a + b) for a, b in zip(list1, list2)]",1597,32,7,22,1
14932247,variable number of digit in format string,"variable number of digits `digits` in variable `value` in format string ""{0:.{1}%}""","""""""{0:.{1}%}"""""".format(value, digits)",1876,39,5,22,0
16296643,Convert tuple to list and back,Convert tuple `level1` to list,"level1 = map(list, level1)",1981,42,7,22,1
19035186,How to select element with Selenium Python xpath,How to select element with Selenium Python xpath,"driver.find_element_by_xpath(""//div[@id='a']//a[@class='click']"")",2176,47,4,22,1
20025882,Append string to the start of each value in a said column of a pandas dataframe (elegantly),append string 'str' at the beginning of each value in column 'col' of dataframe `df`,df['col'] = 'str' + df['col'].astype(str),2237,48,3,22,0
20205455,How to correctly parse UTF-8 encoded HTML to Unicode strings with BeautifulSoup?,parse UTF-8 encoded HTML response `response` to BeautifulSoup object,soup = BeautifulSoup(response.read().decode('utf-8')),2251,49,4,22,1
27436748,Python: reduce (list of strings) -> string,"reduce the first element of list of strings `data` to a string, separated by '.'",print('.'.join([item[0] for item in data])),2461,54,7,22,1
29422691,How to count the number of occurences of `None` in a list?,print the number of occurences of not `none` in a list `lst` in Python 2,print(len([x for x in lst if x is not None])),2519,55,7,22,1
31029560,Plotting categorical data with pandas and matplotlib,plot a bar graph from the column 'color' in the DataFrame 'df',df.colour.value_counts().plot(kind='bar'),2571,57,3,22,0
31958637,BeautifulSoup - search by text inside a tag,BeautifulSoup search string 'Elsie' inside tag 'a',"soup.find_all('a', string='Elsie')",2612,58,0,22,0
35561743,python comprehension loop for dictionary,count `True` values associated with key 'one' in dictionary `tadas`,sum(item['one'] for item in list(tadas.values())),2696,60,1,22,0
38704545,How to binarize the values in a pandas DataFrame?,binarize the values in columns of list `order` in a pandas data frame,"pd.concat([df, pd.get_dummies(df, '', '').astype(int)], axis=1)[order]",2747,61,3,22,0
39870642,Matplotlib - How to plot a high resolution graph?,Save matplotlib graph to image file `filename.png` at a resolution of `300 dpi`,"plt.savefig('filename.png', dpi=300)",2778,62,9,22,1
40852575,Slicing a multidimensional list,Get only first element in each of the innermost of the multidimensional list `listD`,[[[x[0]] for x in listD[i]] for i in range(len(listD))],2817,63,7,22,1
41923858,Mapping a string into a list of pairs,create a list containing each two adjacent letters in string `word` as its elements,"[(x + y) for x, y in zip(word, word[1:])]",2852,64,7,22,1
