question_id,intent,rewritten_intent,snippet,idx,time_batch,cluster,gradual_batch,gradual_new
82831,check whether a file exists,check whether file `file_path` exists,os.path.exists(file_path),50,0,9,30,1
89228,Calling an external command,"Calling an external command ""some_command < input_file | another_command > output_file""",os.system('some_command < input_file | another_command > output_file'),64,0,9,30,1
118516,How do I read an Excel file into Python using xlrd? Can it read newer Office formats?,read an excel file 'ComponentReport-DJI.xls',"open('ComponentReport-DJI.xls', 'rb').read(200)",69,0,4,30,1
251464,How to get a function name as a string in Python?,get a name of function `my_function` as a string,my_function.__name__,112,0,4,30,1
306400,randomly select an item from a list,randomly select an item from list `foo`,random.choice(foo),136,0,7,30,1
518021,Getting the length of an array,Get the length of list `my_list`,len(my_list),222,0,7,30,1
843277,check if a variable exists,check if a global variable `myVar` exists,('myVar' in globals()),337,0,4,30,1
930397,Getting the last element of a list,get the last element in list `alist`,alist[(-1)],361,0,7,30,1
973473,Getting a list of all subdirectories in the current directory,get a list of all subdirectories in the directory `directory`,[x[0] for x in os.walk(directory)],389,1,9,30,1
1303243,find out if a Python object is a string,check if `obj_to_test` is a string,"isinstance(obj_to_test, str)",444,2,0,30,0
1762484,"How to find the position of an element in a list , in Python?",find the index of an element 'MSFT' in a list `stocks_list`,[x for x in range(len(stocks_list)) if stocks_list[x] == 'MSFT'],500,4,7,30,1
2612802,copy a list,copy list `old_list` as `new_list`,new_list = list(old_list),637,7,7,30,1
3061761,Numpy array dimensions,get the dimensions of numpy array `a`,a.shape,698,9,6,30,0
3437059,string contains substring,"check if string ""substring"" is in string",string.find('substring'),766,10,0,30,0
4048964,printing tab-separated values of a list,print elements of list `list` seperated by tabs `\t`,"print('\t'.join(map(str, list)))",872,13,7,30,1
4152376,How to get the n next values of a generator in a list (python),create a list containing the `n` next values of generator `it`,[next(it) for _ in range(n)],888,14,7,30,1
4174941,sort a list of lists by a specific index,sort list `l` by index 2 of the item,"sorted(l, key=(lambda x: x[2]))",891,14,7,30,1
6243460,Python lambda function,lambda function that adds two operands,"lambda x, y: x + y",1128,20,4,30,1
7270321,Finding the index of elements based on a condition using python list comprehension,Get all indexes of a list `a` where each value is greater than `2`,[i for i in range(len(a)) if a[i] > 2],1212,22,7,30,1
7284952,Django redirect to root from a view,django redirect to view 'Home.views.index',redirect('Home.views.index'),1218,22,4,30,1
7323859,Python - How to call bash commands with pipe?,call bash command 'tar c my_dir | md5sum' with pipe,"subprocess.call('tar c my_dir | md5sum', shell=True)",1223,22,9,30,1
9304908,django filter with list of values,"create a django query for a list of values `1, 4, 7`","Blog.objects.filter(pk__in=[1, 4, 7])",1404,27,7,30,1
9466017,Sorting files in a list,sort list `files` based on variable `file_number`,files.sort(key=file_number),1414,27,7,30,1
9775297,Append a NumPy array to a NumPy array,append a numpy array 'b' to a numpy array 'a',"np.vstack((a, b))",1450,28,6,30,0
10365225,extract digits in a simple way from a python string,extract digits in a simple way from a python string,"map(int, re.findall('\\d+', s))",1483,29,5,30,0
10543303,number of values in a list greater than a certain number,get the number of values in list `j` that is greater than `i`,"j = np.array(j)
sum((j > i))",1501,29,7,30,1
10972410,pandas: combine two columns in a DataFrame,combine two columns `foo` and `bar` in a pandas data frame,"pandas.concat([df['foo'].dropna(), df['bar'].dropna()]).reindex_like(df)",1534,30,3,30,0
13145368,Find the maximum value in a list of tuples in Python,find the first element of the tuple with the maximum second element in a list of tuples `lis`,"max(lis, key=lambda item: item[1])[0]",1706,35,7,30,1
13163145,Multiplying Rows and Columns of Python Sparse Matrix by elements in an Array,multiply the columns of sparse matrix `m` by array `a` then multiply the rows of the resulting matrix by array `a`,"numpy.dot(numpy.dot(a, m), a)",1709,35,6,30,0
13283689,python sum the values of lists of list,return list `result` of sum of elements of each list `b` in list of lists `a`,result = [sum(b) for b in a],1725,35,7,30,1
15839491,How to clear Tkinter Canvas?,clear Tkinter Canvas `canvas`,canvas.delete('all'),1946,41,4,30,1
15985339,How do I get current URL in Selenium Webdriver 2 Python?,get current url in selenium webdriver `browser`,print(browser.current_url),1958,41,4,30,1
17021863,Re-read an open file Python,Put the curser at beginning of the file,file.seek(0),2016,42,9,30,1
19939084,how to plot arbitrary markers on a pandas data series?,plot point marker '.' on series `ts`,ts.plot(marker='.'),2232,48,4,30,1
21317384,Pandas/Python: How to concatenate two dataframes without duplicates?,concatenate dataframe `df1` with `df2` whilst removing duplicates,"pandas.concat([df1, df2]).drop_duplicates().reset_index(drop=True)",2303,50,3,30,0
26441253,how to reverse a priority queue in Python without using classes?,reverse a priority queue `q` in python without using classes,"q.put((-n, n))",2442,53,4,30,1
35269374,get count of values associated with key in dict python,get the sum of values associated with the key ‘success’ for a list of dictionaries `s`,sum(d['success'] for d in s),2691,60,1,30,0
41821112,How can I sum the product of two list items using for loop in python?,get the sum of the products of each pair of corresponding elements in lists `a` and `b`,"sum(x * y for x, y in zip(a, b))",2846,64,7,30,1
42178481,How to count the number of a specific character at the end of a string ignoring duplicates?,count the number of trailing question marks in string `my_text`,len(my_text) - len(my_text.rstrip('?')),2862,64,0,30,0
