question_id,intent,rewritten_intent,snippet,idx,time_batch,cluster,gradual_batch,gradual_new
89228,Calling an external command,"Calling an external command ""some_command with args""",os.system('some_command with args'),58,0,9,27,1
89228,Calling an external command,"Calling an external command ""echo Hello World""","print(subprocess.Popen('echo Hello World', shell=True, stdout=subprocess.PIPE).stdout.read())",62,0,9,27,1
273192,check if a directory exists and create it if necessary,check if directory `directory ` exists and create it if necessary,"if (not os.path.exists(directory)):
    os.makedirs(directory)",116,0,9,27,1
610883,know if an object has an attribute,check if object `a` has property 'property',"if hasattr(a, 'property'):
    pass",245,0,4,27,1
1400608,empty a list,empty a list `alist`,alist[:] = [],454,2,7,27,1
3731426,How do I divide the members of a list by the corresponding members of another list in Python?,divide the members of a list `conversions` by the corresponding members of another list `trials`,"[(c / t) for c, t in zip(conversions, trials)]",805,11,7,27,1
3781851,"Run a python script from another python script, passing in args","run python script 'script2.py' from another python script, passing in 1 as an argument",os.system('script2.py 1'),815,12,4,27,1
3844801,check if all elements in a list are identical,check if all elements in list `myList` are identical,all(x == myList[0] for x in myList),822,12,7,27,1
3925614,How do you read a file into a list in Python?,read a file 'C:/name/MyDocuments/numbers' into a list `data`,"data = [line.strip() for line in open('C:/name/MyDocuments/numbers', 'r')]",840,12,9,27,1
4383571,Importing files from different folder,Importing file `file` from folder '/path/to/application/app/folder',"sys.path.insert(0, '/path/to/application/app/folder')
import file",928,15,9,27,1
4454298,Prepend a line to an existing file in Python,prepend the line '#test firstline\n' to the contents of file 'infile' and save as the file 'outfile',"open('outfile', 'w').write('#test firstline\n' + open('infile').read())",932,15,9,27,1
4476373,Simple URL GET/POST function,post request url `url` with parameters `payload`,"r = requests.post(url, data=payload)",933,15,4,27,1
4581646,How to count all elements in a nested dictionary?,Get total number of values in a nested dictionary `food_colors`,sum(len(x) for x in list(food_colors.values())),950,15,1,27,0
5618878,convert list to string,concatenating values in list `L` to a string,"makeitastring = ''.join(map(str, L))",1083,19,7,27,1
5971312,How to set environment variables in Python,Get a environment variable `DEBUSSY`,print(os.environ['DEBUSSY']),1114,19,4,27,1
6376886,What is the best way to create a string array in python?,create list of 'size' empty strings,strs = ['' for x in range(size)],1139,20,7,27,1
6532881,How to make a copy of a 2D array in Python?,make a row-by-row copy `y` of array `x`,y = [row[:] for row in x],1156,20,6,27,0
8569201,Get the string within brackets in Python,find the string matches within parenthesis from a string `s` using regex,"m = re.search('\\[(\\w+)\\]', s)",1340,25,0,27,0
9210525,convert hex to decimal,"convert hex string ""0xff"" to decimal","int('0xff', 16)",1397,27,5,27,0
9647586,Getting a request parameter in Jinja2,get a request parameter `a` in jinja2,{{request.args.get('a')}},1438,28,4,27,1
10078470,Sort numpy matrix row values in ascending order,sort rows of numpy matrix `arr` in ascending order according to all column values,"numpy.sort(arr, axis=0)",1466,28,6,27,0
12681945,Reversing bits of Python integer,revers correlating bits of integer `n`,"int('{:08b}'.format(n)[::-1], 2)",1664,33,5,27,0
13418405,Get name of primary field of Django model,get name of primary field `name` of django model `CustomPK`,CustomPK._meta.pk.name,1744,36,4,27,1
13740672,in pandas how can I groupby weekday() for a datetime column?,create a new column `weekday` in pandas data frame `data` based on the values in column `my_dt`,data['weekday'] = data['my_dt'].apply(lambda x: x.weekday()),1773,36,3,27,0
14661051,Convert Python dictionary to JSON array,convert python dictionary `your_data` to json array,"json.dumps(your_data, ensure_ascii=False)",1846,38,1,27,0
17141558,How to sort a dataFrame in python pandas by two or more columns?,sort dataframe `df` based on column 'a' in ascending and column 'b' in descending,"df.sort_values(['a', 'b'], ascending=[True, False])",2040,43,3,27,0
17284947,regex to get all text outside of brackets,Use a regex to get all text in a string `example_str` that is not surrounded by square brackets,"re.findall('(.*?)(?:\\[.*?\\]|$)', example_str)",2049,43,0,27,0
18493677,how do i return a string from a regex match in python,return a string from a regex match with pattern '<img.*?>' in string 'line',"imtag = re.match('<img.*?>', line).group(0)",2135,46,0,27,0
18684076,How to create a list of date string in 'yyyymmdd' format with Python Pandas?,How to create a list of date string in 'yyyymmdd' format with Python Pandas?,"[d.strftime('%Y%m%d') for d in pandas.date_range('20130226', '20130302')]",2151,46,2,27,0
20796355,change current working directory in python,change current working directory,os.chdir('.\\chapter3'),2281,49,9,27,1
20796355,change current working directory in python,change current working directory to directory 'chapter3',os.chdir('chapter3'),2282,49,9,27,1
20986631,How can I scroll a web page using selenium webdriver in python?,scroll to the bottom of a web page using selenium webdriver,"driver.execute_script('window.scrollTo(0, Y)')",2291,50,4,27,1
22397058,Dropping a single (sub-) column from a MultiIndex,drop a single subcolumn 'a' in column 'col1' from a dataframe `df`,"df.drop(('col1', 'a'), axis=1)",2351,51,3,27,0
26443308,Find last occurrence of character,"Find last occurrence of character '}' in string ""abcd}def}""",'abcd}def}'.rfind('}'),2443,53,0,27,0
30729735,finding index of multiple items in a list,finding the index of elements containing substring 'how' and 'what' in a list of strings 'myList'.,"[i for i, j in enumerate(myList) if 'how' in j.lower() or 'what' in j.lower()]",2562,56,0,27,0
34696853,Convert list of strings to int,convert strings in list-of-lists `lst` to ints,[[int(x) for x in sublist] for sublist in lst],2673,59,7,27,1
39604780,How can I print the Truth value of a variable?,print the truth value of `a`,print(bool(a)),2769,62,5,27,0
39646401,How to merge the elements in a list sequentially in python,merge the elements in a list `lst` sequentially,"[''.join(seq) for seq in zip(lst, lst[1:])]",2772,62,7,27,1
40535203,How to slice a list of strings with space delimiter?,get a list of last trailing words from another list  of strings`Original_List`,new_list = [x.split()[-1] for x in Original_List],2805,63,7,27,1
