question_id,intent,rewritten_intent,snippet,idx,time_batch,cluster,gradual_batch,gradual_new
42950,Get Last Day of the Month,Get Last Day of the second month in year 2012,"monthrange(2012, 2)",31,0,2,23,0
209513,Convert hex string to int,"Convert hex string ""a"" to integer","int('a', 16)",91,0,5,23,0
902408,How to use variables in SQL statement in Python?,"Execute a sql statement using variables `var1`, `var2` and `var3`","cursor.execute('INSERT INTO table VALUES (%s, %s, %s)', (var1, var2, var3))",356,0,4,23,1
1602934,Check if a given key already exists in a dictionary,Check if key 'c' in `d`,('c' in d),481,3,0,23,0
1712227,get the size of a list,"get the size of a list `[1,2,3]`","len([1, 2, 3])",488,3,7,23,1
2612802,copy a list,make a copy of list `old_list`,[i for i in old_list],636,7,7,23,1
3220284,How to Customize the time format for Python logging?,customize the time format in python logging,formatter = logging.Formatter('%(asctime)s;%(levelname)s;%(message)s'),718,9,2,23,0
3728017,Sorting while preserving order in python,Sorting while preserving order in python,"sorted(enumerate(a), key=lambda x: x[1])",804,11,7,23,1
3735814,Check for a key pattern in a dictionary in python,Check if any key in the dictionary `dict1` starts with the string `EMP$$`,any(key.startswith('EMP$$') for key in dict1),806,11,1,23,0
3899980,How to change the font size on a matplotlib plot,change the font size on plot `matplotlib` to 22,matplotlib.rcParams.update({'font.size': 22}),837,12,4,23,1
3925465,Repeating elements in list comprehension,get list of duplicated elements in range of 3,"[y for x in range(3) for y in [x, x]]",839,12,7,23,1
4287209,Sort list of strings by integer suffix in python,"sort list of strings `the_list` by integer suffix before ""_""","sorted(the_list, key=lambda x: int(x.split('_')[1]))",909,14,7,23,1
4628618,Replace first occurence of string,replace only first occurence of string `TEST` from a string `longlongTESTstringTEST`,"'longlongTESTstringTEST'.replace('TEST', '?', 1)",956,15,0,23,0
4940032,Search for string in txt file,Search for string 'blabla' in txt file 'example.txt',"f = open('example.txt')
s = mmap.mmap(f.fileno(), 0, access=mmap.ACCESS_READ)
if (s.find('blabla') != (-1)):
    pass",1022,17,0,23,0
5218948,How to auto-scroll a gtk.scrolledwindow?,Make a auto scrolled window to the end of the list in gtk,"self.treeview.connect('size-allocate', self.treeview_changed)",1047,18,4,23,1
5285181,IO Error while storing data in pickle,open a file `/home/user/test/wsservice/data.pkl` in binary write mode,"output = open('/home/user/test/wsservice/data.pkl', 'wb')",1054,18,9,23,1
6764909,Python: How to remove all duplicate items from a list,remove all duplicate items from a list `lseperatedOrblist`,woduplicates = list(set(lseperatedOrblist)),1177,21,7,23,1
6886493,Get all object attributes,Get all object attributes of an object,dir(),1182,21,4,23,1
7164679,How to send cookies in a post request with the Python Requests library?,send cookies `cookie` in a post request to url 'http://wikipedia.org' with the python requests library,"r = requests.post('http://wikipedia.org', cookies=cookie)",1203,22,4,23,1
7750557,How do I get JSON data from RESTful service using Python?,get json data from restful service 'url',json.load(urllib.request.urlopen('url')),1259,23,4,23,1
8306171,Python: Extract variables out of namespace,update the `globals()` dictionary with the contents of the `vars(args)` dictionary,globals().update(vars(args)),1318,25,1,23,0
10857924,Remove NULL columns in a dataframe Pandas?,remove null columns in a dataframe `df`,"df = df.dropna(axis=1, how='all')",1528,30,3,23,0
13277440,How can I get Python to use upper case letters to print hex values?,use upper case letters to print hex value `value`,print('0x%X' % value),1722,35,5,23,0
14111705,Displaying a grayscale Image,display a grayscale image from array of pixels `imageArray`,"imshow(imageArray, cmap='Greys_r')",1806,37,6,23,0
14406214,Moving x-axis to the top of a plot in matplotlib,move x-axis to the top of a plot `ax`,ax.xaxis.tick_top(),1830,38,4,23,1
14465279,Delete all objects in a list,delete all values in a list `mylist`,del mylist[:],1836,38,7,23,1
14956683,Finding the minimum value in a numpy array and the corresponding values for the rest of that array's row,Get the value of the minimum element in the second column of array `a`,"a[np.argmin(a[:, (1)])]",1878,39,6,23,0
16096754,remove None value from a list without removing the 0 value,remove None value from list `L`,[x for x in L if x is not None],1963,41,7,23,1
18837607,Remove multiple items from list in Python,remove elements from list `oldlist` that have an index number mentioned in list `removelist`,"newlist = [v for i, v in enumerate(oldlist) if i not in removelist]",2166,46,7,23,1
20950650,How to sort Counter by value? - python,reverse sort Counter `x` by values,"sorted(x, key=x.get, reverse=True)",2288,49,7,23,1
21887754,numpy concatenate two arrays vertically,numpy concatenate two arrays `a` and `b` along the second axis,"print(concatenate((a, b), axis=1))",2333,51,6,23,0
24958010,get key by value in dictionary with same value in python?,get keys with same value in dictionary `d`,print([key for key in d if d[key] == 1]),2414,53,1,23,0
25698710,Replace all occurrences of a string in a pandas dataframe (Python),replace all occurences of newlines `\n` with `<br>` in dataframe `df`,"df.replace({'\n': '<br>'}, regex=True)",2428,53,3,23,0
27659153,How to group similar items in a list?,make a list of lists in which each list `g` are the elements from list `test` which have the same characters up to the first `_` character,"[list(g) for _, g in itertools.groupby(test, lambda x: x.split('_')[0])]",2468,54,7,23,1
30062429,Python How to get every first element in 2 Dimensional List,get value of first index of each element in list `a`,[x[0] for x in a],2542,56,7,23,1
34750084,Regex and Octal Characters,Find octal characters matches from a string `str` using regex,"print(re.findall(""'\\\\[0-7]{1,3}'"", str))",2675,59,0,23,0
39804375,Python - Sort a list of dics by value of dict`s dict value,sort a list of dictionary `persons` according to the key `['passport']['birth_info']['date']`,"sorted(persons, key=lambda x: x['passport']['birth_info']['date'])",2774,62,1,23,0
39816795,How to add a specific number of characters to the end of string in Pandas?,"Initialize a pandas series object `s` with columns `['A', 'B', 'A1R', 'B2', 'AABB4']`","s = pd.Series(['A', 'B', 'A1R', 'B2', 'AABB4'])",2775,62,3,23,0
40851413,MITM proxy over SSL hangs on wrap_socket with client,send data 'HTTP/1.0 200 OK\r\n\r\n' to socket `connection`,connection.send('HTTP/1.0 200 OK\r\n\r\n'),2816,63,4,23,1
