question_id,intent,rewritten_intent,snippet,idx,time_batch,cluster,gradual_batch,gradual_new
432842,get the logical xor of two variables,get logical xor of `a` and `b`,((a and (not b)) or ((not a) and b)),192,0,0,47,0
647515,How can I know python's path under windows?,get the path of Python executable under windows,os.path.dirname(sys.executable),261,0,9,47,1
843277,check if a variable exists,check if a local variable `myVar` exists,('myVar' in locals()),338,0,4,47,1
845058,get line count,get line count of file `filename`,"def bufcount(filename):
    f = open(filename)
    lines = 0
    buf_size = (1024 * 1024)
    read_f = f.read
    buf = read_f(buf_size)
    while buf:
        lines += buf.count('\n')
        buf = read_f(buf_size)
    return lines",342,0,9,47,1
899103,Writing a list to a file with Python,writing items in list `itemlist` to file `outfile`,outfile.write('\n'.join(itemlist)),353,0,9,47,1
1269217,Calling a base class's classmethod in Python,Call a base class's class method `do` from derived class `Derived`,"super(Derived, cls).do(a)",437,2,4,47,1
1516795,"In Django, how do I filter based on all entities in a many-to-many relation instead of any?","In Django, filter `Task.objects` based on all entities in ['A', 'P', 'F']","Task.objects.exclude(prerequisites__status__in=['A', 'P', 'F'])",467,3,4,47,1
1800187,replace values in an array,replace NaN values in array `a` with zeros,"b = np.where(np.isnan(a), 0, a)",506,4,6,47,0
1866343,Removing an element from a list based on a predicate,removing an element from a list based on a predicate 'X' or 'N',"[x for x in ['AAT', 'XAC', 'ANT', 'TTA'] if 'X' not in x and 'N' not in x]",514,4,7,47,1
2153444,Python: Finding average of a nested list,Find average of a nested list `a`,a = [(sum(x) / len(x)) for x in zip(*a)],561,5,7,47,1
2191699,Find an element in a list of tuples,find all the elements that consists value '1' in a list of tuples 'a',[item for item in a if 1 in item],569,5,7,47,1
2759323,How can I list the contents of a directory in Python?,list all the contents of the directory 'path'.,os.listdir('path'),652,8,9,47,1
2849286,"Python, Matplotlib, subplot: How to set the axis range?","set the y axis range to `0, 1000` in subplot using pylab","pylab.ylim([0, 1000])",674,8,4,47,1
3780403,Python: Sum string lengths,sum the length of all strings in a list `strings`,length = sum(len(s) for s in strings),814,12,7,47,1
3847472,get index of character in python list,"get index of character 'b' in list '['a', 'b']'","['a', 'b'].index('b')",824,12,7,47,1
4060221,How to reliably open a file in the same directory as a Python script,open a file 'bundled-resource.jpg' in the same directory as a python script,"f = open(os.path.join(__location__, 'bundled-resource.jpg'))",874,13,9,47,1
4706499,append to a file,append to file 'test' content 'koko',"open('test', 'a+b').write('koko')",981,16,9,47,1
4906977,Access environment variables,print all environment variables,print(os.environ),1008,17,4,47,1
5503925,How do I use a dictionary to update fields in Django models?,update fields in Django model `Book` with arguments in dictionary `d` where primary key is equal to `pk`,Book.objects.filter(pk=pk).update(**d),1072,18,1,47,0
5838735,Open file in Python,open file `path` with mode 'r',"open(path, 'r')",1094,19,9,47,1
6996603,Delete a file or folder,recursively remove folder `name`,os.removedirs(name),1190,21,9,47,1
8785554,How do I insert a list at the front of another list?,insert elements of list `k` into list `a` at position `n`,a = a[:n] + k + a[n:],1364,26,7,47,1
9089043,Get list item by attribute in Python,Get a list of items in the list `container` with attribute equal to `value`,items = [item for item in container if item.attribute == value],1389,26,7,47,1
9153527,"Import module in another directory from a ""parallel"" sub-directory",append a path `/path/to/main_folder` in system path,sys.path.append('/path/to/main_folder'),1391,26,9,47,1
9754729,Remove object from a list of objects in python,remove index 2 element from a list `my_list`,my_list.pop(2),1444,28,7,47,1
10586778,test a boolean expression in a Python string,evaluate the expression '20<30',eval('20<30'),1507,29,5,47,0
10607688,how to create a file name with the current date & time in python?,create a datetime with the current date & time,datetime.datetime.now(),1509,29,2,47,0
13303100,how to access the class variable by string in Python?,access the class variable `a_string` from a class object `test`,"getattr(test, a_string)",1728,35,4,47,1
13745648,Running bash script from within python,running bash script 'sleep.sh',"subprocess.call('sleep.sh', shell=True)",1774,36,4,47,1
14442636,How can I check if a checkbox is checked in Selenium Python Webdriver?,check if a checkbox is checked in selenium python webdriver,driver.find_element_by_name('<check_box_name>').is_selected(),1835,38,4,47,1
17071871,Select rows from a DataFrame based on values in a column in pandas,select rows from a dataframe `df` whose value for column `column_name` is not in `some_values`,df.loc[~df['column_name'].isin(some_values)],2026,43,3,47,0
17277100,Python: slicing a multi-dimensional array,get a list `slice` of array slices of the first two rows and columns from array `arr`,"slice = [arr[i][0:2] for i in range(0, 2)]",2047,43,6,47,0
19205916,How to call Base Class's __init__ method from the child class?,call base class's __init__ method from the child class `ChildClass`,"super(ChildClass, self).__init__(*args, **kwargs)",2186,47,4,47,1
25651990,OSError: [WinError 193] %1 is not a valid Win32 application,run script 'hello.py' with argument 'htmlfilename.htm' on terminal using python executable,"subprocess.call(['python.exe', 'hello.py', 'htmlfilename.htm'])",2426,53,9,47,1
29784889,"Python, how to enable all warnings?",enable warnings using action 'always',warnings.simplefilter('always'),2529,56,4,47,1
30483977,Python - Get Yesterday's date as a string in YYYY-MM-DD format,get yesterday's date as a string in `YYYY-MM-DD` format using timedelta,(datetime.now() - timedelta(1)).strftime('%Y-%m-%d'),2552,56,2,47,0
31676133,Python: transform a list of lists of tuples,Convert each list in list `main_list` into a tuple,"map(list, zip(*main_list))",2589,57,7,47,1
39129846,Sort list of mixed strings based on digits,sort list `l` based on its elements' digits,"sorted(l, key=lambda x: int(re.search('\\d+', x).group(0)))",2752,61,7,47,1
39187788,Find rows with non zero values in a subset of columns in pandas dataframe,find rows with non zero values in a subset of columns where `df.dtypes` is not equal to `object` in pandas dataframe,"df.loc[(df.loc[:, (df.dtypes != object)] != 0).any(1)]",2754,61,3,47,0
