question_id,intent,rewritten_intent,snippet,idx,time_batch,cluster,gradual_batch,gradual_new
120656,Directory listing,list all files in directory `path`,os.listdir(path),70,0,9,13,1
354038,check if a string is a number,function to check if a string is a number,isdigit(),150,0,0,13,0
402504,determine the variable type,determine the type of variable `v`,type(v),177,0,4,13,1
415511,get current time,get current date and time,datetime.datetime.now(),187,0,2,13,0
438684,How to convert a list of longs into a comma separated string in python,convert list `list_of_ints` into a comma separated string,""""""","""""".join([str(i) for i in list_of_ints])",195,0,7,13,1
674764,string find,find the index of sub string 's' in string `str` starting from index 16,"str.find('s', 16)",280,0,0,13,0
1031851,Python: Best Way to Exchange Keys with Values in a Dictionary?,swap keys with values in a dictionary `a`,"res = dict((v, k) for k, v in a.items())",404,1,1,13,0
2052390,Manually raising (throwing) an exception,"throw an exception ""I know Python!""",raise Exception('I know Python!'),543,5,4,13,1
2793324,delete a list element by value,remove item `c` in list `a`,a.remove(c),665,8,7,13,1
3294889,Iterating over dictionaries using for loops,Iterating key and items over dictionary `d`,"for (k, v) in list(d.items()):
    pass",740,10,1,13,0
3411025,Summarizing a dictionary of arrays in Python,get top `3` items from a dictionary `mydict` with largest sum of values,"heapq.nlargest(3, iter(mydict.items()), key=lambda tup: sum(tup[1]))",759,10,1,13,0
4302027,how to open a url in python,webbrowser open url `url`,webbrowser.open_new(url),916,14,4,13,1
4476373,Simple URL GET/POST function,request http url `url`,r = requests.get(url),935,15,4,13,1
4484690,How to filter a dictionary in Python?,Filter a dictionary `d` to remove keys with value 'None' and replace other values with 'updated',"dict((k, 'updated') for k, v in d.items() if v != 'None')",938,15,1,13,0
6294179,How to find all occurrences of an element in a list?,How to find all occurrences of an element in a list?,"indices = [i for i, x in enumerate(my_list) if x == 'whatever']",1134,20,7,13,1
6480441,2D array of objects in Python,create a 2D array of `Node` objects with dimensions `cols` columns and `rows` rows,nodes = [[Node() for j in range(cols)] for i in range(rows)],1151,20,6,13,0
7271385,How do I combine two lists into a dictionary in Python?,"combine two lists `[1, 2, 3, 4]` and `['a', 'b', 'c', 'd']` into a dictionary","dict(zip([1, 2, 3, 4], ['a', 'b', 'c', 'd']))",1213,22,1,13,0
7670226,python/numpy: how to get 2D array column length?,get second array column length of array `a`,a.shape[1],1251,23,6,13,0
8440117,How do I print a Celsius symbol with matplotlib?,print a celsius symbol on x axis of a plot `ax`,ax.set_xlabel('Temperature (\u2103)'),1332,25,4,13,1
10020591,How to resample a dataframe with different functions applied to each column?,"Resample dataframe `frame` to resolution of 1 hour `1H` for timeseries index, summing values in the column `radiation` averaging those in column `tamb`","frame.resample('1H').agg({'radiation': np.sum, 'tamb': np.mean})",1463,28,3,13,0
10973614,Convert JSON array to Python list,Convert JSON array `array` to Python object,data = json.loads(array),1535,30,6,13,0
11236006,Identify duplicate values in a list in Python,identify duplicate values in list `mylist`,"[k for k, v in list(Counter(mylist).items()) if v > 1]",1554,31,7,13,1
11533274,How can I combine dictionaries with the same keys in python?,combine list of dictionaries `dicts` with the same keys in each list to a single dictionary,"dict((k, [d[k] for d in dicts]) for k in dicts[0])",1584,31,1,13,0
12557612,Calling a parent class constructor from a child class in python,call parent class `Instructor` of child class constructor,"super(Instructor, self).__init__(name, year)",1655,33,4,13,1
12589481,Python Pandas: Multiple aggregations of the same column,apply two different aggregating functions `mean` and `sum` to the same column `dummy` in pandas data frame `df`,"df.groupby('dummy').agg({'returns': [np.mean, np.sum]})",1660,33,3,13,0
13902805,List of all unique characters in a string?,get list of all unique characters in a string 'aaabcabccd',list(set('aaabcabccd')),1787,37,0,13,0
17352321,Python splitting string by parentheses,"find all occurrences of the pattern '\\[[^\\]]*\\]|\\([^\\)]*\\)|""[^""]*""|\\S+' within `strs`","re.findall('\\[[^\\]]*\\]|\\([^\\)]*\\)|""[^""]*""|\\S+', strs)",2053,43,0,13,0
18079029,Index of element in Numpy array,get the indexes of the x and y axes in Numpy array `np` where variable `a` is equal to variable `value`,"i, j = np.where(a == value)",2101,45,6,13,0
18176933,Create an empty data frame with index from another data frame,create an empty data frame `df2` with index from another data frame `df1`,df2 = pd.DataFrame(index=df1.index),2112,45,3,13,0
18979111,Sending post data from angularjs to django as JSON and not as raw content,decode json string `request.body` to python dict,json.loads(request.body),2171,46,4,13,1
22229255,Confusing with the usage of regex in Python,match zero-or-more instances of lower case alphabet characters in a string `f233op `,"re.findall('([a-z])*', 'f233op')",2345,51,0,13,0
25040875,Get a list of values from a list of dictionaries in python,get a list of values for key 'key' from a list of dictionaries `l`,[d['key'] for d in l],2417,53,1,13,0
28207743,Convert string to numpy array,Create an array containing the conversion of string '100110' into separate elements,"np.array(map(int, '100110'))",2485,55,5,13,0
29370211,pandas split string into columns,"split string in column 'stats' by ',' into separate columns in dataframe `df`","df['stats'].str[1:-1].str.split(',').apply(pd.Series).astype(float)",2515,55,3,13,0
31617845,"How to select rows in a DataFrame between two values, in Python Pandas?",select rows in a dataframe `df` column 'closing_price' between two values 99 and 101,df = df[(df['closing_price'] >= 99) & (df['closing_price'] <= 101)],2587,57,3,13,0
31818050,round number to nearest integer,round number 8.005 up to 2 decimal places,"round(8.005, 2)",2602,58,5,13,0
33711985,Flattening a list of NumPy arrays?,concatenate a list of numpy arrays `input_list` together into a flattened list of values,np.concatenate(input_list).ravel().tolist(),2649,59,6,13,0
40517350,How to sum the nlargest() integers in groupby,sum the 3 largest integers in groupby by 'STNAME' and 'COUNTY_POP',df.groupby('STNAME')['COUNTY_POP'].agg(lambda x: x.nlargest(3).sum()),2804,63,3,13,0
41572822,How to swap a group of column headings with their values in Pandas,Sort the values of the dataframe `df` and align the columns accordingly based on the obtained indices after np.argsort.,"pd.DataFrame(df.columns[np.argsort(df.values)], df.index, np.unique(df.values))",2842,64,3,13,0
