question_id,intent,rewritten_intent,snippet,idx,time_batch,cluster,gradual_batch,gradual_new
373194,Python regex for MD5 hash,find all matches of regex pattern '([a-fA-F\\d]{32})' in string `data`,"re.findall('([a-fA-F\\d]{32})', data)",170,0,0,5,0
587345,Python regular expression matching a multiline block of text,"regular expression ""^(.+)\\n((?:\\n.+)+)"" matching a multiline block of text","re.compile('^(.+)\\n((?:\\n.+)+)', re.MULTILINE)",240,0,0,5,0
902761,Saving a Numpy array as an image,save a numpy array `image_array` as an image 'outfile.jpg',"scipy.misc.imsave('outfile.jpg', image_array)",358,0,6,5,0
988228,Convert a String representation of a Dictionary to a dictionary?,"build a dict of key:value pairs from a string representation of a dict, `{'muffin' : 'lolz', 'foo' : 'kitty'}`","ast.literal_eval(""{'muffin' : 'lolz', 'foo' : 'kitty'}"")",394,1,1,5,0
1555968,Efficient way to find the largest key in a dictionary with non-zero value,get the largest key whose not associated with value of 0 in dictionary `x`,"(k for k, v in x.items() if v != 0)",473,3,1,5,0
2397687,What's the easiest way to convert a list of hex byte strings to a list of hex integers?,convert the elements of list `L` from hex byte strings to hex integers,"[int(x, 16) for x in L]",597,6,5,5,0
2742784,Python: How to round 123 to 100 instead of 100.0?,round 123 to 100,"int(round(123, -2))",648,7,5,5,0
4703390,How to extract a floating number from a string,extract floating point numbers from a string 'Current Level: -13.2 db or 14.2 or 3',"re.findall('[-+]?\\d*\\.\\d+|\\d+', 'Current Level: -13.2 db or 14.2 or 3')",977,16,5,5,0
5352546,best way to extract subset of key-value pairs from python dictionary object,"Get items from a dictionary `bigdict` where the keys are present in `('l', 'm', 'n')`","{k: bigdict.get(k, None) for k in ('l', 'm', 'n')}",1060,18,1,5,0
5844672,Delete an element from a dictionary,Delete an element with key `key` dictionary `r`,del r[key],1097,19,1,5,0
5844672,Delete an element from a dictionary,Delete an element 0 from a dictionary `a`,{i: a[i] for i in a if (i != 0)},1098,19,1,5,0
6429638,How to split a string into integers in Python?,How to split a string into integers in Python?,"map(int, '42 0'.split())",1150,20,5,5,0
7371935,Sort a string in lexicographic order python,Sort a string `s` in lexicographic order,"sorted(s, key=str.upper)",1232,22,0,5,0
7595148,Python - Converting Hex to INT/CHAR,converting hex string `s` to its integer representations,[ord(c) for c in s.decode('hex')],1245,23,5,5,0
8654637,"Pythonic way to fetch all elements in a dictionary, falling between two keys?","fetch all elements in a dictionary `parent_dict`, falling between two keys 2 and 4","dict((k, v) for k, v in parent_dict.items() if 2 < k < 4)",1345,25,1,5,0
8899905,Count number of occurrences of a given substring in a string,"count number of occurrences of a substring 'ab' in a string ""abcdabcva""","""""""abcdabcva"""""".count('ab')",1366,26,0,5,0
9323749,Python: Check if one dictionary is a subset of another larger dictionary,check if dictionary `subset` is a subset of dictionary `superset`,all(item in list(superset.items()) for item in list(subset.items())),1406,27,1,5,0
9573244,Most elegant way to check if the string is empty,check if string `my_string` is empty,"if (not my_string):
    pass",1428,27,0,5,0
10487278,Python - How to declare and add items to an array?,add an item with key 'third_key' and value 1 to an dictionary `my_dict`,my_dict.update({'third_key': 1}),1495,29,1,5,0
10565598,Numpy: How to check if array contains certain numbers?,check if array `b` contains all elements of array `a`,"numpy.in1d(b, a).all()",1503,29,6,5,0
11361985,Output data from all columns in a dataframe in pandas,output data of the first 7 columns of Pandas dataframe,"pandas.set_option('display.max_columns', 7)",1571,31,3,5,0
11414596,"dropping a row in pandas with dates indexes, python",return dataframe `df` with last row dropped,df.ix[:-1],1578,31,3,5,0
11692613,Python - sum values in dictionary,sum values in list of dictionaries `example_list` with key 'gold',sum(item['gold'] for item in example_list),1594,32,1,5,0
13636592,How to sort a Pandas DataFrame according to multiple criteria?,sort a pandas data frame by column `Peak` in ascending and `Weeks` in descending order,"df.sort(['Peak', 'Weeks'], ascending=[True, False], inplace=True)",1765,36,3,5,0
14986218,From a list of lists to a dictionary,Convert a list of lists `lol` to a dictionary with key as second value of a list and value as list itself,{x[1]: x for x in lol},1882,39,1,5,0
17438906,Combining rows in pandas,combining rows in pandas by adding their values,df.groupby(df.index).sum(),2058,44,3,5,0
18137341,applying functions to groups in pandas dataframe,apply function `log2` to the grouped values by 'type' in dataframe `df`,df.groupby('type').apply(lambda x: np.mean(np.log2(x['v']))),2108,45,3,5,0
18366797,pandas.read_csv: how to skip comment lines,pandas read comma-separated CSV file `s` and skip commented lines starting with '#',"pd.read_csv(StringIO(s), sep=',', comment='#')",2124,45,3,5,0
18504967,pandas dataframe create new columns and fill with calculated values from same df,create new column `A_perc` in dataframe `df` with row values equal to the value in column `A` divided by the value in column `sum`,df['A_perc'] = df['A'] / df['sum'],2137,46,3,5,0
18724607,Python date string formatting,Python date string formatting,"""""""{0.month}/{0.day}/{0.year}"""""".format(my_date)",2159,46,2,5,0
20084487,Use index in pandas to plot data,plot data of column 'index' versus column 'A' of dataframe `monthly_mean` after resetting its index,"monthly_mean.reset_index().plot(x='index', y='A')",2244,48,3,5,0
20400135,Simple way to append a pandas series with same index,simple way to append a pandas series `a` and `b` with same index,"pd.concat([a, b], ignore_index=True)",2258,49,3,5,0
23354124,"How can I ""unpivot"" specific columns from a pandas DataFrame?",unpivot first 2 columns into new columns 'year' and 'value' from a pandas dataframe `x`,"pd.melt(x, id_vars=['farm', 'fruit'], var_name='year', value_name='value')",2377,52,3,5,0
30551576,Using Regular Expressions to extract specific urls in python,match urls whose domain doesn't start with `t` from string `document` using regex,"re.findall('http://[^t][^s""]+\\.html', document)",2554,56,0,5,0
31547657,How can I solve system of linear equations in SymPy?,"sympy solve matrix of linear equations `(([1, 1, 1, 1], [1, 1, 2, 3]))` with variables `(x, y, z)`","linsolve(Matrix(([1, 1, 1, 1], [1, 1, 2, 3])), (x, y, z))",2586,57,6,5,0
35178812,Counting unique index values in Pandas groupby,count unique index values in column 'A' in pandas dataframe `ex`,ex.groupby(level='A').agg(lambda x: x.index.get_level_values(1).nunique()),2688,60,3,5,0
40273313,How to extract first two characters from string using regex,use regex pattern '^12(?=.{4}$)' to remove digit 12 if followed by 4 other digits in column `c_contofficeID` of dataframe `df`,"df.c_contofficeID.str.replace('^12(?=.{4}$)', '')",2793,62,3,5,0
40682209,Pandas: Fill missing values by mean in each group faster than transfrom,Replace NaN values in  column 'value' with the mean of data in column 'group' of dataframe `df`,df[['value']].fillna(df.groupby('group').transform('mean')),2811,63,3,5,0
42353686,How to use map to lowercase strings in a dictionary?,lowercase string values with key 'content' in a list of dictionaries `messages`,[{'content': x['content'].lower()} for x in messages],2867,64,1,5,0
