question_id,intent,rewritten_intent,snippet,idx,time_batch,cluster,gradual_batch,gradual_new
364519,iterate over a dictionary in sorted order,iterate over a dictionary `d` in sorted order,"for (key, value) in sorted(d.items()):
    pass",158,0,1,1,0
415511,get current time,get current time in string format,str(datetime.now()),184,0,2,1,0
455612,Limiting floats to two decimal points,print float `a` with two decimal points,"print(('%.2f' % round(a, 2)))",202,0,5,1,0
940822,"Regular expression syntax for ""match nothing""?",regular expression syntax for not to match anything,re.compile('.\\A|.\\A*|.\\A+'),375,0,0,1,0
3061761,Numpy array dimensions,get the dimensions of numpy array `a`,a.shape,701,9,6,1,0
3097866,Access an arbitrary element in a dictionary in Python,Retrieve an arbitrary value from dictionary `dict`,next(iter(dict.values())),703,9,1,1,0
3519125,Converting a hex-string representation to actual bytes in Python,convert a hex-string representation to actual bytes,"""""""\\xF3\\xBE\\x80\\x80"""""".replace('\\x', '').decode('hex')",786,11,5,1,0
5110352,How do I display current time using Python + Django?,display current time,now = datetime.datetime.now().strftime('%H:%M:%S'),1033,17,2,1,0
5501641,How to create a list with the characters of a string?,create a list with the characters of a string `5+6`,list('5+6'),1071,18,5,1,0
6633678,Finding words after keyword in python,finding words in string `s` after keyword 'name',"re.search('name (.*)', s)",1167,21,0,1,0
6710684,Remove one column for a numpy array,delete the last column of numpy array `a` and assign resulting array to `b`,"b = np.delete(a, -1, 1)",1172,21,6,1,0
7351270,Control a print format when printing a list in Python,format print output of list of floats `l` to print only up to 3 decimal points,"print('[' + ', '.join('%5.3f' % v for v in l) + ']')",1228,22,5,1,0
8519599,"python: dictionary to string, custom format?","dictionary `d` to string, custom format","""""""<br/>"""""".join([('%s:: %s' % (key, value)) for key, value in list(d.items())])",1334,25,1,1,0
9875964,Python: converting radians to degrees,convert radians 1 to degrees,math.cos(math.radians(1)),1454,28,5,1,0
10351772,converting list of string to list of integer,convert list of string numbers into list of integers,"map(int, eval(input('Enter the unfriendly numbers: ')))",1482,29,5,1,0
11144513,Numpy: cartesian product of x and y array points into single array of 2D points,cartesian product of `x` and `y` array points into single array of 2d points,"numpy.dstack(numpy.meshgrid(x, y)).reshape(-1, 2)",1549,31,6,1,0
11760095,convert binary string to numpy array,convert binary string to numpy array,"np.fromstring('\x00\x00\x80?\x00\x00\x00@\x00\x00@@\x00\x00\x80@', dtype='>f4')",1602,32,6,1,0
12096252,use a list of values to select rows from a pandas dataframe,"use a list of values `[3,6]` to select rows from a pandas dataframe `df`'s column 'A'","df[df['A'].isin([3, 6])]",1624,32,3,1,0
13209288,Python split string based on regex,split string `input` based on occurrences of regex pattern '[ ](?=[A-Z]+\\b)',"re.split('[ ](?=[A-Z]+\\b)', input)",1713,35,0,1,0
13496087,Python: How to generate a 12-digit random number?,generate a 12-digit random number,"'%0.12d' % random.randint(0, 999999999999)",1752,36,5,1,0
14247586,Python Pandas How to select rows with one or more nulls from a DataFrame without listing columns explicitly?,get data of columns with Null values in dataframe `df`,df[pd.isnull(df).any(axis=1)],1816,37,3,1,0
14301913,Convert pandas group by object to multi-indexed Dataframe,convert pandas group by object to multi-indexed dataframe with indices 'Name' and 'Destination',"df.set_index(['Name', 'Destination'])",1823,38,3,1,0
15741759,Find maximum value of a column and return the corresponding row values using Pandas,Return rows of data associated with the maximum value of column 'Value' in dataframe `df`,df.loc[df['Value'].idxmax()],1941,41,3,1,0
15940280,How to get UTC time in Python?,get current utc time,datetime.utcnow(),1956,41,2,1,0
16127862,"in Python, how to convert list of float numbers to string with certain format?",convert list `lst` of tuples of floats to list `str_list` of tuples of strings of floats in scientific notation with eight decimal point precision,str_list = [tuple('{0:.8e}'.format(flt) for flt in sublist) for sublist in lst],1969,41,5,1,0
20733827,creating list of random numbers in python,create list `randomList` with 10 random floating point numbers between 0.0 and 1.0,randomList = [random.random() for _ in range(10)],2277,49,5,1,0
22799300,How to unpack a Series of tuples in Pandas?,unpack a series of tuples in pandas into a DataFrame with column names 'out-1' and 'out-2',"pd.DataFrame(out.tolist(), columns=['out-1', 'out-2'], index=out.index)",2364,51,3,1,0
25474338,regex for repeating words in a string in Python,regex for repeating words in a string `s`,"re.sub('(?<!\\S)((\\S+)(?:\\s+\\2))(?:\\s+\\2)+(?!\\S)', '\\1', s)",2424,53,0,1,0
26640145,Python Pandas: How to get the row names from index of a dataframe?,get a list of the row names from index of a pandas data frame,list(df.index),2446,54,3,1,0
29370211,pandas split string into columns,Unpack column 'stats' in dataframe `df` into a series of columns,df['stats'].apply(pd.Series),2514,55,3,1,0
29836836,How do I filter a pandas DataFrame based on value counts?,filter dataframe `df` by values in column `A` that appear more than once,df.groupby('A').filter(lambda x: len(x) > 1),2532,56,3,1,0
30190459,How to gracefully fallback to `NaN` value while reading integers from a CSV with Pandas?,convert nan values to ‘n/a’ while reading rows from a csv `read_csv` with pandas,"df = pd.read_csv('my.csv', na_values=['n/a'])",2544,56,3,1,0
30406725,Python pandas - grouping by and summarizing on a field,convert dataframe `df` into a pivot table using column 'order' as index and values of column 'sample' as columns,"df.pivot(index='order', columns='sample')",2551,56,3,1,0
30759776,Extracting specific src attributes from script tags,"extract attributes 'src=""js/([^""]*\\bjquery\\b[^""]*)""' from string `data`","re.findall('src=""js/([^""]*\\bjquery\\b[^""]*)""', data)",2565,57,0,1,0
35711059,Extract dictionary value from column in data frame,extract dictionary values by key 'Feature3' from data frame `df`,feature3 = [d.get('Feature3') for d in df.dic],2699,60,3,1,0
40144769,How to select the last column of dataframe,select the last column of dataframe `df`,df[df.columns[-1]],2787,62,3,1,0
40924332,Splitting a list in a Pandas cell into multiple columns,split a list in first column  into multiple columns keeping other columns as well in pandas data frame,"pd.concat([df[0].apply(pd.Series), df[1]], axis=1)",2819,63,3,1,0
42100344,How to convert efficiently a dataframe column of string type into datetime in Python?,"convert a dataframe `df`'s column `ID` into datetime, after removing the first and last 3 letters",pd.to_datetime(df.ID.str[1:-3]),2859,64,3,1,0
42731970,Regex add character to matched string,replace periods `.` that are not followed by periods or spaces with a period and a space `. `,"re.sub('\\.(?=[^ .])', '. ', para)",2876,65,8,1,0
