question_id,intent,rewritten_intent,snippet,idx,time_batch,cluster,gradual_batch,gradual_new
44778,How would you make a comma-separated string from a list?,make a comma-separated string from a list `myList`,"myList = ','.join(map(str, myList))",32,0,7,24,1
44778,How would you make a comma-separated string from a list?,"Join elements of list `l` with a comma `,`",""""""","""""".join(l)",33,0,7,24,1
176918,Finding the index of an item given a list containing it in Python,"finding the index of an item 'foo' given a list `['foo', 'bar', 'baz']` containing it","[i for i, j in enumerate(['foo', 'bar', 'baz']) if j == 'foo']",79,0,7,24,1
209513,Convert hex string to int,Convert hex string `hexString` to int,"int(hexString, 16)",93,0,5,24,0
510348,make a time delay,"delay for ""5"" seconds",time.sleep(5),217,0,4,24,1
674764,string find,find the index of sub string 's' in string `str` starting from index 11,"str.find('s', 11)",285,0,0,24,0
1303243,find out if a Python object is a string,check if object `obj` is a string,"isinstance(obj, str)",441,2,0,24,0
1883980,Find the nth occurrence of substring in a string,find the index of the second occurrence of the substring `bar` in string `foo bar bar bar`,"""""""foo bar bar bar"""""".replace('bar', 'XXX', 1).find('bar')",518,4,0,24,0
2793324,delete a list element by value,delete the element `c` from list `a`,"if (c in a):
    a.remove(c)",662,8,7,24,1
2850966,How can I lookup an attribute in any scope by name?,lookup an attribute in any scope by name 'range',"getattr(__builtins__, 'range')",675,8,4,24,1
3277503,read a file line by line into a list,"read file ""file.txt"" line by line into a list `array`","with open('file.txt', 'r') as ins:
    array = []
    for line in ins:
        array.append(line)",730,10,9,24,1
3880399,how to send the output of pprint module to a log file,send the output of pprint object `dataobject` to file `logFile`,"pprint.pprint(dataobject, logFile)",831,12,9,24,1
3940128,reverse a list,reverse a list `L`,L[::(-1)],852,13,7,24,1
4065737,Python/Numpy: Convert list of bools to unsigned int,Sum the corresponding decimal values for binary values of each boolean element in list `x`,"sum(1 << i for i, b in enumerate(x) if b)",875,13,7,24,1
4524723,Take screenshot in Python on Mac OS X,take screenshot 'screen.png' on mac os x,os.system('screencapture screen.png'),944,15,4,24,1
4685571,Generic reverse of list items in Python,Get reverse of list items from list 'b' using extended slicing,[x[::-1] for x in b],970,16,7,24,1
4843173,How to check if type of a variable is string?,check if type of a variable `s` is string,"isinstance(s, str)",1000,16,0,24,0
5201191,Method to sort a list of lists?,sort list of lists `L` by the second item in each list,L.sort(key=operator.itemgetter(1)),1045,18,7,24,1
5858916,Find array item in a string,check if any of the items in  `search` appear in `string`,any(x in string for x in search),1100,19,0,24,0
5871168,How can I subtract or add 100 years to a datetime field in the database in Django?,Update datetime field in `MyModel` to be the existing `timestamp` plus 100 years,MyModel.objects.update(timestamp=F('timestamp') + timedelta(days=36524.25)),1105,19,2,24,0
6561653,how to get the index of dictionary with the highest value in a list of dictionary,Get an item from a list of dictionary `lst` which has maximum value in the key `score` using lambda function,"max(lst, key=lambda x: x['score'])",1158,20,1,24,0
7974442,lambda in python,make a function `f` that calculates the sum of two integer variables `x` and `y`,"f = lambda x, y: x + y",1273,23,4,24,1
8639973,How to plot with x-axis at the top of the figure?,How to plot with x-axis at the top of the figure?,ax.xaxis.set_ticks_position('top'),1343,25,4,24,1
9637838,Convert string date to timestamp in Python,convert date string `s` in format pattern '%d/%m/%Y' into a timestamp,"time.mktime(datetime.datetime.strptime(s, '%d/%m/%Y').timetuple())",1437,28,2,24,0
12168648,Pandas (python): How to add column to dataframe for index?,add a column 'new_col' to dataframe `df` for index in range,"df['new_col'] = list(range(1, len(df) + 1))",1626,32,3,24,0
12845112,Python: Make last item of array become the first,move last item of array `a` to the first position,a[-1:] + a[:-1],1682,34,6,24,0
14734750,How to get multiple parameters with same name from a URL in Pylons?,get multiple parameters with same name from a url in pylons,request.params.getall('c'),1853,38,4,24,1
15769246,Pythonic way to print list items,print list of items `myList`,print('\n'.join(str(p) for p in myList)),1943,41,7,24,1
17038639,sorting a list with objects of a class as its items,sort list `your_list` by the `anniversary_score` attribute of each object,your_list.sort(key=lambda x: x.anniversary_score),2020,43,7,24,1
17141558,How to sort a dataFrame in python pandas by two or more columns?,sort a pandas data frame with column `a` in ascending and `b` in descending order,"df1.sort(['a', 'b'], ascending=[True, False], inplace=True)",2038,43,3,24,0
17438096,FTP upload files Python,upload file using FTP,"ftp.storlines('STOR ' + filename, open(filename, 'r'))",2057,44,9,24,1
19602931,http file downloading and saving,download file from http url `file_url`,file_name = wget.download(file_url),2209,47,9,24,1
19863964,fastest way to find the magnitude (length) squared of a vector field,find the magnitude (length) squared of a vector `vf` field,"np.einsum('...j,...j->...', vf, vf)",2228,48,4,24,1
22859493,Order list by date (String and datetime),sort list `li` in descending order based on the date value in second element of each list in list `li`,"sorted(li, key=lambda x: datetime.strptime(x[1], '%d/%m/%Y'), reverse=True)",2365,51,7,24,1
23286254,Convert List to a list of tuples python,pair each element in list `it` 3 times into a tuple,"zip(it, it, it)",2373,52,7,24,1
38251245,Create a list of tuples with adjacent list elements if a condition is true,"create a list of tuples which contains number 9 and the number before it, for each occurrence of 9 in the list 'myList'","[(x, y) for x, y in zip(myList, myList[1:]) if y == 9]",2738,61,7,24,1
39821166,How to reverse the elements in a sublist?,"given list `to_reverse`, reverse the all sublists and the list itself",[sublist[::-1] for sublist in to_reverse[::-1]],2776,62,7,24,1
39998424,How to delete a file without an extension?,delete file `filename`,os.remove(filename),2780,62,9,24,1
40851413,MITM proxy over SSL hangs on wrap_socket with client,send data 'HTTP/1.0 200 OK\r\n\r\n' to socket `connection`,connection.send('HTTP/1.0 200 established\r\n\r\n'),2815,63,4,24,1
