question_id,intent,rewritten_intent,snippet,idx,time_batch,cluster,gradual_batch,gradual_new,recurring_batch,rec_new
674764,string find,find the index of sub string 'cc' in string 'sdfasdf','sdfasdf'.index('cc'),284,0,0,13,0,7,0
931092,Reverse a string,Reverse a string `s`,''.join(reversed(s)),367,0,8,0,0,7,0
2168123,Converting a String to List in Python,"convert the string '0,1,2' to a list of integers","[int(x) for x in '0,1,2'.split(',')]",563,5,5,4,0,7,0
2721782,How to convert a Date string to a DateTime object?,convert a date string `s` to a datetime object,"datetime.datetime.strptime(s, '%Y-%m-%dT%H:%M:%SZ')",647,7,2,25,0,7,0
2803852,Python date string to date object,convert date string '24052010' to date object in format '%d%m%Y',"datetime.datetime.strptime('24052010', '%d%m%Y').date()",667,8,2,19,0,7,0
3258573,Pythonic way to insert every 2 elements in a string,Insert a character `-` after every two elements in a string `s`,"""""""-"""""".join(a + b for a, b in zip(s[::2], s[1::2]))",723,9,8,0,0,7,0
4302166,Format string dynamically,"format number of spaces between strings `Python`, `:` and `Very Good` to be `20`","print('%*s : %*s' % (20, 'Python', 20, 'Very Good'))",917,14,8,0,0,7,0
4363072,what would be the python code to add time to a specific timestamp?,Parse string '21/11/06 16:30' according to format '%d/%m/%y %H:%M',"datetime.strptime('21/11/06 16:30', '%d/%m/%y %H:%M')",925,15,2,6,0,7,0
5844672,Delete an element from a dictionary,Delete an element `key` from a dictionary `d`,del d[key],1099,19,1,5,0,7,0
6569528,Python float to int conversion,round off the float that is the product of `2.52 * 100` and convert it to an int,int(round(2.51 * 100)),1159,21,5,24,0,7,0
9224385,"In dictionary, converting the value from string to integer",convert values in dictionary `d` into integers,"{k: int(v) for k, v in d.items()}",1399,27,1,41,0,7,0
10213994,sorting a list of tuples in Python,sorting a list of tuples `list_of_tuples` by second key,"sorted(list_of_tuples, key=lambda tup: tup[1])",1475,29,7,39,1,7,0
11613284,Add items to a dictionary of lists,get a dictionary with keys from one list `keys` and values from other list `data`,"dict(zip(keys, zip(*data)))",1588,32,1,59,0,7,0
12400256,Python: Converting Epoch time into the datetime,Convert unix timestamp '1347517370' to formatted string '%Y-%m-%d %H:%M:%S',"time.strftime('%Y-%m-%d %H:%M:%S', time.localtime(1347517370))",1646,33,2,40,0,7,0
13462365,Python 2.7 Counting number of dictionary items with given value,count the number of values in `d` dictionary that are predicate to function `some_condition`,sum(1 for x in list(d.values()) if some_condition(x)),1746,36,1,4,0,7,0
13557937,How to convert decimal to binary list in python,convert decimal `8` to binary list,[int(x) for x in bin(8)[2:]],1756,36,5,39,0,7,0
14043934,time offset,subtract 1 hour and 10 minutes from time object `t`,"(t - datetime.timedelta(hours=1, minutes=10))",1802,37,2,7,0,7,0
14182339,Matching multiple regex patterns with the alternation operator?,match regex '\\((.*?)\\)|(\\w)' with string '(zyx)bc',"re.findall('\\((.*?)\\)|(\\w)', '(zyx)bc')",1814,37,0,12,0,7,0
14737222,How to split a word into letters in Python,"Split string `Hello` into a string of letters seperated by `,`",""""""","""""".join('Hello')",1854,38,8,0,0,7,0
16127862,"in Python, how to convert list of float numbers to string with certain format?",convert list `lst` of tuples of floats to list `str_list` of tuples of strings of floats in scientific notation with eight decimal point precision,str_list = [tuple('{0:.8e}'.format(flt) for flt in sublist) for sublist in lst],1969,41,5,54,0,7,0
17027690,How to skip the extra newline while printing lines read from a file?,skip the newline while printing `line`,print(line.rstrip('\n')),2017,43,8,0,0,7,0
17141558,How to sort a dataFrame in python pandas by two or more columns?,sort dataframe `df` based on column 'b' in ascending and column 'c' in descending,"df.sort_values(['b', 'c'], ascending=[True, False], inplace=True)",2039,43,3,27,0,7,0
17352321,Python splitting string by parentheses,"find all occurrences of the pattern '\\[[^\\]]*\\]|\\([^\\)]*\\)|""[^""]*""|\\S+' within `strs`","re.findall('\\[[^\\]]*\\]|\\([^\\)]*\\)|""[^""]*""|\\S+', strs)",2053,43,0,13,0,7,0
17608210,sorting a list in python,Sort a list of strings 'words' such that items starting with 's' come first.,"sorted(words, key=lambda x: 'a' + x if x.startswith('s') else 'b' + x)",2071,44,7,28,1,7,0
17734779,how do I sort a python list of dictionaries given a list of ids with the desired order?,sort a python list of dictionaries `users` by a given list `order` of ids 'id' with the desired order,users.sort(key=lambda x: order.index(x['id'])),2080,44,1,11,0,7,0
18229082,Python pickle/unpickle a list to/from a file,python pickle/unpickle a list to/from a file 'afile',"pickle.load(open('afile', 'rb'))",2115,45,9,51,1,7,0
20084487,Use index in pandas to plot data,plot data of column 'index' versus column 'A' of dataframe `monthly_mean` after resetting its index,"monthly_mean.reset_index().plot(x='index', y='A')",2244,48,3,12,0,7,0
20206615,How can a pandas merge preserve order?,do a `left` merge of dataframes `x` and `y` on the column `state` and sort by `index`,"x.reset_index().merge(y, how='left', on='state', sort=False).sort('index')",2252,49,3,26,0,7,0
23823206,Upload files to Google cloud storage from appengine app,upload uploaded file from path '/upload' to Google cloud storage 'my_bucket' bucket,"upload_url = blobstore.create_upload_url('/upload', gs_bucket_name='my_bucket')",2389,52,9,64,1,7,0
24076297,How to truncate a string using str.format in Python?,display first 5 characters of string 'aaabbbccc',"""""""{:.5}"""""".format('aaabbbccc')",2399,52,8,35,0,7,0
26266362,How to count the Nan values in the column in Panda Data frame,Get the number of NaN values in each column of dataframe `df`,df.isnull().sum(),2440,53,3,14,0,7,0
26640145,Python Pandas: How to get the row names from index of a dataframe?,get the row names from index in a pandas data frame,df.index,2445,53,3,1,0,7,0
26720916,Faster way to rank rows in subgroups in pandas dataframe,"Get rank of rows from highest to lowest of dataframe `df`, grouped by value in column `group`, according to value in column `value`",df.groupby('group')['value'].rank(ascending=False),2447,54,3,46,0,7,0
27060098,Replacing few values in a pandas dataframe column with another value,replacing 'ABC' and 'AB' values in column 'BrandName' of dataframe `df` with 'A',"df['BrandName'].replace(['ABC', 'AB'], 'A')",2455,54,3,11,0,7,0
31385363,how to export a table dataframe in pyspark to csv?,export a table dataframe `df` in pyspark to csv 'mycsv.csv',df.toPandas().to_csv('mycsv.csv'),2582,57,3,25,0,7,0
34197047,sorting list of list in python,sorting the lists in list of lists `data`,[sorted(item) for item in data],2659,59,7,51,1,7,0
35883459,Creating a list of dictionaries in python,Creating a list of dictionaries in python,"[{'A': 1, 'C': 4, 'B': 2, 'D': 4}, {'A': 1, 'C': 4, 'B': 1, 'D': 5}]",2703,60,1,35,0,7,0
42211584,How do I compare values in a dictionary?,get the maximum of 'salary' and 'bonus' values in a dictionary,"print(max(d, key=lambda x: (d[x]['salary'], d[x]['bonus'])))",2864,64,1,58,0,7,0
42353686,How to use map to lowercase strings in a dictionary?,lowercase string values with key 'content' in a list of dictionaries `messages`,[{'content': x['content'].lower()} for x in messages],2867,64,1,8,0,7,0
