question_id,intent,rewritten_intent,snippet,idx,time_batch,cluster,gradual_batch,gradual_new,recurring_batch,rec_new
72899,How do I sort a list of dictionaries by values of the dictionary in Python?,How do I sort a list of dictionaries by values of the dictionary in Python?,list_of_dicts.sort(key=operator.itemgetter('age')),43,0,1,64,0,56,0
123198,copy a file,copy file '/dir/file.ext' to '/new/dir',"shutil.copy2('/dir/file.ext', '/new/dir')",74,0,9,25,1,56,0
364519,iterate over a dictionary in sorted order,iterate over a dictionary `d` in sorted order,it = iter(sorted(d.items())),159,0,1,1,0,56,0
415511,get current time,get current date and time,datetime.datetime.now(),187,0,2,34,0,56,0
674519,How can I convert a Python dictionary to a list of tuples?,convert a python dictionary 'a' to a list of tuples,"[(k, v) for k, v in a.items()]",276,0,1,10,0,56,0
875968,How to remove symbols from a string with Python?,remove symbols from a string `s`,"re.sub('[^\\w]', ' ', s)",350,0,8,0,0,56,0
952914,Making a flat list out of list of lists,make a flat list from list of lists `sublist`,[item for sublist in l for item in sublist],379,1,7,50,1,56,0
2195340,Determining the unmatched portion of a string using a regex in Python,"split string 'Words, words, words.' using a regex '(\\W+)'","re.split('(\\W+)', 'Words, words, words.')",571,5,0,47,0,56,0
2212433,Counting the Number of keywords in a dictionary in python,count the number of keys in dictionary `yourdictfile`,len(set(open(yourdictfile).read().split())),573,5,1,63,0,56,0
3277503,read a file line by line into a list,read file `fname` line by line into a list `content`,"with open(fname) as f:
    content = f.readlines()",728,9,9,32,1,56,0
3817529,syntax for creating a dictionary into another dictionary in python,"create a dictionary `{'spam': 5, 'ham': 6}` into another dictionary `d` field 'dict3'","d['dict3'] = {'spam': 5, 'ham': 6}",819,12,1,27,0,56,0
4484690,How to filter a dictionary in Python?,Filter a dictionary `d` to remove keys with value 'None' and replace other values with 'updated',"dict((k, 'updated') for k, v in d.items() if v != 'None')",938,15,1,40,0,56,0
7351270,Control a print format when printing a list in Python,print a list of floating numbers `l` using string formatting,print([('%5.3f' % val) for val in l]),1227,22,5,29,0,56,0
8303993,Elegant way to transform a list of dict into a dict of dicts,convert a list of dictionaries `listofdict into a dictionary of dictionaries,"dict((d['name'], d) for d in listofdict)",1316,25,1,9,0,56,0
9427163,Remove duplicate dict in list in Python,remove duplicate dict in list `l`,[dict(t) for t in set([tuple(d.items()) for d in l])],1413,27,1,8,0,56,0
9470142,Remove string between 2 characters from text string,remove all square brackets from string 'abcd[e]yth[ac]ytwec',"re.sub('\\[.*?\\]', '', 'abcd[e]yth[ac]ytwec')",1415,27,8,0,0,56,0
9775297,Append a NumPy array to a NumPy array,append a numpy array 'b' to a numpy array 'a',"np.vstack((a, b))",1450,28,6,30,0,56,0
9938130,plotting stacked barplots on a panda data frame,plotting stacked barplots on a panda data frame,"df.plot(kind='barh', stacked=True)",1460,28,3,34,0,56,0
10915391,Sorting a list of dicts by dict values,sort a list of dictionaries `a` by dictionary values in descending order,"sorted(a, key=lambda i: list(i.values())[0], reverse=True)",1531,30,1,35,0,56,0
11760095,convert binary string to numpy array,convert binary string to numpy array,"np.fromstring('\x00\x00\x80?\x00\x00\x00@\x00\x00@@\x00\x00\x80@', dtype='>f4')",1602,32,6,19,0,56,0
13411544,Delete column from pandas DataFrame,delete a column `column_name` without having to reassign from pandas data frame `df`,"df.drop('column_name', axis=1, inplace=True)",1740,35,3,55,0,56,0
14299978,How to use lxml to find an element by text?,Find the`a` tag in html `root` which starts with the text `TEXT A`  and assign it to `e`,"e = root.xpath('.//a[starts-with(text(),""TEXT A"")]')",1820,37,0,46,0,56,0
15248272,python list comprehension with multiple 'if's,list comprehension that produces integers between 11 and 19,[i for i in range(100) if i > 10 if i < 20],1903,40,5,56,0,56,0
15851568,how to get the last part of a string before a certain character?,get the last part of a string before the character '-',"print(x.rsplit('-', 1)[0])",1948,41,8,0,0,56,0
16772071,sort dict by value python,sort dict `data` by value,"sorted(data, key=data.get)",2005,42,1,41,0,56,0
17895835,format strings and named arguments in Python,print two numbers `10` and `20` using string formatting,"""""""{0} {1}"""""".format(10, 20)",2090,44,5,8,0,56,0
18524642,Convert list of lists to list of integers,combine elements of each list in list `L` into digits of a single integer,[''.join(str(d) for d in x) for x in L],2139,46,7,37,1,56,0
19527279,Python - Unicode to ASCII conversion,convert unicode string `s` to ascii,s.encode('iso-8859-15'),2201,47,8,0,0,56,0
21261330,Splitting string and removing whitespace Python,"Split string with comma (,) and remove whitespace from a string 'my_string'","[item.strip() for item in my_string.split(',')]",2302,50,8,0,0,56,0
25292838,applying regex to a pandas dataframe,Update row values for a column `Season` using vectorized string operation in pandas,df['Season'].str.split('-').str[0].astype(int),2420,53,3,11,0,56,0
26541968,Delete every non utf-8 symbols froms string,delete every non `utf-8` characters from a string `line`,"line = line.decode('utf-8', 'ignore').encode('utf-8')",2444,53,8,0,0,56,0
28657018,Remove string from list if from substring list,get last element of string splitted by '\\' from list of strings `list_dirs`,[l.split('\\')[-1] for l in list_dirs],2492,55,8,48,0,56,0
29881993,How can I access elements inside a list within a dictionary python?,"join together with "","" elements inside a list indexed with 'category' within a dictionary `trans`",""""""","""""".join(trans['category'])",2534,56,1,41,0,56,0
30405804,How do I permanently set the current directory to the Desktop in Python?,permanently set the current directory to the 'C:/Users/Name/Desktop',os.chdir('C:/Users/Name/Desktop'),2550,56,9,47,1,56,0
32296933,removing duplicates of a list of sets,remove all duplicates from a list of sets `L`,list(set(frozenset(item) for item in L)),2619,58,7,21,1,56,0
32296933,removing duplicates of a list of sets,remove duplicates from a list of sets 'L',[set(item) for item in set(frozenset(item) for item in L)],2620,58,7,19,1,56,0
34468983,How to check if all elements in a tuple or list are in another?,"check if all elements in a tuple `(1, 6)` are in another `(1, 2, 3, 4, 5)`","all(i in (1, 2, 3, 4, 5) for i in (1, 6))",2668,59,7,52,1,56,0
36674519,How to get a daterange of the 2nd Fridays of each month?,create a DatetimeIndex containing 13 periods of the second friday of each month starting from date '2016-01-01',"pd.date_range('2016-01-01', freq='WOM-2FRI', periods=13)",2716,60,2,35,0,56,0
38831808,Reading hex to double-precision float python,unpack the binary data represented by the hexadecimal string '4081637ef7d0424a' to a float,"struct.unpack('d', binascii.unhexlify('4081637ef7d0424a'))",2749,61,5,48,0,56,0
