question_id,intent,rewritten_intent,snippet,idx,time_batch,cluster,gradual_batch,gradual_new
209840,Map two lists into a dictionary in Python,map two lists `keys` and `values` into a dictionary,"dict((k, v) for k, v in zip(keys, values))",95,0,1,4,0
432842,get the logical xor of two variables,get logical xor of `a` and `b`,"xor(bool(a), bool(b))",191,0,0,4,0
455612,Limiting floats to two decimal points,print float `a` with two decimal points,print(('%.2f' % a)),204,0,5,4,0
577234,"Python ""extend"" for a dictionary",extend dictionary `a` with key/value pairs of dictionary `b`,a.update(b),236,0,1,4,0
818949,How to convert strings numbers to integers in a list?,create list `changed_list ` containing elements of list `original_list` whilst converting strings containing digits to integers,changed_list = [(int(f) if f.isdigit() else f) for f in original_list],335,0,5,4,0
1514553,declare an array,declare an array `variable`,variable = [],465,3,6,4,0
1713594,Parse a string with a date to a datetime object,parse string '01-Jan-1995' into a datetime object using format '%d-%b-%Y',"datetime.datetime.strptime('01-Jan-1995', '%d-%b-%Y')",492,3,2,4,0
1747817,Create a dictionary with list comprehension,Create a dictionary `d` from list `iterable`,"d = dict(((key, value) for (key, value) in iterable))",498,4,1,4,0
1920145,How to find duplicate elements in array using for loop in Python?,Get all the keys from dictionary `y` whose value is `1`,[i for i in y if y[i] == 1],523,4,1,4,0
2111163,Selecting specific column in each row from array,"subset numpy array `a` by column and row, returning the values from the first row, first column and the second row, second column and the third row, first column.","a[np.arange(3), (0, 1, 0)]",553,5,6,4,0
2168123,Converting a String to List in Python,"convert the string '0,1,2' to a list of integers","[int(x) for x in '0,1,2'.split(',')]",563,5,5,4,0
2637760,How do I match contents of an element in XPath (lxml)?,match contents of an element to 'Example' in xpath (lxml),"tree.xpath("".//a[text()='Example']"")[0].tag",641,7,0,4,0
2878084,Sort a list of dicts by dict values,"sort a list of dictionaries by the value of keys 'title', 'title_url', 'id' in ascending order.","l.sort(key=lambda x: (x['title'], x['title_url'], x['id']))",677,8,1,4,0
3220284,How to Customize the time format for Python logging?,customize the time format in python logging,formatter = logging.Formatter('%(asctime)s;%(levelname)s;%(message)s'),718,9,2,4,0
3294889,Iterating over dictionaries using for loops,Iterating key and items over dictionary `d`,"for (k, v) in list(d.items()):
    pass",740,10,1,4,0
3437059,string contains substring,"check if string ""substring"" is in string",string.find('substring'),766,10,0,4,0
3743222,How do I convert datetime to date (in Python)?,How do I convert datetime to date (in Python)?,datetime.datetime.now().date(),808,12,2,4,0
4642501,How to sort dictionaries by keys in Python,Sort dictionary `o` in ascending order based on its keys and items,sorted(o.items()),962,15,1,4,0
7238226,Python datetime to microtime,Convert a datetime object `dt` to microtime,time.mktime(dt.timetuple()) + dt.microsecond / 1000000.0,1205,22,2,4,0
11620914,Removing nan values from an array,remove Nan values from array `x`,x = x[numpy.logical_not(numpy.isnan(x))],1590,32,6,4,0
13277440,How can I get Python to use upper case letters to print hex values?,use upper case letters to print hex value `value`,print('0x%X' % value),1722,35,5,4,0
13462365,Python 2.7 Counting number of dictionary items with given value,count the number of values in `d` dictionary that are predicate to function `some_condition`,sum(1 for x in list(d.values()) if some_condition(x)),1746,36,1,4,0
15650538,Sub matrix of a list of lists (without numpy),"Create sub matrix of a list of lists `[[2, 3, 4], [2, 3, 4], [2, 3, 4]]` (without numpy)","[[2, 3, 4], [2, 3, 4], [2, 3, 4]]",1937,40,6,4,0
17141558,How to sort a dataFrame in python pandas by two or more columns?,sort a pandas data frame with column `a` in ascending and `b` in descending order,"df1.sort(['a', 'b'], ascending=[True, False], inplace=True)",2038,43,3,4,0
17815945,Convert generator object to a dictionary,convert generator object to a dictionary,{i: (i * 2) for i in range(10)},2086,44,1,4,0
18689823,pandas DataFrame: replace nan values with average of columns,replace nan values in a pandas data frame with the average of columns,"df.apply(lambda x: x.fillna(x.mean()), axis=0)",2153,46,3,4,0
19781609,How do you remove the column name row from a pandas DataFrame?,Exclude column names when writing dataframe `df` to a csv file `filename.csv`,"df.to_csv('filename.csv', header=False)",2223,48,3,4,0
23855976,Middle point of each pair of an numpy.array,get an array of the mean of each two consecutive values in numpy array `x`,x[:-1] + (x[1:] - x[:-1]) / 2,2390,52,6,4,0
25279993,Parsing non-zero padded timestamps in Python,parse string '2015/01/01 12:12am' to DateTime object using format '%Y/%m/%d %I:%M%p',"datetime.strptime('2015/01/01 12:12am', '%Y/%m/%d %I:%M%p')",2419,53,2,4,0
25698710,Replace all occurrences of a string in a pandas dataframe (Python),replace all occurrences of a string `\n` by string `<br>` in a pandas data frame `df`,"df.replace({'\n': '<br>'}, regex=True)",2429,53,3,4,0
28773683,Combine two Pandas dataframes with the same index,combine  dataframe `df1` and dataframe `df2` by index number,"pd.merge(df1, df2, left_index=True, right_index=True, how='outer')",2500,55,3,4,0
28925267,delete every nth row or column in a matrix using Python,delete every 8th column in a numpy array 'a'.,"np.delete(a, list(range(0, a.shape[1], 8)), axis=1)",2504,55,6,4,0
29370211,pandas split string into columns,"split string in column 'stats' by ',' into separate columns in dataframe `df`","df['stats'].str[1:-1].str.split(',').apply(pd.Series).astype(float)",2515,55,3,4,0
30026815,Add Multiple Columns to Pandas Dataframe from Function,"add multiple columns `hour`, `weekday`, `weeknum` to pandas data frame `df` from lambda function `lambdafunc`","df[['hour', 'weekday', 'weeknum']] = df.apply(lambdafunc, axis=1)",2541,56,3,4,0
30190459,How to gracefully fallback to `NaN` value while reading integers from a CSV with Pandas?,convert nan values to ‘n/a’ while reading rows from a csv `read_csv` with pandas,"df = pd.read_csv('my.csv', na_values=['n/a'])",2544,56,3,4,0
33769531,Python: Converting from binary to String,Convert a binary value '1633837924' to string,"struct.pack('<I', 1633837924)",2651,59,5,4,0
40076861,How to merge two DataFrames into single matching the column values,merge a pandas data frame `distancesDF` and column `dates` in pandas data frame `datesDF` into single,"pd.concat([distancesDF, datesDF.dates], axis=1)",2783,62,3,4,0
40173569,python - convert datetime to varchar/string,Parse DateTime object `datetimevariable` using format '%Y-%m-%d',datetimevariable.strftime('%Y-%m-%d'),2789,62,2,4,0
40924332,Splitting a list in a Pandas cell into multiple columns,split a list in first column  into multiple columns keeping other columns as well in pandas data frame,"pd.concat([df[0].apply(pd.Series), df[1]], axis=1)",2819,63,3,4,0
