question_id,intent,rewritten_intent,snippet,idx,time_batch,cluster,gradual_batch,gradual_new,recurring_batch,rec_new
3061761,Numpy array dimensions,get the dimensions of numpy array `a`,N.shape(a),700,9,6,29,0,65,0
6159313,Can Python test the membership of multiple values in a list?,"test if either of strings `a` or `b` are members of the set of strings, `['b', 'a', 'foo', 'bar']`","set(['a', 'b']).issubset(['b', 'a', 'foo', 'bar'])",1123,20,0,34,0,65,0
18695605,python pandas dataframe to dictionary,convert pandas DataFrame `df` to a dictionary using `id` field as the key,df.set_index('id').to_dict(),2155,46,3,7,0,65,0
29760130,What is the proper way to print a nested list with the highest value in Python,get the list with the highest sum value in list `x`,"print(max(x, key=sum))",2528,56,7,50,1,65,0
