question_id,intent,rewritten_intent,snippet,idx,time_batch,cluster,gradual_batch,gradual_new,recurring_batch,rec_new
82831,check whether a file exists,"check whether a file ""/etc/password.txt"" exists",print(os.path.isfile('/etc/password.txt')),52,0,9,33,1,59,0
273192,check if a directory exists and create it if necessary,check if a directory `path` exists and create it if necessary,distutils.dir_util.mkpath(path),118,0,9,32,1,59,0
275018,remove (chomp) a newline,remove newline in string `s`,s.strip(),124,0,8,0,0,59,0
364519,iterate over a dictionary in sorted order,iterate over a dictionary `d` in sorted order,"for (key, value) in sorted(d.items()):
    pass",158,0,1,1,0,59,0
439115,random Decimal in python,generate random Decimal,decimal.Decimal(random.randrange(10000)) / 100,196,0,5,6,0,59,0
466345,Converting string into datetime,"parse string ""Aug 28 1999 12:00AM"" into datetime",parser.parse('Aug 28 1999 12:00AM'),209,0,2,40,0,59,0
743806,Split string into a list,"split string `text` by "",""","text.split(',')",304,0,8,0,0,59,0
899103,Writing a list to a file with Python,serialize `itemlist` to file `outfile`,"pickle.dump(itemlist, outfile)",354,0,9,56,1,59,0
1196074,How to start a background process in Python?,run shell command 'rm -r some.file' in the background,"subprocess.Popen(['rm', '-r', 'some.file'])",428,2,9,39,1,59,0
3847472,get index of character in python list,"get index of character 'b' in list '['a', 'b']'","['a', 'b'].index('b')",824,12,7,47,1,59,0
4290716,How to write bytes to a file in Python 3 without knowing the encoding?,write bytes `bytes_` to a file `filename` in python 3,"open('filename', 'wb').write(bytes_)",911,14,9,32,1,59,0
5180365,Python Add Comma Into Number String,format floating point number  `TotalAmount` to be rounded off to two decimal places and have a comma thousands' seperator,"print('Total cost is: ${:,.2f}'.format(TotalAmount))",1042,18,5,41,0,59,0
6710684,Remove one column for a numpy array,delete the last column of numpy array `a` and assign resulting array to `b`,"b = np.delete(a, -1, 1)",1172,21,6,1,0,59,0
8134602,psycopg2: insert multiple rows with one query,"execute sql query 'INSERT INTO table VALUES(%s,%s,%s,%s,%s,%s,%s,%s,%s)' with all parameters in list `tup`","cur.executemany('INSERT INTO table VALUES(%s,%s,%s,%s,%s,%s,%s,%s,%s)', tup)",1283,24,7,14,1,59,0
11399384,Extract all keys from a list of dictionaries,create a set containing all keys names from list of dictionaries `LoD`,set([i for s in [list(d.keys()) for d in LoD] for i in s]),1575,31,1,6,0,59,0
11621165,Indexing a pandas dataframe by integer,Reset the indexes of a pandas data frame,df2 = df.reset_index(),1591,32,3,12,0,59,0
11692613,Python - sum values in dictionary,sum values in list of dictionaries `example_list` with key 'gold',sum(item['gold'] for item in example_list),1594,32,1,5,0,59,0
11801309,loop over files,loop over files in directory '.',"for fn in os.listdir('.'):
    if os.path.isfile(fn):
        pass",1605,32,9,50,1,59,0
11833266,How do I read the first line of a string?,How do I read the first line of a string?,"my_string.split('\n', 1)[0]",1610,32,8,0,0,59,0
12666897,Removing an item from list matching a substring - Python,Remove all strings from a list a strings `sents` where the values starts with `@$\t` or `#`,[x for x in sents if not x.startswith('@$\t') and not x.startswith('#')],1663,33,8,0,0,59,0
13156395,Python load json file with UTF-8 BOM header,Open file 'sample.json' in read mode with encoding of 'utf-8-sig',"json.load(codecs.open('sample.json', 'r', 'utf-8-sig'))",1707,35,9,55,1,59,0
13891559,Is there a more pythonic way of exploding a list over a function's arguments?,unpack elements of list `i` as arguments into function `foo`,foo(*i),1785,37,7,18,1,59,0
14932247,variable number of digit in format string,"variable number of digits `digits` in variable `value` in format string ""{0:.{1}%}""","""""""{0:.{1}%}"""""".format(value, digits)",1876,39,5,22,0,59,0
15014276,Python: Sum values in a dictionary based on condition,sum values greater than 0 in dictionary `d`,sum(v for v in list(d.values()) if v > 0),1885,39,1,34,0,59,0
15886340,How to extract all UPPER from a string? Python,remove uppercased characters in string `s`,"re.sub('[^A-Z]', '', s)",1954,41,8,0,0,59,0
18837262,Convert Python dict into a dataframe,converting dictionary `d` into a dataframe `pd` with keys as data for column 'Date' and the corresponding values as data for column 'DateValue',"pd.DataFrame(list(d.items()), columns=['Date', 'DateValue'])",2165,46,3,59,0,59,0
19267591,How to store os.system() output in a variable or a list in python,store the output of command 'ls' in variable `direct_output`,"direct_output = subprocess.check_output('ls', shell=True)",2187,47,9,33,1,59,0
19973489,Pandas remove column by index,"remove column by index `[:, 0:2]` in dataframe `df`","df = df.ix[:, 0:2]",2236,48,3,18,0,59,0
20504881,simple/efficient way to expand a pandas dataframe,merge pandas dataframe `x` with columns 'a' and 'b' and dataframe `y` with column 'y',"pd.merge(y, x, on='k')[['a', 'b', 'y']]",2267,49,3,33,0,59,0
20778951,Regex for location matching - Python,"find all occurrences of regex pattern '(?:\\w+(?:\\s+\\w+)*,\\s)+(?:\\w+(?:\\s\\w+)*)' in string `x`","re.findall('(?:\\w+(?:\\s+\\w+)*,\\s)+(?:\\w+(?:\\s\\w+)*)', x)",2280,49,0,2,0,59,0
21317384,Pandas/Python: How to concatenate two dataframes without duplicates?,concatenate dataframe `df1` with `df2` whilst removing duplicates,"pandas.concat([df1, df2]).drop_duplicates().reset_index(drop=True)",2303,50,3,30,0,59,0
27175400,How to find the index of a value in 2d array in Python?,How to find the index of a value in 2d array in Python?,np.where(a == 1),2457,54,6,11,0,59,0
27457970,Python regex alternative for join,separate each character in string `s` by '-',"re.sub('(.)(?=.)', '\\1-', s)",2463,54,8,0,0,59,0
27946742,Regular expression in Python sentence extractor,Regular expression in Python sentence extractor,"re.split('\\.\\s', re.sub('\\.\\s*$', '', text))",2478,54,0,9,0,59,0
29370211,pandas split string into columns,"split string in column 'stats' by ',' into separate columns in dataframe `df`","df['stats'].str[1:-1].str.split(',').apply(pd.Series).astype(float)",2515,55,3,13,0,59,0
30787901,How to get a value from a Pandas DataFrame and not the index and object type,get the first value from dataframe `df` where column 'Letters' is equal to 'C',"df.loc[df['Letters'] == 'C', 'Letters'].values[0]",2567,57,3,59,0,59,0
31818050,round number to nearest integer,round number 2.0005 up to 3 decimal places,"round(2.0005, 3)",2597,57,5,6,0,59,0
31818050,round number to nearest integer,round number 4.0005 up to 3 decimal places,"round(4.0005, 3)",2601,57,5,56,0,59,0
38535931,Pandas: Delete rows based on multiple columns values,pandas: delete rows in dataframe `df` based on multiple columns values,"df.set_index(list('BC')).drop(tuples, errors='ignore').reset_index()",2745,61,3,38,0,59,0
