question_id,intent,rewritten_intent,snippet,idx,time_batch,cluster,gradual_batch,gradual_new,recurring_batch,rec_new
533398,"In python 2.4, how can I execute external commands with csh instead of bash?",execute external commands/script `your_own_script` with csh instead of bash,os.system('tcsh your_own_script'),229,0,9,38,1,44,0
931092,Reverse a string,"Reverse a string ""foo""",'foo'[::(-1)],370,0,8,0,0,44,0
1555968,Efficient way to find the largest key in a dictionary with non-zero value,get the largest key in a dictionary `x` with non-zero value,"max(k for k, v in x.items() if v != 0)",474,3,1,51,0,44,0
2233917,How to input an integer tuple from user?,input a tuple of integers from user,"tuple(int(x.strip()) for x in input().split(','))",579,6,5,7,0,44,0
2389846,Python Decimals format,format a string `num` using string formatting,"""""""{0:.3g}"""""".format(num)",595,6,5,40,0,44,0
3277503,read a file line by line into a list,"read file ""file.txt"" line by line into a list `array`","with open('file.txt', 'r') as ins:
    array = []
    for line in ins:
        array.append(line)",730,10,9,24,1,44,0
3518778,read csv into record array,read csv file 'myfile.csv' into array,"np.genfromtxt('myfile.csv', delimiter=',', dtype=None)",785,11,6,16,0,44,0
4879641,Python: How to use a list comprehension here?,create a list containing all values associated with key 'baz' in dictionaries of list `foos` using list comprehension,[y['baz'] for x in foos for y in x['bar']],1003,17,1,6,0,44,0
4880960,Sum of all values in a Python dict,sum of all values in a python dict `d`,sum(d.values()),1004,17,1,29,0,44,0
5864271,Reverse a string in Python two characters at a time (Network byte order),reverse a string `a` by 2 characters at a time,""""""""""""".join(reversed([a[i:i + 2] for i in range(0, len(a), 2)]))",1101,19,8,0,0,44,0
6416131,add new item to dictionary,"add key ""item3"" and value ""3"" to dictionary `default_data `",default_data['item3'] = 3,1146,20,1,42,0,44,0
6856119,Can I use an alias to execute a program from a python script,execute command 'source .bashrc; shopt -s expand_aliases; nuke -x scriptPath' from python script,os.system('source .bashrc; shopt -s expand_aliases; nuke -x scriptPath'),1180,21,9,15,1,44,0
7271482,python getting a list of value from list of dict,python getting a list of value from list of dict,[d['value'] for d in l if 'value' in d],1215,22,1,36,0,44,0
7286879,splitting unicode string into words,"split unicode string ""раз два три"" into words",'\u0440\u0430\u0437 \u0434\u0432\u0430 \u0442\u0440\u0438'.split(),1220,22,8,0,0,44,0
8671702,Passing list of parameters to SQL in psycopg2,"pass a list of parameters `((1, 2, 3),) to sql queue 'SELECT * FROM table WHERE column IN %s;'","cur.mogrify('SELECT * FROM table WHERE column IN %s;', ((1, 2, 3),))",1347,25,7,48,1,44,0
9889635,Regular expression to return all characters between two special characters,find all substrings in `mystring` beginning and ending with square brackets,"re.findall('\\[(.*?)\\]', mystring)",1456,28,0,22,0,44,0
10078470,Sort numpy matrix row values in ascending order,sort rows of numpy matrix `arr` in ascending order according to all column values,"numpy.sort(arr, axis=0)",1466,28,6,27,0,44,0
10677350,Convert float to comma-separated string,Convert float 24322.34 to comma-separated string,"""""""{0:,.2f}"""""".format(24322.34)",1519,30,5,7,0,44,0
10996140,How to remove specific elements in a numpy array,remove specific elements in a numpy array `a`,"numpy.delete(a, index)",1539,30,6,58,0,44,0
11040626,Pandas DataFrame Add column to index without resetting,add column `d` to index of dataframe `df`,"df.set_index(['d'], append=True)",1542,30,3,16,0,44,0
11144513,Numpy: cartesian product of x and y array points into single array of 2D points,cartesian product of `x` and `y` array points into single array of 2d points,"numpy.dstack(numpy.meshgrid(x, y)).reshape(-1, 2)",1549,31,6,1,0,44,0
11840111,Divide the values of two dictionaries in python,divide the values with same keys of two dictionary `d1` and `d2`,{k: (float(d2[k]) / d1[k]) for k in d2},1613,32,1,10,0,44,0
12329853,How to rearrange Pandas column sequence?,"Rearrange the columns 'a','b','x','y' of pandas DataFrame `df` in mentioned sequence 'x' ,'y','a' ,'b'","df = df[['x', 'y', 'a', 'b']]",1640,33,3,3,0,44,0
13462365,Python 2.7 Counting number of dictionary items with given value,count the number of pairs in dictionary `d` whose value equal to `chosen_value`,sum(x == chosen_value for x in list(d.values())),1747,36,1,9,0,44,0
13557937,How to convert decimal to binary list in python,convert decimal 8 to a list of its binary values,list('{0:0b}'.format(8)),1755,36,5,57,0,44,0
13840883,Use of findall and parenthesis in Python,Find all words containing letters between A and Z in string `formula`,"re.findall('\\b[A-Z]', formula)",1782,36,0,7,0,44,0
14043934,time offset,subtract 5 hours from the time object `dt`,dt -= datetime.timedelta(hours=5),1800,37,2,2,0,44,0
14858916,True for all characters of a string,check characters of string `string` are true predication of function `predicate`,all(predicate(x) for x in string),1868,39,0,51,0,44,0
14931769,get all combination of n binary value,get all combination of 3 binary values,"bin = [0, 1]
[(x, y, z) for x in bin for y in bin for z in bin]",1872,39,7,54,1,44,0
15661013,Python: most efficient way to convert date to datetime,convert date `my_date` to datetime,"datetime.datetime.combine(my_date, datetime.time.min)",1938,40,2,4,0,44,0
17604837,"Python - Combine two dictionaries, concatenate string values?","combine two dictionaries `d ` and `d1`, concatenate string values with identical `keys`","dict((k, d.get(k, '') + d1.get(k, '')) for k in keys)",2070,44,1,56,0,44,0
18470323,How to select only specific columns from a DataFrame with MultiIndex columns?,select only specific columns 'a' and 'c' from a dataframe 'data' with multiindex columns,"data.loc[:, ([('one', 'a'), ('one', 'c'), ('two', 'a'), ('two', 'c')])]",2133,45,3,48,0,44,0
18722196,How to set UTC offset for datetime?,set UTC offset by 9 hrs ahead for date '2013/09/11 00:17',dateutil.parser.parse('2013/09/11 00:17 +0900'),2157,46,2,10,0,44,0
21833383,When the key is a tuple in dictionary in Python,make all keys lowercase in dictionary `d`,"d = {(a.lower(), b): v for (a, b), v in list(d.items())}",2329,51,1,61,0,44,0
28207743,Convert string to numpy array,Create an array containing the conversion of string '100110' into separate elements,"np.array(map(int, '100110'))",2485,55,5,13,0,44,0
30945784,How to remove all characters before a specific character in Python?,remove all characters from string `stri` upto character 'I',"re.sub('.*I', 'I', stri)",2569,57,8,0,0,44,0
35118265,Dot notation string manipulation,remove the last dot and all text beyond it in string `s`,"re.sub('\\.[^.]+$', '', s)",2687,60,8,0,0,44,0
40582103,using regular expression to split string in python,use regex pattern '((.+?)\\2+)' to split string '44442(2)2(2)44',[m[0] for m in re.compile('((.+?)\\2+)').findall('44442(2)2(2)44')],2807,63,8,0,0,44,0
41067960,How to convert a list of multiple integers into a single integer?,convert a list of integers into a single integer,"r = int(''.join(map(str, x)))",2822,63,5,53,0,44,0
