question_id,intent,rewritten_intent,snippet,idx,time_batch,cluster,gradual_batch,gradual_new,recurring_batch,rec_new
640001,How can I remove text within parentheses with a regex?,remove parentheses and text within it in string `filename`,"re.sub('\\([^)]*\\)', '', filename)",257,0,8,0,0,19,0
764235,Dictionary to lowercase in Python,"Convert each key,value pair in a dictionary `{'My Key': 'My Value'}` to lowercase","dict((k.lower(), v.lower()) for k, v in {'My Key': 'My Value'}.items())",322,0,1,9,0,19,0
2430539,How do I get all the keys that are stored in the Cassandra column family with pycassa?,get a list of all keys in Cassandra database `cf` with pycassa,list(cf.get_range().get_keys()),606,6,1,51,0,19,0
2544710,How I can get rid of None values in dictionary?,get rid of None values in dictionary `kwargs`,"res = dict((k, v) for k, v in kwargs.items() if v is not None)",611,6,1,25,0,19,0
2545397,Converting a string into a list in Python,Get a list of integers `lst` from a file `filename.txt`,"lst = map(int, open('filename.txt').readlines())",614,7,9,48,1,19,0
2553354,How to get a variable name as a string in Python?,"get a dict of variable names `['some', 'list', 'of', 'vars']` as a string and their values","dict((name, eval(name)) for name in ['some', 'list', 'of', 'vars'])",615,7,1,54,0,19,0
2793324,delete a list element by value,remove item `c` in list `a`,a.remove(c),665,8,7,13,1,19,0
3090175,Python - Find the greatest number in a set of numbers,"Find the greatest number in set `(1, 2, 3)`","print(max(1, 2, 3))",702,9,7,18,1,19,0
3207219,list all files of a directory,"list all files of a directory ""somedirectory""",os.listdir('somedirectory'),716,9,9,49,1,19,0
3944876,Casting an int to a string in Python,cast an int `i` to a string and concat to string 'ME','ME' + str(i),854,13,8,0,0,19,0
4302166,Format string dynamically,"format number of spaces between strings `Python`, `:` and `Very Good` to be `20`","print('%*s : %*s' % (20, 'Python', 20, 'Very Good'))",917,14,8,0,0,19,0
4444923,Get Filename Without Extension in Python,get filename without extension from file `filename`,os.path.splitext(filename)[0],931,15,9,34,1,19,0
4484690,How to filter a dictionary in Python?,Filter a dictionary `d` to remove keys with value 'None' and replace other values with 'updated',"dict((k, 'updated') for k, v in d.items() if v != 'None')",938,15,1,13,0,19,0
4581646,How to count all elements in a nested dictionary?,count all elements in a nested dictionary `food_colors`,sum(len(v) for v in food_colors.values()),949,15,1,50,0,19,0
5844672,Delete an element from a dictionary,Delete an element `key` from a dictionary `d`,del d[key],1099,19,1,2,0,19,0
5944630,sort a list of dicts by x then by y,sort a list of dictionary `list` first by key `points` and then by `time`,"list.sort(key=lambda item: (item['points'], item['time']))",1112,19,1,3,0,19,0
6159900,write line to file,"write line ""Hello"" to file `somefile.txt`","with open('somefile.txt', 'a') as the_file:
    the_file.write('Hello\n')",1127,20,9,54,1,19,0
6586310,Python: Convert list of key-value tuples into dictionary?,"convert list of key-value tuples `[('A', 1), ('B', 2), ('C', 3)]` into dictionary","dict([('A', 1), ('B', 2), ('C', 3)])",1160,21,1,36,0,19,0
7287996,Python: Get relative path from comparing two absolute paths,get the common prefix from comparing two absolute paths '/usr/var' and '/usr/var2/log',"os.path.commonprefix(['/usr/var', '/usr/var2/log'])",1221,22,9,46,1,19,0
8153631,Js Date object to python datetime,"convert js date object 'Tue, 22 Nov 2011 06:00:00 GMT' to python datetime","datetime.strptime('Tue, 22 Nov 2011 06:00:00 GMT', '%a, %d %b %Y %H:%M:%S %Z')",1285,24,2,10,0,19,0
9534608,get path from a module name,get complete path of a module named `os`,imp.find_module('os')[1],1420,27,9,41,1,19,0
9550867,Python Pandas Pivot Table,produce a pivot table as dataframe using column 'Y' in datafram `df` to form the axes of the resulting dataframe,"df.pivot_table('Y', rows='X', cols='X2')",1422,27,3,35,0,19,0
12814667,How to sort a list according to another list?,How to sort a list according to another list?,a.sort(key=lambda x_y: b.index(x_y[0])),1677,34,7,28,1,19,0
13945749,String Formatting in Python 3,format the variables `self.goals` and `self.penalties` using string formatting,"""""""({:d} goals, ${:d})"""""".format(self.goals, self.penalties)",1791,37,8,0,0,19,0
14661701,How to drop a list of rows from Pandas dataframe?,"drop rows whose index value in list `[1, 3]` in dataframe `df`","df.drop(df.index[[1, 3]], inplace=True)",1847,38,3,15,0,19,0
14716342,How do I find the string between two special characters?,"find the string in `your_string` between two special characters ""["" and ""]""","re.search('\\[(.*)\\]', your_string).group(1)",1851,38,0,16,0,19,0
15819980,Calculate mean across dimension in a 2D array,calculate mean across dimension in a 2d array `a`,"np.mean(a, axis=1)",1945,41,6,44,0,19,0
17315881,How can I check if a Pandas dataframe's index is sorted,check if a pandas dataframe `df`'s index is sorted,all(df.index[:-1] <= df.index[1:]),2051,43,3,6,0,19,0
18524112,Norm along row in pandas,normalize the dataframe `df` along the rows,np.sqrt(np.square(df).sum(axis=1)),2138,46,3,58,0,19,0
18524642,Convert list of lists to list of integers,convert a list of lists `L` to list of integers,L = [int(''.join([str(y) for y in x])) for x in L],2141,46,7,25,1,19,0
19334374,Python - converting a string of numbers into a list of int,"Convert a string of numbers `example_string` separated by `,` into a list of integers","map(int, example_string.split(','))",2192,47,5,6,0,19,0
22245171,How to lowercase a python dataframe string column if it has missing values?,lowercase a python dataframe string in column 'x' if it has missing values in dataframe `df`,df['x'].str.lower(),2348,51,3,17,0,19,0
23164058,How to encode text to base64 in python,encode binary string 'your string' to base64 code,"base64.b64encode(bytes('your string', 'utf-8'))",2372,52,8,0,0,19,0
25040875,Get a list of values from a list of dictionaries in python,get a list of values for key 'key' from a list of dictionaries `l`,[d['key'] for d in l],2417,53,1,13,0,19,0
28199524,Best way to count the number of rows with missing values in a pandas DataFrame,count the number of rows with missing values in a pandas dataframe `df`,"sum(df.apply(lambda x: sum(x.isnull().values), axis=1) > 0)",2484,54,3,11,0,19,0
29703793,Python Regex Get String Between Two Substrings,"get a string `randomkey123xyz987` between two substrings in a string `api('randomkey123xyz987', 'key', 'text')` using regex","re.findall(""api\\('(.*?)'"", ""api('randomkey123xyz987', 'key', 'text')"")",2527,56,0,60,0,19,0
31029560,Plotting categorical data with pandas and matplotlib,plot a bar graph from the column 'color' in the DataFrame 'df',df.colour.value_counts().plot(kind='bar'),2571,57,3,22,0,19,0
39988589,"How to pass through a list of queries to a pandas dataframe, and output the list of results?","get rows of dataframe `df` where column `Col1` has values `['men', 'rocks', 'mountains']`","df[df.Col1.isin(['men', 'rocks', 'mountains'])]",2779,62,3,18,0,19,0
41154648,How to remove 0's converting pandas dataframe to record,convert dataframe `df` to integer-type sparse object,df.to_sparse(0),2828,63,3,53,0,19,0
