question_id,intent,rewritten_intent,snippet,idx,time_batch,cluster,gradual_batch,gradual_new,recurring_batch,rec_new
172439,How do I split a multi-line string into multiple lines?,Split a multi-line string ` a \n b \r\n c ` by new line character `\n`,' a \n b \r\n c '.split('\n'),78,0,8,0,0,21,0
209840,Map two lists into a dictionary in Python,map two lists `keys` and `values` into a dictionary,"dict((k, v) for k, v in zip(keys, values))",95,0,1,9,0,21,0
275018,remove (chomp) a newline,remove newline in string `s` on the left side,s.lstrip(),128,0,8,0,0,21,0
300445,How to unquote a urlencoded unicode string in python?,decode url `url` from UTF-16 code to UTF-8 code,urllib.parse.unquote(url).decode('utf8'),134,0,8,0,0,21,0
319426,case insensitive string comparison,case insensitive string comparison between `first` and `second`,(first.lower() == second.lower()),143,0,0,9,0,21,0
319426,case insensitive string comparison,case insensitive string comparison between `string1` and `string2`,"if (string1.lower() == string2.lower()):
    pass",145,0,0,16,0,21,0
546321,How do I calculate the date six months from the current date,get the date 2 months from today,"(date(2010, 12, 31) + relativedelta(months=(+ 2)))",232,0,2,4,0,21,0
761804,Trimming a string,"left trimming ""\n\r"" from string `myString`",myString.lstrip('\n\r'),312,0,8,0,0,21,0
931092,Reverse a string,Reverse a string `s`,''.join(reversed(s)),367,0,8,0,0,21,0
973473,Getting a list of all subdirectories in the current directory,getting a list of all subdirectories in the directory `directory`,os.walk(directory),388,1,9,16,1,21,0
1185524,trim whitespace (including tabs),trim whitespace (including tabs) in `s` on the right side,s = s.rstrip(),423,2,8,0,0,21,0
2152898,Filtering a list of strings based on contents,filtering out strings that contain 'ab' from a list of strings `lst`,[k for k in lst if 'ab' in k],560,5,0,4,0,21,0
2878084,Sort a list of dicts by dict values,sort a list `l` of dicts by dict value 'title',l.sort(key=lambda x: x['title']),676,8,1,61,0,21,0
3220284,How to Customize the time format for Python logging?,customize the time format in python logging,formatter = logging.Formatter('%(asctime)s;%(levelname)s;%(message)s'),718,9,2,23,0,21,0
3283984,Decode Hex String in Python 3,decode a hex string '4a4b4c' to UTF-8.,bytes.fromhex('4a4b4c').decode('utf-8'),734,10,8,0,0,21,0
3294889,Iterating over dictionaries using for loops,Iterating over a dictionary `d` using for loops,"for (key, value) in d.items():
    pass",743,10,1,22,0,21,0
3519125,Converting a hex-string representation to actual bytes in Python,convert a hex-string representation to actual bytes,"""""""\\xF3\\xBE\\x80\\x80"""""".replace('\\x', '').decode('hex')",786,11,5,1,0,21,0
4789021,"In Django, how do I check if a user is in a certain group?","check if a user `user` is in a group from list of groups `['group1', 'group2']`","return user.groups.filter(name__in=['group1', 'group2']).exists()",988,16,7,32,1,21,0
5917537,"In Python, why won't something print without a newline?",immediately see output of print statement that doesn't end in a newline,sys.stdout.flush(),1109,19,8,0,0,21,0
6633523,How can I convert a string with dot and comma into a float number in Python,"convert a string `123,456.908` with dot and comma into a floating number","float('123,456.908'.replace(',', ''))",1166,21,5,31,0,21,0
8386675,Extracting specific columns in numpy array,extracting column `1` and `9` from array `data`,"data[:, ([1, 9])]",1326,25,6,62,0,21,0
9210525,convert hex to decimal,"convert hex string ""0xff"" to decimal","int('0xff', 16)",1397,27,5,27,0,21,0
10915391,Sorting a list of dicts by dict values,sorting a list of dictionary `a` by values in descending order,"sorted(a, key=dict.values, reverse=True)",1530,30,1,35,0,21,0
13571134,recursively go through all subdirectories and read files,recursively go through all subdirectories and files in `rootdir`,"for (root, subFolders, files) in os.walk(rootdir):
    pass",1759,36,9,40,1,21,0
14182339,Matching multiple regex patterns with the alternation operator?,"get whatever is between parentheses as a single match, and any char outside as an individual match in string '(zyx)bc'","re.findall('\\(.+?\\)|\\w', '(zyx)bc')",1812,37,0,42,0,21,0
14182339,Matching multiple regex patterns with the alternation operator?,match multiple regex patterns with the alternation operator `|` in a string `(zyx)bc`,"re.findall('\\(.*?\\)|\\w', '(zyx)bc')",1813,37,0,45,0,21,0
16099694,How to remove empty string in a list?,get a list `cleaned` that contains all non-empty elements in list `your_list`,cleaned = [x for x in your_list if x],1964,41,7,56,1,21,0
16888888,How to read a .xlsx file using the pandas Library in iPython?,read excel file `file_name` using pandas,"dfs = pd.read_excel(file_name, sheetname=None)",2013,42,3,17,0,21,0
19328874,Python - read text file with weird utf-16 format,print line `line` from text file with 'utf-16-le' format,print(line.decode('utf-16-le').split()),2189,47,8,0,0,21,0
20461165,How to convert pandas index in a dataframe to a column?,convert pandas index in a dataframe to columns,"df.reset_index(level=['tick', 'obs'])",2264,49,3,2,0,21,0
23638638,numpy array assignment using slicing,assign an array of floats in range from 0 to 100 to a variable `values`,"values = np.array([i for i in range(100)], dtype=np.float64)",2384,52,5,57,0,21,0
23823206,Upload files to Google cloud storage from appengine app,upload uploaded file from path '/upload' to Google cloud storage 'my_bucket' bucket,"upload_url = blobstore.create_upload_url('/upload', gs_bucket_name='my_bucket')",2389,52,9,64,1,21,0
25292838,applying regex to a pandas dataframe,Update row values for a column `Season` using vectorized string operation in pandas,df['Season'].str.split('-').str[0].astype(int),2420,53,3,4,0,21,0
25823608,Find matching rows in 2 dimensional numpy array,"find rows matching `(0,1)` in a 2 dimensional numpy array `vals`","np.where((vals == (0, 1)).all(axis=1))",2432,53,6,7,0,21,0
27868020,How to subset a data frame using Pandas based on a group criteria?,Get data from dataframe `df` where column 'X' is equal to 0,df.groupby('User')['X'].transform(sum) == 0,2475,54,3,7,0,21,0
32296933,removing duplicates of a list of sets,remove all duplicates from a list of sets `L`,list(set(frozenset(item) for item in L)),2619,58,7,21,1,21,0
33824334,How to convert this list into a dictionary,"convert list `lst` of key, value pairs into a dictionary","dict([(e[0], int(e[1])) for e in lst])",2652,59,1,29,0,21,0
34155829,How to efficiently convert Matlab engine arrays to numpy ndarray?,convert matlab engine array `x` to a numpy ndarray,np.array(x._data).reshape(x.size[::-1]).T,2657,59,6,54,0,21,0
42765620,How to sort a dictionary in python by value when the value is a list and I want to sort it by the first index of that list,How to sort a dictionary in python by value when the value is a list and I want to sort it by the first index of that list,"sorted(list(data.items()), key=lambda x: x[1][0])",2878,65,1,34,0,21,0
