question_id,intent,rewritten_intent,snippet,idx,time_batch,cluster,gradual_batch,gradual_new,recurring_batch,rec_new
209513,Convert hex string to int,"Convert hex string ""deadbeef"" to integer","int('deadbeef', 16)",90,0,5,25,0,30,0
432842,get the logical xor of two variables,get logical xor of `a` and `b`,(bool(a) ^ bool(b)),189,0,0,40,0,30,0
432842,get the logical xor of two variables,get logical xor of `a` and `b`,(bool(a) != bool(b)),193,0,0,48,0,30,0
642154,convert strings into integers,"convert string ""1"" into integer",int('1'),258,0,5,45,0,30,0
674509,"How do I iterate over a Python dictionary, ordered by values?",sort dictionary `dictionary` in ascending order by its values,"sorted(list(dictionary.items()), key=operator.itemgetter(1))",272,0,1,10,0,30,0
1024847,Add key to a dictionary,Add key 'a' to dictionary `data` with value 1,data.update(dict(a=1)),399,1,1,8,0,30,0
1874194,Pythonic way to get the largest item in a list,find tuple in list of tuples `a_list` with the largest second element,"max(a_list, key=operator.itemgetter(1))",515,4,7,53,1,30,0
1885181,How do I un-escape a backslash-escaped string in python?,"un-escape a backslash-escaped string in `Hello,\\nworld!`","print('""Hello,\\nworld!""'.decode('string_escape'))",519,4,8,0,0,30,0
2674391,Python - Locating the position of a regex match in a string?,Get the position of a regex match for word `is` in a string `String`,"re.search('\\bis\\b', String).start()",644,7,0,25,0,30,0
3277503,read a file line by line into a list,read file 'filename' line by line into a list `lines`,"with open('filename') as f:
    lines = f.readlines()",731,10,9,35,1,30,0
3294889,Iterating over dictionaries using for loops,get keys and items of dictionary `d`,list(d.items()),739,10,1,64,0,30,0
3518778,read csv into record array in numpy,read csv file 'my_file.csv' into numpy array,"my_data = genfromtxt('my_file.csv', delimiter=',')",784,11,6,49,0,30,0
3878555,How to replace repeated instances of a character with a single instance of that character in python,Replace repeated instances of a character '*' with a single instance in a string 'text',"re.sub('\\*\\*+', '*', text)",830,12,8,0,0,30,0
5749195,How can I split and parse a string in Python?,How can I split and parse a string in Python?,"""""""2.7.0_bf4fda703454"""""".split('_')",1087,19,8,0,0,30,0
5900683,Using variables in Python regular expression,regular expression for validating string 'user' containing a sequence of characters ending with '-' followed by any number of digits.,re.compile('{}-\\d*'.format(user)),1108,19,0,36,0,30,0
7238226,Python datetime to microtime,Convert a datetime object `dt` to microtime,time.mktime(dt.timetuple()) + dt.microsecond / 1000000.0,1205,22,2,28,0,30,0
8704952,How to convert a tuple to a string in Python?,convert a set of tuples `queryresult` to a list of strings,[item[0] for item in queryresult],1352,25,7,21,1,30,0
8899905,Count number of occurrences of a given substring in a string,"count number of occurrences of a substring 'ab' in a string ""abcdabcva""","""""""abcdabcva"""""".count('ab')",1366,26,0,5,0,30,0
9573244,check if the string is empty,check if the string `myString` is empty,"if (not myString):
    pass",1430,27,0,51,0,30,0
9637838,Convert string date to timestamp in Python,convert date string `s` in format pattern '%d/%m/%Y' into a timestamp,"time.mktime(datetime.datetime.strptime(s, '%d/%m/%Y').timetuple())",1437,28,2,24,0,30,0
9775297,Append a NumPy array to a NumPy array,append a numpy array 'b' to a numpy array 'a',"np.vstack((a, b))",1450,28,6,30,0,30,0
10406130,Check if something is not in a list,"Check if 3 is not in a list [2, 3, 4]","(3 not in [2, 3, 4])",1485,29,7,50,1,30,0
10408927,How to get all sub-elements of an element tree with Python ElementTree?,get all sub-elements of an element tree `a` excluding the root element,[elem.tag for elem in a.iter() if elem is not a],1489,29,7,49,1,30,0
12224778,How to filter by sub-level index in Pandas,filter dataframe `df` by sub-level index '0630' in pandas,df[df.index.map(lambda x: x[1].endswith('0630'))],1632,33,3,3,0,30,0
13656519,Python . How to get rid of '\r' in string?,strip a string `line` of all carriage returns and newlines,line.strip(),1768,36,8,0,0,30,0
14673394,python pandas extract unique dates from time series,extract unique dates from time series 'Date' in dataframe `df`,df['Date'].map(lambda t: t.date()).unique(),1848,38,3,61,0,30,0
17141558,How to sort a dataFrame in python pandas by two or more columns?,sort a pandas data frame with column `a` in ascending and `b` in descending order,"df1.sort(['a', 'b'], ascending=[True, False], inplace=True)",2038,43,3,24,0,30,0
17149561,How to find a value in a list of python dictionaries?,"Check if the value of the key ""name"" is ""Test"" in a list of dictionaries `label`",any(d['name'] == 'Test' for d in label),2041,43,1,8,0,30,0
17895835,format strings and named arguments in Python,"replace placeholders in string '{1} {ham} {0} {foo} {1}' with arguments `(10, 20, foo='bar', ham='spam')`","""""""{1} {ham} {0} {foo} {1}"""""".format(10, 20, foo='bar', ham='spam')",2091,44,8,0,0,30,0
18079029,Index of element in Numpy array,get the indexes of the x and y axes in Numpy array `np` where variable `a` is equal to variable `value`,"i, j = np.where(a == value)",2101,45,6,13,0,30,0
18789262,python dict comprehension with two ranges,"convert the zip of range `(1, 5)` and range `(7, 11)` into a dictionary","dict(zip(list(range(1, 5)), list(range(7, 11))))",2163,46,1,64,0,30,0
19068269,how to convert a string date into datetime format in python?,convert a string into datetime using the format '%Y-%m-%d %H:%M:%S.%f',"datetime.datetime.strptime(string_date, '%Y-%m-%d %H:%M:%S.%f')",2177,47,2,41,0,30,0
20084487,Use index in pandas to plot data,plot data of column 'index' versus column 'A' of dataframe `monthly_mean` after resetting its index,"monthly_mean.reset_index().plot(x='index', y='A')",2244,48,3,5,0,30,0
21684346,How to display a pdf that has been downloaded in python,display a pdf  file that has been downloaded as `my_pdf.pdf`,webbrowser.open('file:///my_pdf.pdf'),2314,50,9,44,1,30,0
21787496,converting epoch time with milliseconds to datetime,parse milliseconds epoch time '1236472051807' to format '%Y-%m-%d %H:%M:%S',"time.strftime('%Y-%m-%d %H:%M:%S', time.gmtime(1236472051807 / 1000.0))",2319,50,2,59,0,30,0
26894227,sum of squares in a list in one line?,calculate the sum of the squares of each value in list `l`,"sum(map(lambda x: x * x, l))",2451,54,7,54,1,30,0
33078554,Mapping dictionary value to list,get a list from a list `lst` with values mapped into a dictionary `dct`,[dct[k] for k in lst],2642,59,7,59,1,30,0
39187788,Find rows with non zero values in a subset of columns in pandas dataframe,find rows with non zero values in a subset of columns where `df.dtypes` is not equal to `object` in pandas dataframe,"df.loc[(df.loc[:, (df.dtypes != object)] != 0).any(1)]",2754,61,3,47,0,30,0
39268928,Python: how to get rid of spaces in str(dict)?,"remove all spaces from a string converted from dictionary `{'a': 1, 'b': 'as df'}`","str({'a': 1, 'b': 'as df'}).replace(': ', ':').replace(', ', ',')",2756,61,1,21,0,30,0
