question_id,intent,rewritten_intent,snippet,idx,time_batch,cluster,gradual_batch,gradual_new,recurring_batch,rec_new
22676,download a file over HTTP,"download a file ""http://www.example.com/songs/mp3.mp3"" over HTTP and save to ""mp3.mp3""","urllib.request.urlretrieve('http://www.example.com/songs/mp3.mp3', 'mp3.mp3')",19,0,9,54,1,48,0
575819,Sorting dictionary keys in python,create a list containing keys of dictionary `d` and sort it alphabetically,"sorted(d, key=d.get)",235,0,1,39,0,48,0
674764,string find,find the index of sub string 'Aloha' in `x`,x.find('Aloha'),287,0,0,6,0,48,0
761804,Trimming a string,"Trimming a string "" Hello""",' Hello'.strip(),317,0,8,0,0,48,0
764235,Dictionary to lowercase in Python,lowercase all keys and values in dictionary `{'My Key': 'My Value'}`,"dict((k.lower(), v) for k, v in {'My Key': 'My Value'}.items())",324,0,1,4,0,48,0
943809,String manipulation in Cython,replace occurrences of two whitespaces or more with one whitespace ' ' in string `s`,"re.sub(' +', ' ', s)",378,0,8,0,0,48,0
2108126,How to run two functions simultaneously,run function 'SudsMove' simultaneously,threading.Thread(target=SudsMove).start(),552,5,4,25,1,48,1
2317134,How do I use a regular expression to match a name?,match regex '[a-zA-Z][\\w-]*$' on string '!A_B',"re.match('[a-zA-Z][\\w-]*$', '!A_B')",586,6,0,11,0,48,0
2744795,Background color for Tk in Python,Change background color in Tkinter,root.configure(background='black'),649,7,4,64,1,48,1
4356842,How do I return a 401 Unauthorized in Django?,return a 401 unauthorized in django,"return HttpResponse('Unauthorized', status=401)",921,14,4,64,1,48,1
6278847,Is it possible to kill a process on Windows from within Python?,kill a process `make.exe` from python script on windows,os.system('taskkill /im make.exe'),1132,20,4,52,1,48,1
6480441,2D array of objects in Python,create a 2D array of `Node` objects with dimensions `cols` columns and `rows` rows,nodes = [[Node() for j in range(cols)] for i in range(rows)],1151,20,6,13,0,48,0
7284952,Django redirect to root from a view,django redirect to view 'Home.views.index',redirect('Home.views.index'),1218,22,4,30,1,48,1
8081545,convert list of tuples to multiple lists in Python,"convert tuple elements in list `[(1,2),(3,4),(5,6),]` into lists","map(list, zip(*[(1, 2), (3, 4), (5, 6)]))",1277,24,7,56,1,48,0
8199398,Extracting only characters from a string in Python,Extract only characters from a string as a list,"re.split('[^a-zA-Z]*', 'your string')",1296,24,0,37,0,48,0
8654637,"Pythonic way to fetch all elements in a dictionary, falling between two keys?",fetch all elements in a dictionary 'parent_dict' where the key is between the range of 2 to 4,"dict((k, v) for k, v in parent_dict.items() if k > 2 and k < 4)",1346,25,1,12,0,48,0
8936030,Using BeautifulSoup to search html for string,BeautifulSoup find string 'Python Jobs' in HTML body `body`,soup.body.findAll(text='Python Jobs'),1375,26,4,17,1,48,1
9733638,Post JSON using Python Requests,Execute a post request to url `http://httpbin.org/post` with json data `{'test': 'cheers'}`,"requests.post('http://httpbin.org/post', json={'test': 'cheers'})",1441,28,4,33,1,48,1
12362542,"Python server ""Only one usage of each socket address is normally permitted""",Enable the SO_REUSEADDR socket option in socket object `s` to fix the error `only one usage of each socket address is normally permitted`,"s.setsockopt(SOL_SOCKET, SO_REUSEADDR, 1)",1644,33,4,40,1,48,1
12692135,Create dictionary from lists of keys and multiple values,"convert list `[('Name', 'Joe'), ('Age', 22)]` into a dictionary","dict([('Name', 'Joe'), ('Age', 22)])",1665,33,1,63,0,48,0
13145368,Find the maximum value in a list of tuples in Python,get the item at index 0 from the tuple that has maximum value at index 1 in list `lis`,"max(lis, key=itemgetter(1))[0]",1705,35,7,25,1,48,0
14853243,Parsing XML with namespace in Python via 'ElementTree',find all `owl:Class` tags by parsing xml with namespace,root.findall('{http://www.w3.org/2002/07/owl#}Class'),1867,39,4,53,1,48,1
16127862,"in Python, how to convert list of float numbers to string with certain format?",convert list `lst` of tuples of floats to list `str_list` of tuples of strings of floats in scientific notation with eight decimal point precision,str_list = [tuple('{0:.8e}'.format(flt) for flt in sublist) for sublist in lst],1969,41,5,1,0,48,0
18684076,How to create a list of date string in 'yyyymmdd' format with Python Pandas?,How to create a list of date string in 'yyyymmdd' format with Python Pandas?,"[d.strftime('%Y%m%d') for d in pandas.date_range('20130226', '20130302')]",2151,46,2,27,0,48,0
19601086,Click a href button with selenium and python?,click a href button having text `Send InMail` with selenium,driver.findElement(By.linkText('Send InMail')).click(),2206,47,4,19,1,48,1
19863964,fastest way to find the magnitude (length) squared of a vector field,find the magnitude (length) squared of a vector `vf` field,"np.einsum('...j,...j->...', vf, vf)",2228,48,4,24,1,48,1
20461165,How to convert pandas index in a dataframe to a column?,convert index at level 0 into a column in dataframe `df`,"df.reset_index(level=0, inplace=True)",2263,49,3,3,0,48,0
21018612,How to download to a specific directory with Python?,download to a directory '/path/to/dir/filename.ext' from source 'http://example.com/file.ext',"urllib.request.urlretrieve('http://example.com/file.ext', '/path/to/dir/filename.ext')",2293,50,9,59,1,48,0
21205074,How to split a string at line breaks in python?,split a string `s` at line breaks `\r\n`,"[map(int, x.split('\t')) for x in s.rstrip().split('\r\n')]",2299,50,8,0,0,48,0
21414159,login to a site using python and opening the login site in the browser,open the login site 'http://somesite.com/adminpanel/index.php' in the browser,webbrowser.open('http://somesite.com/adminpanel/index.php'),2308,50,4,60,1,48,1
21974169,How to disable query cache with mysql.connector,Mysql commit current transaction,con.commit(),2336,51,4,43,1,48,1
30015665,How to check whether the system is FreeBSD in a python script?,get the platform OS name,platform.system(),2540,56,4,57,1,48,1
30328646,Python Pandas : group by in group by and average?,Do group by on `cluster` column in `df` and get its mean,df.groupby(['cluster']).mean(),2547,56,3,4,0,48,0
31818050,round number to nearest integer,round number `x` to nearest integer,int(round(x)),2596,57,5,17,0,48,0
33724111,Python RegEx using re.sub with multiple patterns,remove colon character surrounded by vowels letters in string `word`,"word = re.sub('([aeiou]):(([aeiou][^aeiou]*){3})$', '\\1\\2', word)",2650,59,8,0,0,48,0
39277638,Element-wise minimum of multiple vectors in numpy,get a numpy array that contains the element wise minimum of three 3x1 arrays,"np.array([np.arange(3), np.arange(2, -1, -1), np.ones((3,))]).min(axis=0)",2757,61,6,10,0,48,0
39600161,Regular expression matching all but a string,regular expression matching all but 'aa' and 'bb',"re.findall('-(?!aa|bb)([^-]+)', string)",2766,62,0,62,0,48,0
41251391,Can a list of all member-dict keys be created from a dict of dicts using a list comprehension?,get a list of the keys in each dictionary in a dictionary of dictionaries `foo`,[k for d in list(foo.values()) for k in d],2832,63,1,51,0,48,0
42387471,How to add a colorbar for a hist2d plot,add a colorbar to plot `plt` using image `im` on axes `ax`,"plt.colorbar(im, ax=ax)",2870,64,4,44,1,48,1
