question_id,intent,rewritten_intent,snippet,idx,time_batch,cluster,gradual_batch,gradual_new,recurring_batch,rec_new
19339,inverse of zip,"unzip list `[('a', 1), ('b', 2), ('c', 3), ('d', 4), ('e', )]` and fill empty results with None","map(None, *[('a', 1), ('b', 2), ('c', 3), ('d', 4), ('e',)])",11,0,7,64,1,63,0
120656,Directory listing,"list all files in directory "".""","for (dirname, dirnames, filenames) in os.walk('.'):
    for subdirname in dirnames:
        print(os.path.join(dirname, subdirname))
    for filename in filenames:
        pass",71,0,9,14,1,63,0
300445,How to unquote a urlencoded unicode string in python?,unquote a urlencoded unicode string '%0a',urllib.parse.unquote('%0a'),133,0,8,29,0,63,0
403421,"How to sort a list of objects , based on an attribute of the objects?","sort a list of objects `ut`, based on a function `cmpfun` in descending order","ut.sort(key=cmpfun, reverse=True)",182,0,7,16,1,63,0
1747817,Create a dictionary with list comprehension,Create a dictionary `d` from list `iterable`,"d = dict(((key, value) for (key, value) in iterable))",498,4,1,48,0,63,0
2111163,Selecting specific column in each row from array,"subset numpy array `a` by column and row, returning the values from the first row, first column and the second row, second column and the third row, first column.","a[np.arange(3), (0, 1, 0)]",553,5,6,21,0,63,0
2545397,Converting a string into a list in Python,append each line in file `myfile` into a list,[x for x in myfile.splitlines() if x != ''],613,7,9,48,1,63,0
3294889,Iterating over dictionaries using for loops,get keys and items of dictionary `d` as a list,list(d.items()),742,10,1,22,0,63,0
3582601,How to call an element in an numpy array?,"get an element at index `[1,1]`in a numpy array `arr`","print(arr[1, 1])",792,11,6,21,0,63,0
3877491,deleting rows in numpy array,delete first row of array `x`,"x = numpy.delete(x, 0, axis=0)",827,12,6,12,0,63,0
4523551,Python ASCII to binary,Convert ascii value 'P' to binary,bin(ord('P')),943,15,5,18,0,63,0
5577501,How to tell if string starts with a number?,check if string `string` starts with a number,string[0].isdigit(),1078,18,0,50,0,63,0
8081545,convert list of tuples to multiple lists in Python,convert list of tuples to multiple lists in Python,"zip(*[(1, 2), (3, 4), (5, 6)])",1279,24,7,57,1,63,0
9210525,convert hex to decimal,convert hex string '0xdeadbeef' to decimal,ast.literal_eval('0xdeadbeef'),1395,27,5,34,0,63,0
9554544,"Python, running command line tools in parallel",subprocess run command 'start command -flags arguments' through the shell,"subprocess.call('start command -flags arguments', shell=True)",1423,27,9,58,1,63,0
10271484,How to perform element-wise multiplication of two lists in Python?,create a list containing the multiplication of each elements at the same index of list `lista` and list `listb`,"[(a * b) for a, b in zip(lista, listb)]",1479,29,7,26,1,63,0
10365225,extract digits in a simple way from a python string,extract digits in a simple way from a python string,"map(int, re.findall('\\d+', s))",1483,29,5,30,0,63,0
10607688,how to create a file name with the current date & time in python?,create a datetime with the current date & time,datetime.datetime.now(),1509,29,2,47,0,63,0
12777222,How can I zip file with a flattened directory structure using Zipfile in Python?,zip file `pdffile` using its basename as directory name,"archive.write(pdffile, os.path.basename(pdffile))",1672,34,9,52,1,63,0
12845112,Python: Make last item of array become the first,move last item of array `a` to the first position,a[-1:] + a[:-1],1682,34,6,24,0,63,0
14262654,Numpy: Get random set of rows from 2D array,create a new 2D array with 2 random rows from array `A`,"A[(np.random.choice(A.shape[0], 2, replace=False)), :]",1818,37,6,38,0,63,0
14538885,How to get the index with the key in Python dictionary?,get index of key 'c' in dictionary `x`,list(x.keys()).index('c'),1840,38,1,64,0,63,0
14657241,How do I get a list of all the duplicate items using pandas in python?,get a list of all the duplicate items in dataframe `df` using pandas,"pd.concat(g for _, g in df.groupby('ID') if len(g) > 1)",1845,38,3,26,0,63,0
15012228,Splitting on last delimiter in Python string?,split a string `s` on last delimiter,"s.rsplit(',', 1)",1884,39,8,0,0,63,0
16772071,sort dict by value python,sort dict by value python,"sorted(list(data.items()), key=lambda x: x[1])",2007,42,1,29,0,63,0
17577727,"Python, Encoding output to UTF-8",decode string `content` to UTF-8 code,print(content.decode('utf8')),2068,44,8,0,0,63,0
18082130,Python regex to remove all words which contains number,remove all words which contains number from a string `words` using regex,"re.sub('\\w*\\d\\w*', '', words).strip()",2103,45,0,43,0,63,0
18224991,how to set global const variables in python,assign float 9.8 to variable `GRAVITY`,GRAVITY = 9.8,2114,45,5,16,0,63,0
18253210,Creating a numpy array of 3D coordinates from three 1D arrays,"creating a numpy array of 3d coordinates from three 1d arrays `x_p`, `y_p` and `z_p`","np.vstack(np.meshgrid(x_p, y_p, z_p)).reshape(3, -1).T",2116,45,6,14,0,63,0
19794051,Regex for removing data in parenthesis,Remove word characters in parenthesis from string `item` with a regex,"item = re.sub(' ?\\(\\w+\\)', '', item)",2225,48,0,4,0,63,0
20025882,Append string to the start of each value in a said column of a pandas dataframe (elegantly),append string 'str' at the beginning of each value in column 'col' of dataframe `df`,df['col'] = 'str' + df['col'].astype(str),2237,48,3,22,0,63,0
20876077,Python: unescape special characters without splitting data,"unescape special characters without splitting data in array of strings `['I ', u'<', '3s U ', u'&', ' you luvz me']`",""""""""""""".join(['I ', '<', '3s U ', '&', ' you luvz me'])",2286,49,8,0,0,63,0
22397058,Dropping a single (sub-) column from a MultiIndex,drop a single subcolumn 'a' in column 'col1' from a dataframe `df`,"df.drop(('col1', 'a'), axis=1)",2351,51,3,27,0,63,0
22397058,Dropping a single (sub-) column from a MultiIndex,"dropping all columns named 'a' from a multiindex 'df', across all level.","df.drop('a', level=1, axis=1)",2352,51,3,38,0,63,0
22520932,"Python, remove all non-alphabet chars from string",remove all non-alphabet chars from string `s`,""""""""""""".join([i for i in s if i.isalpha()])",2355,51,8,0,0,63,0
30759776,Extracting specific src attributes from script tags,"extract attributes 'src=""js/([^""]*\\bjquery\\b[^""]*)""' from string `data`","re.findall('src=""js/([^""]*\\bjquery\\b[^""]*)""', data)",2565,57,0,1,0,63,0
35005907,re.split with spaces in python,split string `s` based on white spaces,"re.findall('\\s+|\\S+', s)",2680,60,8,0,0,63,0
37084812,How to remove decimal points in pandas,remove decimal points in pandas data frame using round,df.round(),2722,61,3,43,0,63,0
42731970,Regex add character to matched string,replace periods `.` that are not followed by periods or spaces with a period and a space `. `,"re.sub('\\.(?=[^ .])', '. ', para)",2876,65,8,1,0,63,0
