question_id,intent,rewritten_intent,snippet,idx,time_batch,cluster,gradual_batch,gradual_new,recurring_batch,rec_new
82831,check whether a file exists,"check whether a file ""/etc"" exists",print(os.path.isfile('/etc')),53,0,9,32,1,16,0
82831,check whether a file exists,"check whether a path ""/etc/password.txt"" exists",print(os.path.exists('/etc/password.txt')),54,0,9,34,1,16,0
247770,Retrieving python module path,get the path of module `a_module`,print(a_module.__file__),109,0,9,29,1,16,0
466345,Converting string into datetime,"parse string ""Jun 1 2005  1:33PM"" into datetime by format ""%b %d %Y %I:%M%p""","datetime.strptime('Jun 1 2005  1:33PM', '%b %d %Y %I:%M%p')",208,0,2,36,0,16,0
674519,How can I convert a Python dictionary to a list of tuples?,convert a python dictionary `d` to a list of tuples,"[(v, k) for k, v in list(d.items())]",275,0,1,9,0,16,0
674764,string find,find the index of sub string 'g' in string `str`,str.find('g'),286,0,0,15,0,16,0
1038824,remove a substring from the end of a string,"remove a substring "".com"" from the end of string `url`","print(url.replace('.com', ''))",406,1,8,0,0,16,0
1185524,trim whitespace (including tabs),trim whitespaces (including tabs) in string `s`,"print(re.sub('[\\s+]', '', s))",425,2,8,0,0,16,0
1534542,Can I sort text by its numeric value in Python?,Can I sort text by its numeric value in Python?,"sorted(list(mydict.items()), key=lambda a: map(int, a[0].split('.')))",469,3,5,51,0,16,0
2030053,Random strings in Python,Get a random string of length `length`,return ''.join(random.choice(string.lowercase) for i in range(length)),534,4,8,0,0,16,0
2173797,how to sort 2d array by row in python?,sort 2d array `matrix` by row with index 1,"sorted(matrix, key=itemgetter(1))",566,5,6,25,0,16,0
2600775,How to get week number in Python?,get equivalent week number from a date `2010/6/16` using  isocalendar,"datetime.date(2010, 6, 16).isocalendar()[1]",630,7,2,54,0,16,0
2759067,Rename Files,Rename file from `src` to `dst`,"os.rename(src, dst)",651,7,9,55,1,16,0
3296499,Case insensitive dictionary search with Python,convert keys in dictionary `thedict` into case insensitive,theset = set(k.lower() for k in thedict),744,10,1,3,0,16,0
3437059,string contains substring,"check if string ""substring"" is in string",string.find('substring'),766,10,0,30,0,16,0
4284648,Converting lists of tuples to strings Python,convert elements of each tuple in list `l` into a string  separated by character `@`,""""""" """""".join([('%d@%d' % t) for t in l])",907,14,7,41,1,16,0
7371935,Sort a string in lexicographic order python,"get a sorted list of the characters of string `s` in lexicographic order, with lowercase letters first","sorted(s, key=str.lower)",1230,22,0,50,0,16,0
8192379,How to read stdin to a 2d python array of integers?,Create array `a` containing integers from stdin,a.fromlist([int(val) for val in stdin.read().split()]),1293,24,6,62,0,16,0
9153527,"Import module in another directory from a ""parallel"" sub-directory",append a path `/path/to/main_folder` in system path,sys.path.append('/path/to/main_folder'),1391,26,9,47,1,16,0
10078470,Sort numpy matrix row values in ascending order,sort array `arr` in ascending order by values of the 3rd column,"arr[arr[:, (2)].argsort()]",1467,28,6,14,0,16,0
12211944,How to match beginning of string or character in Python,find float number proceeding sub-string `par` in string `dir`,"float(re.findall('(?:^|_)' + par + '(\\d+\\.\\d*)', dir)[0])",1630,33,5,29,0,16,0
12717716,Python: updating a large dictionary using another large dictionary,"update dictionary `b`, overwriting values where keys are identical, with contents of dictionary `d`",b.update(d),1666,34,1,57,0,16,0
15534223,Python match string if it does not start with X,search for string that matches regular expression pattern '(?<!Distillr)\\\\AcroTray\\.exe' in string 'C:\\SomeDir\\AcroTray.exe',"re.search('(?<!Distillr)\\\\AcroTray\\.exe', 'C:\\SomeDir\\AcroTray.exe')",1933,40,0,3,0,16,0
17106819,Accessing Python dict values with the key start characters,get values from a dictionary `my_dict` whose key contains the string `Date`,"[v for k, v in list(my_dict.items()) if 'Date' in k]",2030,43,1,64,0,16,0
18358938,Get index values of Pandas DataFrame as list?,get index values of pandas dataframe `df` as list,df.index.values.tolist(),2123,45,3,55,0,16,0
18453566,Python dictionary: Get list of values for list of keys,get list of values from dictionary 'mydict' w.r.t. list of keys 'mykeys',[mydict[x] for x in mykeys],2130,45,1,15,0,16,0
19618912,Finding common rows (intersection) in two Pandas dataframes,Join data of dataframe `df1` with data in dataframe `df2` based on similar values of column 'user_id' in both dataframes,"s1 = pd.merge(df1, df2, how='inner', on=['user_id'])",2213,48,3,18,0,16,0
19672101,Storing a collection of integers in a list,"store integer 3, 4, 1 and 2 in a list","[3, 4, 1, 2]",2217,48,7,55,1,16,0
22625616,listing files from a directory using glob python,list all files in a current directory,glob.glob('*'),2356,51,9,36,1,16,0
22904654,How to save Xlsxwriter file in certain path?,save xlsxwriter file in 'app/smth1/smth2/Expenses01.xlsx' path and assign to variable `workbook`,workbook = xlsxwriter.Workbook('app/smth1/smth2/Expenses01.xlsx'),2368,52,9,31,1,16,0
23914774,Python 2.7: making a dictionary object from a specially-formatted list object,"Make a dictionary from list `f` which is in the format of four sets of  ""val, key, val""","{f[i + 1]: [f[i], f[i + 2]] for i in range(0, len(f), 3)}",2395,52,1,14,0,16,0
24492327,Python Embedding in C++ : ImportError: No module named pyfunction,insert directory './path/to/your/modules/' to current directory,"sys.path.insert(0, './path/to/your/modules/')",2405,52,9,51,1,16,0
30551576,Using Regular Expressions to extract specific urls in python,match urls whose domain doesn't start with `t` from string `document` using regex,"re.findall('http://[^t][^s""]+\\.html', document)",2554,56,0,5,0,16,0
31258561,get current directory - Python,Get the current directory of a script,os.path.basename(os.path.dirname(os.path.realpath(__file__))),2577,57,9,50,1,16,0
33680914,Grouping dataframes in pandas?,Return values for column `C` after group by on column `A` and `B` in dataframe `df`,"df.groupby(['A', 'B'])['C'].unique()",2648,59,3,11,0,16,0
36674519,How to get a daterange of the 2nd Fridays of each month?,create a DatetimeIndex containing 13 periods of the second friday of each month starting from date '2016-01-01',"pd.date_range('2016-01-01', freq='WOM-2FRI', periods=13)",2716,60,2,9,0,16,0
40196941,Regex to remove periods in acronyms?,remove periods inbetween capital letters that aren't immediately preceeded by word character(s) in a string `s` using regular expressions,"re.sub('(?<!\\w)([A-Z])\\.', '\\1', s)",2790,62,0,32,0,16,0
40517350,How to sum the nlargest() integers in groupby,sum the 3 largest integers in groupby by 'STNAME' and 'COUNTY_POP',df.groupby('STNAME')['COUNTY_POP'].agg(lambda x: x.nlargest(3).sum()),2804,63,3,13,0,16,0
41463763,Merge 2 dataframes with same values in a column,merge 2 dataframes `df1` and `df2` with same values in a column 'revenue' with and index 'date',df2['revenue'] = df2.CET.map(df1.set_index('date')['revenue']),2836,64,3,40,0,16,0
