question_id,intent,rewritten_intent,snippet,idx,time_batch,cluster,gradual_batch,gradual_new,recurring_batch,rec_new
42950,Get Last Day of the Month,Get Last Day of the second month in year 2012,"monthrange(2012, 2)",31,0,2,23,0,54,0
415511,get current time,get current date and time,datetime.datetime.now(),187,0,2,13,0,54,0
642154,convert strings into integers,convert items in `T1` to integers,"T2 = [map(int, x) for x in T1]",259,0,5,8,0,54,0
1038824,remove a substring from the end of a string,"remove a substring "".com"" from the end of string `url`","if url.endswith('.com'):
    url = url[:(-4)]",407,1,8,0,0,54,0
2195340,Determining the unmatched portion of a string using a regex in Python,"split string 'Words, words, words.' using a regex '(\\W+)'","re.split('(\\W+)', 'Words, words, words.')",571,5,0,2,0,54,0
2231663,Slicing a list into a list of sub-lists,"get a list of tuples of every three consecutive items in list `[1, 2, 3, 4, 5, 6, 7, 8, 9]`","list(zip(*((iter([1, 2, 3, 4, 5, 6, 7, 8, 9]),) * 3)))",576,6,7,15,1,54,0
2397687,What's the easiest way to convert a list of hex byte strings to a list of hex integers?,convert the elements of list `L` from hex byte strings to hex integers,"[int(x, 16) for x in L]",597,6,5,5,0,54,0
2544710,How I can get rid of None values in dictionary?,get rid of None values in dictionary `kwargs`,"res = {k: v for k, v in list(kwargs.items()) if v is not None}",612,6,1,37,0,54,0
3276180,Extracting date from a string in Python,extract date from a string 'monkey 2010-07-32 love banana',"dparser.parse('monkey 2010-07-32 love banana', fuzzy=True)",725,9,2,32,0,54,0
5137497,Find current directory and file's directory,find the current directory,os.path.realpath(__file__),1041,17,9,43,1,54,0
6764909,Python: How to remove all duplicate items from a list,remove all duplicate items from a list `lseperatedOrblist`,woduplicates = list(set(lseperatedOrblist)),1177,21,7,23,1,54,0
7371935,Sort a string in lexicographic order python,Sort a string `s` in lexicographic order,"sorted(s, key=str.upper)",1232,22,0,5,0,54,0
7657457,Finding key from value in Python dictionary:,Find all keys from a dictionary `d` whose values are `desired_value`,"[k for k, v in d.items() if v == desired_value]",1248,23,1,53,0,54,0
7852855,How to convert a Python datetime object to seconds,"convert datetime object `(1970, 1, 1)` to seconds","(t - datetime.datetime(1970, 1, 1)).total_seconds()",1263,23,2,44,0,54,0
8898294,Convert UTF-8 with BOM to UTF-8 with no BOM in Python,convert utf-8 with bom string `s` to utf-8 with no bom `u`,u = s.decode('utf-8-sig'),1365,26,8,0,0,54,0
9621388,(Django) how to get month name?,get month name from a datetime object `today`,today.strftime('%B'),1435,28,2,17,0,54,0
11361985,Output data from all columns in a dataframe in pandas,Display maximum output data of columns in dataframe `pandas` that will fit into the screen,"pandas.set_option('display.max_columns', None)",1570,31,3,57,0,54,0
11533274,How can I combine dictionaries with the same keys in python?,Merge a nested dictionary `dicts` into a flat dictionary by concatenating nested values with the same key `k`,{k: [d[k] for d in dicts] for k in dicts[0]},1583,31,1,36,0,54,0
15286401,Print multiple arguments in python,print a string using multiple strings `name` and `score`,"print('Total score for %s is %s  ' % (name, score))",1910,40,8,0,0,54,0
16658068,How to use Unicode characters in a python string,print a character that has unicode value `\u25b2`,print('\u25b2'.encode('utf-8')),1996,42,5,55,0,54,0
17057544,Python - Extract folder path from file path,Get absolute folder path and filename for file `existGDBPath `,os.path.split(os.path.abspath(existGDBPath)),2021,43,9,36,1,54,0
17277100,Python: slicing a multi-dimensional array,get a list `slice` of array slices of the first two rows and columns from array `arr`,"slice = [arr[i][0:2] for i in range(0, 2)]",2047,43,6,47,0,54,0
17731822,Elegant way to convert list to hex string,Convert list of booleans `walls` into a hex string,"hex(int(''.join([str(int(b)) for b in walls]), 2))",2078,44,8,0,0,54,0
17977584,How to read data from Excel and write it to text file line by line?,open a file `Output.txt` in append mode,"file = open('Output.txt', 'a')",2097,45,9,32,1,54,0
18637651,Most pythonic way to convert a list of tuples,group a list `list_of_tuples` of tuples by values,zip(*list_of_tuples),2146,46,7,54,1,54,0
18886596,Replace all quotes in a string with escaped quotes?,double backslash escape all double quotes in string `s`,"print(s.encode('unicode-escape').replace('""', '\\""'))",2168,46,8,0,0,54,0
20107570,Removing index column in pandas,"write dataframe `df`, excluding index, to a csv file","df.to_csv(filename, index=False)",2245,48,3,57,0,54,0
21261330,Splitting string and removing whitespace Python,"Split string with comma (,) and remove whitespace from a string 'my_string'","[item.strip() for item in my_string.split(',')]",2302,50,8,0,0,54,0
22086116,how do you filter pandas dataframes by multiple columns,create dataframe `males` containing data of dataframe `df` where column `Gender` is equal to 'Male' and column `Year` is equal to 2014,males = df[(df[Gender] == 'Male') & (df[Year] == 2014)],2338,51,3,52,0,54,0
24242433,"Python - how to convert a ""raw"" string into a normal string","decode string ""\\x89\\n"" into a normal string","""""""\\x89\\n"""""".decode('string_escape')",2404,52,8,0,0,54,0
26894227,sum of squares in a list in one line?,sum of squares values in a list `l`,sum(i * i for i in l),2452,54,7,43,1,54,0
27318022,Read a File from redirected stdin with python,read a file from redirected stdin and save to variable `result`,result = sys.stdin.read(),2460,54,9,29,1,54,0
31247198,"Python, Pandas : write content of DataFrame into text File",write content of DataFrame `df` into text file 'c:\\data\\pandas.txt',"df.to_csv('c:\\data\\pandas.txt', header=None, index=None, sep=' ', mode='a')",2576,57,3,39,0,54,0
31771758,"Concatenating Unicode with string: print '£' + '1' works, but print '£' + u'1' throws UnicodeDecodeError",add unicode string '1' to UTF-8 decoded string '\xc2\xa3',print('\xc2\xa3'.decode('utf8') + '1'),2594,57,8,0,0,54,0
31818050,round number to nearest integer,round number 1.005 up to 2 decimal places,"round(1.005, 2)",2606,58,5,6,0,54,0
34158494,Variants of string concatenation?,"concatenate array of strings `['A', 'B', 'C', 'D']` into a string",""""""""""""".join(['A', 'B', 'C', 'D'])",2658,59,8,0,0,54,0
36381230,How to find row of 2d array in 3d numpy array,"find rows of 2d array in 3d numpy array 'arr' if the row has value '[[0, 3], [3, 0]]'","np.argwhere(np.all(arr == [[0, 3], [3, 0]], axis=(1, 2)))",2709,60,6,10,0,54,0
38549915,Merging data frame columns of strings into one single column in Pandas,Merge all columns in dataframe `df` into one column,"df.apply(' '.join, axis=0)",2746,61,3,7,0,54,0
39299703,How to check if character exists in DataFrame cell,check if character '-' exists in a dataframe `df` cell 'a',df['a'].str.contains('-'),2758,62,3,48,0,54,0
