question_id,intent,rewritten_intent,snippet,idx,time_batch,cluster,gradual_batch,gradual_new,recurring_batch,rec_new
82831,check whether a file exists,"check whether file ""/path/to/file"" exists","my_file = Path('/path/to/file')
if my_file.is_file():
    pass",47,0,9,44,1,1,0
123198,copy a file,copy a file from `src` to `dst`,"copyfile(src, dst)",72,0,9,25,1,1,0
373459,split string on a number of different characters,"split string 'a b.c' on space "" "" and dot character "".""","re.split('[ .]', 'a b.c')",171,0,8,0,0,1,0
674764,string find,find the index of sub string 'df' in string 'sdfasdf','sdfasdf'.index('df'),279,0,3,6,0,1,0
674764,string find,find the index of sub string 's' in string `str` starting from index 16,"str.find('s', 16)",280,0,0,13,0,1,0
674764,string find,find the index of sub string 's' in string `str` starting from index 15,"str.find('s', 15)",281,0,0,14,0,1,0
1217251,Python: sorting a dictionary of lists,sort dictionary of lists `myDict` by the third item in each list,"sorted(list(myDict.items()), key=lambda e: e[1][2])",432,2,1,51,0,1,0
1450897,Python: removing characters except digits from string,substitute ASCII letters in string 'aas30dsa20' with empty string '',"re.sub('\\D', '', 'aas30dsa20')",461,3,8,0,0,1,0
2338531,Python sorting - A list of objects,sort list `L` based on the value of variable 'resultType' for each object in list `L`,"sorted(L, key=operator.itemgetter('resultType'))",590,6,7,64,1,1,0
2407398,merge lists into a list of tuples,merge lists `list_a` and `list_b` into a list of tuples,"zip(list_a, list_b)",599,6,7,21,1,1,0
2527892,Parsing a tweet to extract hashtags into an array in Python,pars a string 'http://example.org/#comments' to extract hashtags into an array,"re.findall('#(\\w+)', 'http://example.org/#comments')",610,6,0,12,0,1,0
3059301,Manipulating binary data in Python,encode string `data` using hex 'hex' encoding,print(data.encode('hex')),697,9,8,0,0,1,0
3329386,Limit the number of sentences in a string,"Extract first two substrings in string `phrase` that end in `.`, `?` or `!`","re.match('(.*?[.?!](?:\\s+.*?[.?!]){0,1})', phrase).group(1)",748,10,0,17,0,1,0
3777301,How to call a shell script from python code?,call a shell script `notepad` using subprocess,subprocess.call(['notepad']),812,12,9,22,1,1,0
3817529,syntax for creating a dictionary into another dictionary in python,"create a dictionary `{'spam': 5, 'ham': 6}` into another dictionary `d` field 'dict3'","d['dict3'] = {'spam': 5, 'ham': 6}",819,12,1,42,0,1,0
4581646,How to count all elements in a nested dictionary?,Get total number of values in a nested dictionary `food_colors`,sum(len(x) for x in list(food_colors.values())),950,15,1,27,0,1,0
6797984,convert string to lowercase,convert string `s` to lowercase,s.lower(),1178,21,8,0,0,1,0
7270321,Finding the index of elements based on a condition using python list comprehension,Get all indexes of a list `a` where each value is greater than `2`,[i for i in range(len(a)) if a[i] > 2],1212,22,7,30,1,1,0
7286365,Print a list in reverse order with range()?,reverse the list that contains 1 to 10,list(reversed(list(range(10)))),1219,22,7,62,1,1,0
7372592,Python: How can I execute a jar file through a python script,execute a jar file 'Blender.jar' using subprocess,"subprocess.call(['java', '-jar', 'Blender.jar'])",1233,22,9,33,1,1,0
8249836,how to get all possible combination of items from 2-dimensional list in python?,get all possible combination of items from 2-dimensional list `a`,list(itertools.product(*a)),1309,24,7,46,1,1,0
10973614,Convert JSON array to Python list,Convert JSON array `array` to Python object,data = json.loads(array),1535,30,6,13,0,1,0
11264005,Using a RegEx to match IP addresses in Python,Validate IP address using Regex,"pat = re.compile('^\\d{1,3}\\.\\d{1,3}\\.\\d{1,3}\\.\\d{1,3}$')",1555,31,0,40,0,1,0
11280536,How can I add the corresponding elements of several lists of numbers?,sum elements at the same index of each list in list `lists`,"map(sum, zip(*lists))",1558,31,7,44,1,1,0
11921649,What is the most pythonic way to avoid specifying the same value in a string,"Format string `hello {name}, how are you {name}, welcome {name}` to be interspersed by `name` three times, specifying the value as `john` only once","""""""hello {name}, how are you {name}, welcome {name}"""""".format(name='john')",1616,32,8,0,0,1,0
12485244,Tuple conversion to a string,convert list of tuples `L` to a string,""""""", """""".join('(' + ', '.join(i) + ')' for i in L)",1651,33,7,42,1,1,0
12883376,Remove the first word in a Python string?,remove first word in string `s`,"s.split(' ', 1)[1]",1683,34,8,0,0,1,0
13353233,Best way to split a DataFrame given an edge,split dataframe `df` where the value of column `a` is equal to 'B',df.groupby((df.a == 'B').shift(1).fillna(0).cumsum()),1731,35,3,11,0,1,0
13438574,Sorting JSON data by keys value,sort list `results` by keys value 'year',"sorted(results, key=itemgetter('year'))",1745,36,1,8,0,1,0
16677816,Printing lists onto tables in python,print list `t` into a table-like shape,"print('\n'.join('  '.join(map(str, row)) for row in t))",1997,42,7,58,1,1,0
20796355,change current working directory in python,change current working directory,os.chdir('C:\\Users\\username\\Desktop\\headfirstpython\\chapter3'),2283,49,9,33,1,1,0
21804935,How to use the mv command in Python with subprocess,How to use the mv command in Python with subprocess,"subprocess.call('mv /home/somedir/subdir/* somedir/', shell=True)",2325,50,9,56,1,1,0
24041436,set multi index of an existing data frame in pandas,Set multi index on columns 'Company' and 'date' of data frame `df` in pandas.,"df.set_index(['Company', 'date'], inplace=True)",2398,52,3,14,0,1,0
28431359,How to decode a 'url-encoded' string in python,decode url-encoded string `some_string` to its character equivalents,urllib.parse.unquote(urllib.parse.unquote(some_string)),2490,55,8,0,0,1,0
29815129,Pandas DataFrame to List of Dictionaries,Create list of dictionaries from pandas dataframe `df`,df.to_dict('records'),2530,56,3,14,0,1,0
30190459,How to gracefully fallback to `NaN` value while reading integers from a CSV with Pandas?,convert nan values to ‘n/a’ while reading rows from a csv `read_csv` with pandas,"df = pd.read_csv('my.csv', na_values=['n/a'])",2544,56,3,1,0,1,0
31405409,How to remove parentheses only around single words in a string,remove parentheses only around single words in a string `s` using regex,"re.sub('\\((\\w+)\\)', '\\1', s)",2583,57,0,3,0,1,0
31818050,round number to nearest integer,round number 8.005 up to 2 decimal places,"round(8.005, 2)",2602,58,5,13,0,1,0
39353758,pandas pivot table of sales,pivot dataframe `df` so that values for `upc` become column headings and values for `saleid` become the index,"df.pivot_table(index='saleid', columns='upc', aggfunc='size', fill_value=0)",2759,62,3,44,0,1,0
