question_id,intent,rewritten_intent,snippet,idx,time_batch,cluster,gradual_batch,gradual_new,recurring_batch,rec_new
1476,express binary literals,convert binary string '010101' to integer,"int('010101', 2)",3,0,5,50,0,50,0
123198,copy a file,copy file '/dir/file.ext' to '/new/dir',"shutil.copy2('/dir/file.ext', '/new/dir')",74,0,9,31,1,50,0
674509,"How do I iterate over a Python dictionary, ordered by values?",Iterate over dictionary `d` in ascending order of values,"sorted(iter(d.items()), key=lambda x: x[1])",273,0,1,8,0,50,0
764235,Dictionary to lowercase in Python,lowercase keys and values in dictionary `{'My Key': 'My Value'}`,"{k.lower(): v.lower() for k, v in list({'My Key': 'My Value'}.items())}",323,0,1,56,0,50,0
931092,Reverse a string,Reverse string 'foo',''.join(reversed('foo')),374,0,8,0,0,50,0
1249388,Removing all non-numeric characters from string in Python,remove all non-numeric characters from string `sdkjh987978asd098as0980a98sd `,"re.sub('[^0-9]', '', 'sdkjh987978asd098as0980a98sd')",435,2,8,0,0,50,0
1450393,read from stdin,read line by line from stdin,"for line in fileinput.input():
    pass",459,3,9,51,1,50,0
3182716,Python unicode string with UTF-8?,print unicode string '\xd0\xbf\xd1\x80\xd0\xb8' with utf-8,print('\xd0\xbf\xd1\x80\xd0\xb8'.encode('raw_unicode_escape')),713,9,8,0,0,50,0
3880399,how to send the output of pprint module to a log file,send the output of pprint object `dataobject` to file `logFile`,"pprint.pprint(dataobject, logFile)",831,12,9,24,1,50,0
4644025,Python how to sort this list?,Sort a list 'lst' in descending order.,"sorted(lst, reverse=True)",963,15,7,52,1,50,0
4877844,How would I check a string for a certain letter in Python?,"check if string 'x' is  in list `['x', 'd', 'a', 's', 'd', 's']`","'x' in ['x', 'd', 'a', 's', 'd', 's']",1002,16,0,18,0,50,0
4914277,How to empty a file using Python,erase all the contents of a file `filename`,"open(filename, 'w').close()",1014,17,9,31,1,50,0
5577501,How to tell if string starts with a number?,"Check if string `strg` starts with any of the elements in list ('0', '1', '2', '3', '4', '5', '6', '7', '8', '9')","strg.startswith(('0', '1', '2', '3', '4', '5', '6', '7', '8', '9'))",1079,18,0,3,0,50,0
6407362,How can I check if a date is the same day as datetime.today()?,check if date `yourdatetime` is equal to today's date,yourdatetime.date() == datetime.today().date(),1142,20,2,22,0,50,0
6416131,add new item to dictionary,"add key value pairs 'item4' , 4 and 'item5' , 5 to dictionary `default_data`","default_data.update({'item4': 4, 'item5': 5, })",1145,20,1,21,0,50,0
7635237,"numpy: syntax/idiom to cast (n,) array to a (n, 1) array?",add a new axis to array `a`,"a[:, (np.newaxis)]",1247,23,6,10,0,50,0
7745260,Iterate through words of a file in Python,get a list of words `words` of a file 'myfile',words = open('myfile').read().split(),1257,23,9,25,1,50,0
7999935,Python datetime to string without microsecond component,Formate current date and time to a string using pattern '%Y-%m-%d %H:%M:%S',datetime.datetime.now().strftime('%Y-%m-%d %H:%M:%S'),1275,23,2,38,0,50,0
8751653,How can I convert a binary to a float number,convert a binary '-0b1110' to a float number,"float(int('-0b1110', 0))",1361,26,5,8,0,50,0
10697757,Python regular expression split() string,Split a string `s` by space with `4` splits,"s.split(' ', 4)",1520,30,8,0,0,50,0
10750802,Disable abbreviation in argparse,disable abbreviation in argparse,parser = argparse.ArgumentParser(allow_abbrev=False),1522,30,8,0,0,50,0
11066400,Remove punctuation from Unicode formatted strings,substitute occurrences of unicode regex pattern u'\\p{P}+' with empty string '' in string `text`,"return re.sub('\\p{P}+', '', text)",1545,30,8,0,0,50,0
11351874,Converting a dict into a list,Convert a dictionary `dict` into a list with key and values as list items.,[y for x in list(dict.items()) for y in x],1568,31,1,41,0,50,0
11801309,loop over files,loop over files in directory `source`,"for (root, dirs, filenames) in os.walk(source):
    for f in filenames:
        pass",1606,32,9,32,1,50,0
13628725,How to generate random numbers that are different?,generate 6 random numbers between 1 and 50,"random.sample(range(1, 50), 6)",1763,36,5,32,0,50,0
14041791,print variable and a string in python,Print a string `card` with string formatting,print('I have: {0.price}'.format(card)),1798,37,8,0,0,50,0
15392730,"In Python, is it possible to escape newline characters when printing a string?",Print new line character as `\n` in a string `foo\nbar`,print('foo\nbar'.encode('string_escape')),1919,40,8,0,0,50,0
17812978,How to plot two columns of a pandas data frame using points?,How to plot two columns of a pandas data frame using points?,"df.plot(x='col_name_1', y='col_name_2', style='o')",2084,44,3,18,0,50,0
19410018,How to count the number of words in a sentence?,count the number of words in a string `s`,len(s.split()),2195,47,0,46,0,50,0
28773683,Combine two Pandas dataframes with the same index,combine  dataframe `df1` and dataframe `df2` by index number,"pd.merge(df1, df2, left_index=True, right_index=True, how='outer')",2500,55,3,11,0,50,0
29881993,How can I access elements inside a list within a dictionary python?,"join together with "","" elements inside a list indexed with 'category' within a dictionary `trans`",""""""","""""".join(trans['category'])",2534,56,1,7,0,50,0
30628176,Switch every pair of characters in a string,switch positions of each two adjacent characters in string `a`,"print(''.join(''.join(i) for i in zip(a2, a1)) + a[-1] if len(a) % 2 else '')",2557,56,8,16,0,50,0
32283692,Adding a 1-D Array to a 3-D array in Numpy,"adding a 1-d array `[1, 2, 3, 4, 5, 6, 7, 8, 9]` to a 3-d array `np.zeros((6, 9, 20))`","np.zeros((6, 9, 20)) + np.array([1, 2, 3, 4, 5, 6, 7, 8, 9])[(None), :, (None)]",2616,58,6,31,0,50,0
32792874,"Searching if the values on a list is in the dictionary whose format is key-string, value-list(strings)",get list of keys in dictionary `my_dict` whose values contain values from list `lst`,"[key for item in lst for key, value in list(my_dict.items()) if item in value]",2632,58,1,6,0,50,0
32792874,"Searching if the values on a list is in the dictionary whose format is key-string, value-list(strings)",get geys of dictionary `my_dict` that contain any values from list `lst`,"[key for key, value in list(my_dict.items()) if set(value).intersection(lst)]",2633,58,1,54,0,50,0
36518800,Sort a list in python based on another sorted list,sort a list `unsorted_list` based on another sorted list `presorted_list`,"sorted(unsorted_list, key=presorted_list.index)",2712,60,7,57,1,50,0
39268928,Python: how to get rid of spaces in str(dict)?,convert dictionary `dict` into a string formatted object,"'{' + ','.join('{0!r}:{1!r}'.format(*x) for x in list(dct.items())) + '}'",2755,61,1,63,0,50,0
41648246,Efficient computation of the least-squares algorithm in NumPy,solve for the least squares' solution of matrices `a` and `b`,"np.linalg.solve(np.dot(a.T, a), np.dot(a.T, b))",2843,64,6,28,0,50,0
41861705,Merging two pandas dataframes,"Create new DataFrame object by merging columns ""key"" of  dataframes `split_df` and `csv_df` and rename the columns from dataframes `split_df` and `csv_df` with suffix `_left` and `_right` respectively","pd.merge(split_df, csv_df, on=['key'], suffixes=('_left', '_right'))",2850,64,3,50,0,50,0
