question_id,intent,rewritten_intent,snippet,idx,time_batch,cluster,gradual_batch,gradual_new,recurring_batch,rec_new
1476,express binary literals,convert binary string '0b0010101010' to integer,"int('0b0010101010', 2)",2,0,5,49,0,49,0
265960,Best way to strip punctuation from a string in Python,Strip punctuation from string `s`,"s.translate(None, string.punctuation)",115,0,8,0,0,49,0
455612,Limiting floats to two decimal points,print float `a` with two decimal points,"print(('%.2f' % round(a, 2)))",202,0,5,1,0,49,0
613183,Sort a Python dictionary by value,Sort dictionary `d` by value in ascending order,"sorted(list(d.items()), key=(lambda x: x[1]))",249,0,1,7,0,49,0
952914,Making a flat list out of list of lists,make a flat list from list of lists `sublist`,[item for sublist in l for item in sublist],379,1,7,42,1,49,0
1007481,How do I replace whitespaces with underscore and vice versa?,replace spaces with underscore,"mystring.replace(' ', '_')",395,1,8,35,0,49,0
1270951,Python - how to refer to relative paths of resources when working with code repository,get a relative path of file 'my_file' into variable `fn`,"fn = os.path.join(os.path.dirname(__file__), 'my_file')",438,2,9,45,1,49,0
1957273,"How do I generate a random string (of length X, a-z only) in Python?",generate a random string of length `x`  containing lower cased ASCII letters,""""""""""""".join(random.choice(string.lowercase) for x in range(X))",529,4,8,0,0,49,0
2637760,How do I match contents of an element in XPath (lxml)?,match contents of an element to 'Example' in xpath (lxml),"tree.xpath("".//a[text()='Example']"")[0].tag",641,7,0,34,0,49,0
2674391,Python - Locating the position of a regex match in a string?,Get the position of a regex match `is` in a string `String`,"re.search('is', String).start()",645,7,0,10,0,49,0
3061761,Numpy array dimensions,get the dimensions of numpy array `a`,a.shape,701,9,6,1,0,49,0
3182716,Python unicode string with UTF-8?,Encode a latin character in string `Sopet\xc3\xb3n` properly,'Sopet\xc3\xb3n'.encode('latin-1').decode('utf-8'),712,9,8,0,0,49,0
3437059,string contains substring method,"check if string `s` contains ""is""","if (s.find('is') == (-1)):
    print(""No 'is' here!"")
else:
    print(""Found 'is' in the string."")",764,10,0,22,0,49,0
3559559,How to delete a character from a string using python?,"Delete character ""M"" from a string `s` using python","s = s.replace('M', '')",790,11,8,0,0,49,0
4605439,What is the simplest way to swap char in a string with Python?,swap each pair of characters in string `s`,""""""""""""".join([s[x:x + 2][::-1] for x in range(0, len(s), 2)])",953,15,8,0,0,49,0
5503925,How do I use a dictionary to update fields in Django models?,update the fields in django model `Book` using dictionary `d`,Book.objects.create(**d),1073,18,1,35,0,49,0
7271385,How do I combine two lists into a dictionary in Python?,"combine two lists `[1, 2, 3, 4]` and `['a', 'b', 'c', 'd']` into a dictionary","dict(zip([1, 2, 3, 4], ['a', 'b', 'c', 'd']))",1214,22,1,11,0,49,0
8270092,remove all whitespace in a string,remove all whitespace in a string `sentence`,"pattern = re.compile('\\s+')
sentence = re.sub(pattern, '', sentence)",1313,24,8,0,0,49,0
9206964,How to split string into words that do not contain whitespaces in python?,"split string ""This is a string"" into words that do not contain whitespaces","""""""This is a string"""""".split()",1393,27,8,0,0,49,0
9775731,Clamping floating numbers in Python?,clamping floating number `my_value` to be between `min_value` and `max_value`,"max(min(my_value, max_value), min_value)",1451,28,5,9,0,49,0
9849192,sorting values of python dict using sorted builtin function,reverse sort items in dictionary `mydict` by value,"sorted(iter(mydict.items()), key=itemgetter(1), reverse=True)",1453,28,1,7,0,49,0
10973614,Convert JSON array to Python list,Convert JSON array `array` to Python object,data = json.loads(array),1536,30,6,9,0,49,0
11361985,Output data from all columns in a dataframe in pandas,output data of the first 7 columns of Pandas dataframe,"pandas.set_option('display.max_columns', 7)",1571,31,3,5,0,49,0
11399384,Extract all keys from a list of dictionaries,extract all keys from a list of dictionaries `LoD`,[i for s in [list(d.keys()) for d in LoD] for i in s],1573,31,1,59,0,49,0
12337583,"Saving dictionary whose keys are tuples with json, python",Serialize dictionary `data` and its keys to a JSON formatted string,"json.dumps({str(k): v for k, v in data.items()})",1642,33,1,64,0,49,0
19602931,http file downloading and saving,"download ""http://randomsite.com/file.gz"" from http and save as ""file.gz""","testfile = urllib.request.URLopener()
testfile.retrieve('http://randomsite.com/file.gz', 'file.gz')",2211,47,9,17,1,49,0
19781609,How do you remove the column name row from a pandas DataFrame?,Exclude column names when writing dataframe `df` to a csv file `filename.csv`,"df.to_csv('filename.csv', header=False)",2223,48,3,20,0,49,0
20461165,How to convert pandas index in a dataframe to a column?,Add indexes in a data frame `df` to a column `index1`,df['index1'] = df.index,2262,49,3,31,0,49,0
21778118,Counting the number of non-NaN elements in a numpy ndarray matrix in Python,count the number of non-nan elements in a numpy ndarray matrix `data`,np.count_nonzero(~np.isnan(data)),2317,50,6,2,0,49,0
22128218,Pandas how to apply multiple functions to dataframe,apply functions `mean` and `std` to each column in dataframe `df`,"df.groupby(lambda idx: 0).agg(['mean', 'std'])",2340,51,3,33,0,49,0
28431359,How to decode a 'url-encoded' string in python,"decode a double URL encoded string 
'FireShot3%2B%25282%2529.png' to
'FireShot3+(2).png'",urllib.parse.unquote(urllib.parse.unquote('FireShot3%2B%25282%2529.png')),2489,55,8,0,0,49,0
29370211,pandas split string into columns,Unpack column 'stats' in dataframe `df` into a series of columns,df['stats'].apply(pd.Series),2514,55,3,1,0,49,0
30405804,How do I permanently set the current directory to the Desktop in Python?,permanently set the current directory to the 'C:/Users/Name/Desktop',os.chdir('C:/Users/Name/Desktop'),2550,56,9,17,1,49,0
33711985,Flattening a list of NumPy arrays?,concatenate a list of numpy arrays `input_list` together into a flattened list of values,np.concatenate(input_list).ravel().tolist(),2649,59,6,13,0,49,0
35711059,Extract dictionary value from column in data frame,extract dictionary values by key 'Feature3' from data frame `df`,feature3 = [d.get('Feature3') for d in df.dic],2699,60,3,1,0,49,0
40682209,Pandas: Fill missing values by mean in each group faster than transfrom,Replace NaN values in  column 'value' with the mean of data in column 'group' of dataframe `df`,df[['value']].fillna(df.groupby('group').transform('mean')),2811,63,3,5,0,49,0
41807864,Regex matching 5-digit substrings not enclosed with digits,regex matching 5-digit substrings not enclosed with digits in `s`,"re.findall('(?<!\\d)\\d{5}(?!\\d)', s)",2845,64,0,7,0,49,0
41894454,How to custom sort an alphanumeric list?,custom sort an alphanumeric list `l`,"sorted(l, key=lambda x: x.replace('0', 'Z'))",2851,64,7,20,1,49,0
41946927,Getting pandas dataframe from list of nested dictionaries,create a pandas data frame from list of nested dictionaries `my_list`,"pd.concat([pd.DataFrame(l) for l in my_list], axis=1).T",2855,64,3,49,0,49,0
