question_id,intent,rewritten_intent,snippet,idx,time_batch,cluster,gradual_batch,gradual_new,recurring_batch,rec_new
227459,"get the <a href=""http://en.wikipedia.org/wiki/ASCII"" rel=""nofollow noreferrer"">ASCII</a> value of a character as an int",get the ASCII value of a character 'a' as an int,ord('a'),98,0,5,63,0,9,0
367155,Splitting a string into words and punctuation,split a unicode string `text` into a list of words and punctuation characters with a regex,"re.findall('\\w+|[^\\w\\s]', text, re.UNICODE)",168,0,8,0,0,9,0
663171,substring a string,get a new string with the 3rd to the second-to-last characters of string `x`,x[2:(-2)],265,0,8,0,0,9,0
674764,string find,find the index of sub string 'cc' in string 'sdfasdf','sdfasdf'.index('cc'),284,0,0,34,0,9,0
930397,Getting the last element of a list,Getting the last element of list `some_list`,some_list[(-1)],364,0,7,17,1,9,0
1082413,Sort a list of strings based on regular expression match or something similar,sort a list of strings `strings` based on regex match,"strings.sort(key=lambda str: re.sub('.*%', '', str))",412,1,0,10,0,9,0
2186656,How can I remove all instances of an element from a list in Python?,"remove all instances of `[1, 1]` from a list `a`","[x for x in a if x != [1, 1]]",568,5,7,14,1,9,0
2597099,Sorting numbers in string format with Python,Sort a list of integers `keys` where each value is in string format,keys.sort(key=lambda x: [int(y) for y in x.split('.')]),621,7,1,21,0,9,0
3008992,case sensitive string replacement in Python,replace a string `Abc` in case sensitive way using maketrans,"""""""Abc"""""".translate(maketrans('abcABC', 'defDEF'))",693,9,8,0,0,9,0
3348825,How to round integers in python,round 1123.456789 to be an integer,"print(round(1123.456789, -1))",749,10,5,63,0,9,0
3392354,python: append values to a set,"append values `[3, 4]` to a set `a`","a.update([3, 4])",754,10,6,46,0,9,0
4659524,how to sort by length of string followed by alphabetical order?,sort list `the_list` by the length of string followed by alphabetical order,"the_list.sort(key=lambda item: (-len(item), item))",964,16,7,29,1,9,0
4706499,append to a file,"append line ""cool beans..."" to file ""foo""","with open('foo', 'a') as f:
    f.write('cool beans...')",978,16,9,48,1,9,0
4830535,Python: How do I format a date in Jinja2?,Jinja parse datetime object `car.date_of_manufacture` to use format pattern `datetime`,{{car.date_of_manufacture | datetime}},995,16,2,15,0,9,0
7253907,Python - how to convert int to string represent a 32bit Hex number,convert 3652458 to string represent a 32bit hex number,"""""""0x{0:08X}"""""".format(3652458)",1209,22,5,64,0,9,0
7271482,python getting a list of value from list of dict,python getting a list of value from list of dict,[d['value'] for d in l],1216,22,1,7,0,9,0
7961363,Removing duplicates in lists,Removing duplicates in list `t`,list(set(t)),1271,23,7,20,1,9,0
8270092,remove all whitespace in a string,remove all whitespaces in string `sentence`,"sentence = re.sub('\\s+', '', sentence, flags=re.UNICODE)",1311,24,8,0,0,9,0
8712332,Array indexing in numpy,retrieve all items in an numpy array 'x' except the item of the index 1,"x[(np.arange(x.shape[0]) != 1), :, :]",1355,26,6,29,0,9,0
10592674,"Updating a list of python dictionaries with a key, value pair from another list",update a list `l1` dictionaries with a key `count` and value from list `l2`,"[dict(d, count=n) for d, n in zip(l1, l2)]",1508,29,1,7,0,9,0
10974932,python split string based on regular expression,python split string based on regular expression,"re.findall('\\S+', str1)",1538,30,0,26,0,9,0
11840111,Divide the values of two dictionaries in python,divide values associated with each key in dictionary `d1` from values associated with the same key in dictionary `d2`,"dict((k, float(d2[k]) / d1[k]) for k in d2)",1612,32,1,7,0,9,0
13902805,List of all unique characters in a string?,List of all unique characters in a string?,""""""""""""".join(set('aaabcabccd'))",1788,37,0,57,0,9,0
14301913,Convert pandas group by object to multi-indexed Dataframe,convert pandas group by object to multi-indexed dataframe with indices 'Name' and 'Destination',"df.set_index(['Name', 'Destination'])",1823,38,3,1,0,9,0
14956683,Finding the minimum value in a numpy array and the corresponding values for the rest of that array's row,Get the value of the minimum element in the second column of array `a`,"a[np.argmin(a[:, (1)])]",1878,39,6,23,0,9,0
15509617,How to obtain the day of the week in a 3 letter format from a datetime object in python?,obtain the current day of the week in a 3 letter format from a datetime object,datetime.datetime.now().strftime('%a'),1931,40,2,8,0,9,0
15530399,Finding the surrounding sentence of a char/word in a string,"split string `text` by the occurrences of regex pattern '(?<=\\?|!|\\.)\\s{0,2}(?=[A-Z]|$)'","re.split('(?<=\\?|!|\\.)\\s{0,2}(?=[A-Z]|$)', text)",1932,40,0,60,0,9,0
16772071,sort dict by value python,Sort a dictionary `data` by its values,sorted(data.values()),2004,42,1,38,0,9,0
17794266,How to get the highest element in absolute value in a numpy matrix?,get the highest element in absolute value in a numpy matrix `x`,"max(x.min(), x.max(), key=abs)",2083,44,6,11,0,9,0
18116235,Removing letters from a list of both numbers and letters,Get only digits from a string `strs`,""""""""""""".join([c for c in strs if c.isdigit()])",2105,45,0,6,0,9,0
18319101,What's the best way to generate random strings of a specific length in Python?,generate random upper-case ascii string of 12 characters length,print(''.join(choice(ascii_uppercase) for i in range(12))),2121,45,8,0,0,9,0
19745091,Accessing dictionary by key in Django template,lookup dictionary key `key1` in Django template `json`,{{json.key1}},2220,48,1,15,0,9,0
20490274,How to reset index in a pandas data frame?,reset index to default in dataframe `df`,df = df.reset_index(drop=True),2266,49,3,37,0,9,0
20638006,Convert list of dictionaries to Dataframe,convert a list of dictionaries `d` to pandas data frame,pd.DataFrame(d),2273,49,3,45,0,9,0
22187233,How to delete all instances of a character in a string in python?,delete all occurrences of character 'i' in string 'it is icy',""""""""""""".join([char for char in 'it is icy' if char != 'i'])",2344,51,8,0,0,9,0
24242433,"Python - how to convert a ""raw"" string into a normal string",convert a raw string `raw_string` into a normal string,raw_string.decode('string_escape'),2402,52,8,0,0,9,0
26541968,Delete every non utf-8 symbols froms string,delete every non `utf-8` characters from a string `line`,"line = line.decode('utf-8', 'ignore').encode('utf-8')",2444,53,8,0,0,9,0
28684154,Python copy a list of lists,Copy list `old_list` and name it `new_list`,new_list = [x[:] for x in old_list],2497,55,7,59,1,9,0
39607540,Count the number of Occurrence of Values based on another column,get the count of each unique value in column `Country` of dataframe `df` and store in column `Sum of Accidents`,df.Country.value_counts().reset_index(name='Sum of Accidents'),2771,62,3,11,0,9,0
