question_id,intent,rewritten_intent,snippet,idx,time_batch,cluster,gradual_batch,gradual_new,recurring_batch,rec_new
172439,How do I split a multi-line string into multiple lines?,split a multi-line string `inputString` into separate strings,inputString.split('\n'),77,0,8,0,0,23,0
209840,Map two lists into a dictionary in Python,map two lists `keys` and `values` into a dictionary,"new_dict = {k: v for k, v in zip(keys, values)}",96,0,1,59,0,23,0
364519,iterate over a dictionary in sorted order,iterate over a dictionary `foo` sorted by the key,"for k in sorted(foo.keys()):
    pass",156,0,1,39,0,23,0
1031851,Python: Best Way to Exchange Keys with Values in a Dictionary?,swap keys with values in a dictionary `a`,"res = dict((v, k) for k, v in a.items())",404,1,1,13,0,23,0
2233917,How to input an integer tuple from user?,input an integer tuple from user,"tuple(map(int, input().split(',')))",580,6,5,22,0,23,0
2793324,delete a list element by value,delete the element 6 from list `a`,a.remove(6),660,8,7,57,1,23,0
4490961,Numpy: Multiplying a matrix with a 3d tensor -- Suggestion,Multiply a matrix `P` with a 3d tensor `T` in scipy,"scipy.tensordot(P, T, axes=[1, 1]).swapaxes(0, 1)",941,15,6,51,0,23,0
6310475,datetime.datetime.now() + 1,add one day and three hours to the present time from datetime.now(),"datetime.datetime.now() + datetime.timedelta(days=1, hours=3)",1135,20,2,6,0,23,0
6900955,python convert list to dictionary,convert list `l` to dictionary having each two adjacent elements as key/value pair,"dict(zip(l[::2], l[1::2]))",1187,21,1,11,0,23,0
6916542,Writing List of Strings to Excel CSV File in Python,write a list of strings `row` to csv object `csvwriter`,csvwriter.writerow(row),1188,21,8,0,0,23,0
7173850,Possible to get user input without inserting a new line?,"get user input using message 'Enter name here: ' and insert it to the first placeholder in string 'Hello, {0}, how do you do?'","print('Hello, {0}, how do you do?'.format(input('Enter name here: ')))",1204,22,8,0,0,23,0
7522533,How can I turn a string into a list in Python?,Convert a string into a list,list('hello'),1239,23,8,17,0,23,0
8217613,How to get data from command line from within a Python program?,"get the output of a subprocess command `echo ""foo""` in command line","subprocess.check_output('echo ""foo""', shell=True)",1301,24,9,33,1,23,0
8247792,Python - How to cut a string in Python?,cut a string by delimiter '&',s.rfind('&'),1306,24,8,0,0,23,0
8306171,Python: Extract variables out of namespace,update the `globals()` dictionary with the contents of the `vars(args)` dictionary,globals().update(vars(args)),1318,25,1,23,0,23,0
8908287,Base64 encoding in Python 3,encode a string `data to be encoded` to `ascii` encoding,encoded = 'data to be encoded'.encode('ascii'),1370,26,8,0,0,23,0
11073609,How to group DataFrame by a period of time?,group dataframe `df` based on minute interval,df.groupby(df.index.map(lambda t: t.minute)),1547,30,3,11,0,23,0
11932729,How to sort a Python dictionary by value?,sort a python dictionary `a_dict` by element `1` of the value,"sorted(list(a_dict.items()), key=lambda item: item[1][1])",1619,32,1,9,0,23,0
12987178,Sort a list based on dictionary values in python?,sort list `trial_list` based on values of dictionary `trail_dict`,"sorted(trial_list, key=lambda x: trial_dict[x])",1689,34,1,59,0,23,0
13411544,Delete column from pandas DataFrame,delete column 'column_name' from dataframe `df`,"df = df.drop('column_name', 1)",1741,35,3,39,0,23,0
14411633,Python - Fastest way to check if a string contains specific characters in any of the items in a list,do a boolean check if a string `lestring` contains any of the items in list `lelist`,any(e in lestring for e in lelist),1831,38,7,14,1,23,0
14971373,Python: how to get the final output of multiple system commands?,capture final output of a chain of system commands `ps -ef | grep something | wc -l`,"subprocess.check_output('ps -ef | grep something | wc -l', shell=True)",1881,39,9,50,1,23,0
17117912,Python Accessing Values in A List of Dictionaries,create a list where each element is a value of the key 'Name' for each dictionary `d` in the list `thisismylist`,[d['Name'] for d in thisismylist],2033,43,1,26,0,23,0
17284947,regex to get all text outside of brackets,get all text that is not enclosed within square brackets in string `example_str`,"re.findall('(.*?)\\[.*?\\]', example_str)",2048,43,0,7,0,23,0
17815945,Convert generator object to a dictionary,convert generator object to a dictionary,{i: (i * 2) for i in range(10)},2086,44,1,61,0,23,0
19527279,Python - Unicode to ASCII conversion,convert unicode string `s` to ascii,s.encode('iso-8859-15'),2201,47,8,0,0,23,0
19894478,Regex punctuation split [Python],"split string 'Words, words, words.' on punctuation","re.split('\\W+', 'Words, words, words.')",2231,48,8,0,0,23,0
20078816,Replace non-ASCII characters with a single space,Replace non-ASCII characters in string `text` with a single space,"re.sub('[^\\x00-\\x7F]+', ' ', text)",2243,48,8,0,0,23,0
20180210,Python how to combine two matrices in numpy,Create new matrix object  by concatenating data from matrix A and matrix B,"np.concatenate((A, B))",2249,48,6,45,0,23,0
20970279,"how to do a left,right and mid of a string in a pandas dataframe",get the middle two characters of a string 'state' in a pandas dataframe `df`,df['state'].apply(lambda x: x[len(x) / 2 - 1:len(x) / 2 + 1]),2290,50,3,43,0,23,0
21887754,numpy concatenate two arrays vertically,numpy concatenate two arrays `a` and `b` along the first axis,"print(concatenate((a, b), axis=0))",2332,51,6,8,0,23,0
25355705,count how many of an object type there are in a list Python,count the number of integers in list `a`,"sum(isinstance(x, int) for x in a)",2421,53,7,62,1,23,0
32751229,"Pandas sum by groupby, but exclude certain columns","Get sum of values of columns  'Y1961', 'Y1962', 'Y1963' after group by on columns ""Country"" and ""Item_code"" in dataframe `df`.","df.groupby(['Country', 'Item_Code'])[['Y1961', 'Y1962', 'Y1963']].sum()",2630,58,3,62,0,23,0
35883459,Creating a list of dictionaries in python,"creating a list of dictionaries [{'A': 1, 'C': 4, 'B': 2, 'D': 4}, {'A': 1, 'C': 4, 'B': 1, 'D': 5}]","[{'A': 1, 'C': 4, 'B': 2, 'D': 4}, {'A': 1, 'C': 4, 'B': 1, 'D': 5}]",2702,60,1,54,0,23,0
40208429,sorting dictionary by numeric value,sort dictionary `tag_weight` in reverse order by values cast to integers,"sorted(list(tag_weight.items()), key=lambda x: int(x[1]), reverse=True)",2791,62,1,53,0,23,0
40452956,remove escape character from string,"remove escape character from string ""\\a""","""""""\\a"""""".decode('string_escape')",2801,63,8,0,0,23,0
41083229,Removing characters from string Python,removing vowel characters 'aeiouAEIOU' from string `text`,""""""""""""".join(c for c in text if c not in 'aeiouAEIOU')",2825,63,8,0,0,23,0
42458734,"How do I convert all strings (like ""Fault"") and into a unique float?",factorize all string values in dataframe `s` into floats,(s.factorize()[0] + 1).astype('float'),2873,64,3,43,0,23,0
42747987,In pandas Dataframe with multiindex how can I filter by order?,select the first row grouped per level 0 of dataframe `df`,"df.groupby(level=0, as_index=False).nth(0)",2877,65,3,12,0,23,0
