question_id,intent,rewritten_intent,snippet,idx,time_batch,cluster,gradual_batch,gradual_new,recurring_batch,rec_new
209513,Convert hex string to int,"Convert hex string ""a"" to integer","int('a', 16)",91,0,5,23,0,20,0
209513,Convert hex string to int,Convert hex string `hexString` to int,"int(hexString, 16)",93,0,5,24,0,20,0
275018,remove (chomp) a newline,remove trailing newline in string 'test string \n\n','test string \n\n'.rstrip('\n'),125,0,8,0,0,20,0
899103,Writing a list to a file with Python,writing items in list `thelist` to file `thefile`,"for item in thelist:
    pass",351,0,9,48,1,20,0
1059559,Split Strings with Multiple Delimiters?,"split string ""a;bcd,ef g"" on delimiters ';' and ','","""""""a;bcd,ef g"""""".replace(';', ' ').replace(',', ' ').split()",410,1,8,0,0,20,0
1094717,Convert a string to integer with decimal in Python,Convert a string to integer with decimal in Python,int(s.split('.')[0]),417,1,5,36,0,20,0
1450393,read from stdin,read line by line from stdin,"for line in sys.stdin:
    pass",460,3,9,31,1,20,0
1547733,How to sort this list in Python?,Sort a list of dictionary `l` based on key `time` in descending order,"l = sorted(l, key=lambda a: a['time'], reverse=True)",472,3,1,50,0,20,0
1773805,parse a YAML file,"parse a YAML file ""example.yaml""","with open('example.yaml') as stream:
    try:
        print((yaml.load(stream)))
    except yaml.YAMLError as exc:
        print(exc)",501,4,9,25,1,20,0
1966207,Converting NumPy array into Python List structure?,convert numpy array into python list structure,"np.array([[1, 2, 3], [4, 5, 6]]).tolist()",532,4,6,3,0,20,0
2111163,Selecting specific column in each row from array,get element at index 0 of first row and element at index 1 of second row in array `A`,"A[[0, 1], [0, 1]]",554,5,6,9,0,20,0
3294889,Iterating over dictionaries using for loops,Iterating over a dictionary `d` using for loops,"for (key, value) in list(d.items()):
    pass",741,10,1,3,0,20,0
4008546,How to pad with n characters in Python,pad 'dog' up to a length of 5 characters with 'x',"""""""{s:{c}^{n}}"""""".format(s='dog', n=5, c='x')",869,13,8,0,0,20,0
4108561,How to exclude a character from a regex group?,How to exclude a character from a regex group?,re.compile('[^a-zA-Z0-9-]+'),876,13,0,12,0,20,0
4642501,How to sort dictionaries by keys in Python,Sort dictionary `o` in ascending order based on its keys and items,sorted(o.items()),962,15,1,22,0,20,0
5010536,Python: Perform an operation on each dictionary value,Multiple each value by `2` for all keys in a dictionary `my_dict`,"my_dict.update((x, y * 2) for x, y in list(my_dict.items()))",1027,17,1,3,0,20,0
6996603,Delete a file or folder,recursively remove folder `name`,os.removedirs(name),1190,21,9,47,1,20,0
7356042,Pythonic way to populate numpy array,Create 2D numpy array from the data provided in 'somefile.csv' with each row in the file having same number of values,"X = numpy.loadtxt('somefile.csv', delimiter=',')",1229,22,6,6,0,20,0
7742752,Sorting a dictionary by value then by key,sort a dictionary `y` by value then by key,"sorted(list(y.items()), key=lambda x: (x[1], x[0]), reverse=True)",1256,23,1,38,0,20,0
7768859,Python: for loop in index assignment,Convert integer elements in list `wordids` to strings,[str(wi) for wi in wordids],1260,23,5,54,0,20,0
9001509,sort a dictionary by key,sort dictionary `d` by key,od = collections.OrderedDict(sorted(d.items())),1380,26,1,8,0,20,0
9573244,Most elegant way to check if the string is empty,check if string `some_string` is empty,"if (not some_string):
    pass",1429,27,0,56,0,20,0
9932549,"Is it possible to take an ordered ""slice"" of a dictionary in Python based on a list of keys?",get key-value pairs in dictionary `my_dictionary` for all keys in list `my_list` in the order they appear in `my_list`,"dict(zip(my_list, map(my_dictionary.get, my_list)))",1459,28,1,35,0,20,0
12030074,Generate list of numbers in specific format,generate list of numbers in specific format using string formatting precision.,[('%.2d' % i) for i in range(16)],1622,32,5,2,0,20,0
12211944,How to match beginning of string or character in Python,Get all the matches from a string `abcd` if it begins with a character `a`,"re.findall('[^a]', 'abcd')",1629,33,0,14,0,20,0
13081090,Convert binary to list of digits Python,create a list containing the digits values from binary string `x` as elements,[int(d) for d in str(bin(x))[2:]],1699,34,5,32,0,20,0
13254241,Removing key values pairs from a list of dictionaries,removing key values pairs with key 'mykey1' from a list of dictionaries `mylist`,"[{k: v for k, v in d.items() if k != 'mykey1'} for d in mylist]",1721,35,1,4,0,20,0
13628725,How to generate random numbers that are different?,generate six unique random numbers in the range of 1 to 49.,"random.sample(range(1, 50), 6)",1762,36,5,12,0,20,0
13793321,Joining Table/DataFrames with common Column in Python,joining data from dataframe `df1` with data from dataframe `df2` based on matching values of column 'Date_Time' in both dataframes,"df1.merge(df2, on='Date_Time')",1776,36,3,62,0,20,0
16568056,Python Nested List Comprehension with two Lists,create a list of aggregation of each element from list `l2` to all elements of list `l1`,[(x + y) for x in l2 for y in l1],1995,42,7,64,1,20,0
18170459,How to check if a dictionary is in another dictionary in python,check if dictionary `L[0].f.items()` is in dictionary `a3.f.items()`,set(L[0].f.items()).issubset(set(a3.f.items())),2111,45,1,26,0,20,0
20048987,How to print floating point numbers as it is without any truncation in python?,print a floating point number 2.345e-67 without any truncation,print('{:.100f}'.format(2.345e-67)),2238,48,5,58,0,20,0
21022865,Pandas: Elementwise multiplication of two dataframes,create a dataframe containing the multiplication of element-wise in dataframe `df` and dataframe `df2` using index name and column labels of dataframe `df`,"pd.DataFrame(df.values * df2.values, columns=df.columns, index=df.index)",2294,50,3,7,0,20,0
23359886,selecting rows in numpy ndarray based on the value of two columns,"selecting rows in Numpy ndarray 'a', where the value in the first column is 0 and value in the second column is 1","a[np.where((a[:, (0)] == 0) * (a[:, (1)] == 1))]",2378,52,6,18,0,20,0
24525111,How can I get the output of a matplotlib plot as an SVG?,Save plot `plt` as svg file 'test.svg',plt.savefig('test.svg'),2406,52,9,16,1,20,0
25440008,python pandas flatten a dataframe to a list,flatten a dataframe df to a list,df.values.flatten(),2423,53,3,11,0,20,0
25651990,OSError: [WinError 193] %1 is not a valid Win32 application,run script 'hello.py' with argument 'htmlfilename.htm' on terminal using python executable,"subprocess.call(['python.exe', 'hello.py', 'htmlfilename.htm'])",2426,53,9,47,1,20,0
39870642,Matplotlib - How to plot a high resolution graph?,Save plot `plt` as png file 'filename.png',plt.savefig('filename.png'),2777,62,9,21,1,20,0
41923906,Align numpy array according to another array,align values in array `b` to the order of corresponding values in array `a`,"a[np.in1d(a, b)]",2854,64,6,15,0,20,0
