question_id,intent,rewritten_intent,snippet,idx,time_batch,cluster,gradual_batch,gradual_new,recurring_batch,rec_new
89228,Calling an external command,"Calling an external command ""some_command with args""",os.system('some_command with args'),58,0,9,27,1,18,0
237079,get file creation & modification date/times in,get the creation time of file `file`,print(('created: %s' % time.ctime(os.path.getctime(file)))),106,0,9,28,1,18,0
518021,Getting the length of an array,Getting the length of array `s`,len(s),225,0,6,3,0,18,0
587345,Python regular expression matching a multiline block of text,create a regular expression that matches the pattern '^(.+)(?:\\n|\\r\\n?)((?:(?:\\n|\\r\\n?).+)+)' over multiple lines of text,"re.compile('^(.+)(?:\\n|\\r\\n?)((?:(?:\\n|\\r\\n?).+)+)', re.MULTILINE)",239,0,0,37,0,18,0
674764,string find,find the index of sub string 'World' in `x`,x.find('World'),283,0,0,14,0,18,0
743806,Split string into a list,Split string `line` into a list by whitespace,line.split(),303,0,8,0,0,18,0
783897,Truncating floats in Python,truncate float 1.923328437452 to 3 decimal places,"round(1.923328437452, 3)",327,0,5,46,0,18,0
804995,How to use subprocess when multiple arguments contain spaces?,Call a subprocess with arguments `c:\\Program Files\\VMware\\VMware Server\\vmware-cmd.bat` that may contain spaces,subprocess.Popen(['c:\\Program Files\\VMware\\VMware Server\\vmware-cmd.bat']),330,0,9,12,1,18,0
902761,Saving a Numpy array as an image,save a numpy array `image_array` as an image 'outfile.jpg',"scipy.misc.imsave('outfile.jpg', image_array)",358,0,6,5,0,18,0
1780174,Split dictionary of lists into list of dictionaries,create a list where each element is a dictionary with keys 'key1' and 'key2' and values corresponding to each value in the lists referenced by keys 'key1' and 'key2' in dictionary `d`,"[{'key1': a, 'key2': b} for a, b in zip(d['key1'], d['key2'])]",503,4,1,52,0,18,0
2317134,How do I use a regular expression to match a name?,Match regex '[a-zA-Z][\\w-]*\\Z' on string 'A\n',"re.match('[a-zA-Z][\\w-]*\\Z', 'A\n')",585,6,0,11,0,18,0
2636755,How to convert hex string to integer in Python?,convert a hex string `x` to string,"y = str(int(x, 16))",640,7,8,0,0,18,0
3059301,Manipulating binary data in Python,Return the decimal value for each hex character in data `data`,print(' '.join([str(ord(a)) for a in data])),696,9,5,39,0,18,0
3241594,Printing numbers in python,printing numbers rounding up to third decimal place,print('%.3f' % 3.1415),721,9,5,36,0,18,0
4233476,Sort a list by multiple attributes?,sort a list of lists `s` by second and third element in each list.,"s.sort(key=operator.itemgetter(1, 2))",901,14,7,52,1,18,0
4574509,Remove duplicate chars using regex?,remove duplicate characters from string 'ffffffbbbbbbbqqq',"re.sub('([a-z])\\1+', '\\1', 'ffffffbbbbbbbqqq')",947,15,8,0,0,18,0
6159900,write line to file,"write line ""hi there"" to file `f`","print('hi there', file=f)",1126,20,9,61,1,18,0
7323859,Python - How to call bash commands with pipe?,call bash command 'tar c my_dir | md5sum' with pipe,"subprocess.call('tar c my_dir | md5sum', shell=True)",1223,22,9,30,1,18,0
7633274,"Extracting words from a string, removing punctuation and returning a list with separated words in Python","Get a list of  words from a string `Hello world, my name is...James the 2nd!` removing punctuation","re.compile('\\w+').findall('Hello world, my name is...James the 2nd!')",1246,23,8,0,0,18,0
8270092,remove all whitespace in a string,remove all whitespaces in a string `sentence`,sentence = ''.join(sentence.split()),1310,24,8,0,0,18,0
8577137,creating a tmp file in python,Open a file `path/to/FILE_NAME.ext` in write mode,"new_file = open('path/to/FILE_NAME.ext', 'w')",1341,25,9,20,1,18,0
8908287,Base64 encoding in Python 3,encode string 'data to be encoded',encoded = base64.b64encode('data to be encoded'),1371,26,8,0,0,18,0
11811392,How to generate a list from a pandas DataFrame with the column name and column values?,generate a list from a pandas dataframe `df` with the column name and column values,df.values.tolist(),1607,32,3,39,0,18,0
11833266,How do I read the first line of a string?,read the first line of a string `my_string`,my_string.splitlines()[0],1609,32,8,0,0,18,0
13277440,How can I get Python to use upper case letters to print hex values?,use upper case letters to print hex value `value`,print('0x%X' % value),1722,35,5,23,0,18,0
13496087,Python: How to generate a 12-digit random number?,generate a 12-digit random number,"'%0.12d' % random.randint(0, 999999999999)",1752,36,5,1,0,18,0
14743454,Counting values in dictionary,Get a list of all keys from dictionary `dictA` where the number of occurrences of value `duck` in that key is more than `1`,"[k for k, v in dictA.items() if v.count('duck') > 1]",1855,38,1,35,0,18,0
18176933,Create an empty data frame with index from another data frame,create an empty data frame `df2` with index from another data frame `df1`,df2 = pd.DataFrame(index=df1.index),2112,45,3,13,0,18,0
20059427,Python: using a dict to speed sorting of a list of tuples,create a dictionary `list_dict` containing each tuple in list `tuple_list` as values and the tuple's first element as the corresponding key,list_dict = {t[0]: t for t in tuple_list},2240,48,1,45,0,18,0
20375561,Joining pandas dataframes by column names,Join pandas data frame `frame_1` and `frame_2` with left join by `county_ID` and right join by `countyid`,"pd.merge(frame_1, frame_2, left_on='county_ID', right_on='countyid')",2257,49,3,42,0,18,0
20894525,How to remove parentheses and all data within using Pandas/Python?,replace parentheses and all data within it with empty string '' in column 'name' of dataframe `df`,"df['name'].str.replace('\\(.*\\)', '')",2287,49,3,8,0,18,0
22093471,pandas Subtract Dataframe with a row from another dataframe,pandas subtract a row from dataframe `df2` from dataframe `df`,"pd.DataFrame(df.values - df2.values, columns=df.columns)",2339,51,3,2,0,18,0
22625616,listing files from a directory using glob python,List all the files that doesn't contain the name `hello`,glob.glob('[!hello]*.txt'),2358,51,9,60,1,18,0
22882922,Splitting a string with repeated characters into a list using regex,split a string `s` with into all strings of repeated characters,"[m.group(0) for m in re.finditer('(\\d)\\1*', s)]",2366,51,8,0,0,18,0
36454494,Calcuate mean for selected rows for selected columns in pandas data frame,"get mean of columns `2, 5, 6, 7, 8` for all rows in dataframe `df`","df.iloc[:, ([2, 5, 6, 7, 8])].mean(axis=1)",2711,60,3,55,0,18,0
40156469,How to check if any value of a column is in a range in Pandas?,select all rows in dataframe `df` where the values of column 'columnX' is bigger than or equal to `x` and smaller than or equal to `y`,df[(x <= df['columnX']) & (df['columnX'] <= y)],2788,62,3,4,0,18,0
40620804,How do I sort a list with positives coming before negatives with values sorted respectively?,sort list `lst` with positives coming before negatives with values sorted respectively,"sorted(lst, key=lambda x: (x < 0, x))",2808,63,7,46,1,18,0
41192805,Pandas - Sorting By Column,Concatenate dataframe `df_1` to dataframe `df_2` sorted by values of the column 'y',"pd.concat([df_1, df_2.sort_values('y')])",2830,63,3,11,0,18,0
42364593,Python - Move elements in a list of dictionaries to the end of the list,move dictionaries in list `lst` to the end of the list if value of key 'language' in each dictionary is not equal to 'en',"sorted(lst, key=lambda x: x['language'] != 'en')",2868,64,1,15,0,18,0
