question_id,intent,rewritten_intent,snippet,idx,time_batch,cluster,gradual_batch,gradual_new,recurring_batch,rec_new
53513,check if a list is empty,check if list `a` is empty,"if (not a):
    pass",37,0,7,59,1,15,0
163542,pass a string into subprocess.Popen,set the stdin of the process 'grep f' to be b'one\ntwo\nthree\nfour\nfive\nsix\n',"p = Popen(['grep', 'f'], stdout=PIPE, stdin=PIPE, stderr=STDOUT)
grep_stdout = p.communicate(input='one\ntwo\nthree\nfour\nfive\nsix\n')[0]",76,0,9,37,1,15,0
273192,check if a directory exists and create it if necessary,check if directory `directory ` exists and create it if necessary,"if (not os.path.exists(directory)):
    os.makedirs(directory)",116,0,9,27,1,15,0
364519,iterate over a dictionary in sorted order,iterate over a dictionary `foo` in sorted order,"for (k, v) in sorted(foo.items()):
    pass",155,0,1,63,0,15,0
518021,Getting the length of an array,Getting the length of `my_tuple`,len(my_tuple),224,0,7,41,1,15,0
663171,selecting alternate characters,"select alternate characters of ""H-e-l-l-o- -W-o-r-l-d""",'H-e-l-l-o- -W-o-r-l-d'[::2],269,0,8,0,0,15,0
740287,How to check if one of the following items is in a list?,check if any item from list `b` is in list `a`,print(any(x in a for x in b)),301,0,7,57,1,15,0
798854,All combinations of a list of lists,create a list containing all cartesian products of elements in list `a`,list(itertools.product(*a)),329,0,7,53,1,15,0
861190,Ordering a list of dictionaries in python,ordering a list of dictionaries `mylist` by elements 'weight' and 'factor',"mylist.sort(key=lambda d: (d['weight'], d['factor']))",347,0,1,8,0,15,0
1015142,Running Python code contained in a string,"run the code contained in string ""print('Hello')""","eval(""print('Hello')"")",398,1,8,0,0,15,0
1447575,Symlinks on windows?,create a symlink directory `D:\\testdirLink` for directory `D:\\testdir` with unicode support using ctypes library,"kdll.CreateSymbolicLinkW('D:\\testdirLink', 'D:\\testdir', 1)",458,3,9,26,1,15,0
1592158,Convert hex to float,convert hex string '470FC614' to a float number,"struct.unpack('!f', '470FC614'.decode('hex'))[0]",477,3,5,6,0,15,0
2372573,How do I remove whitespace from the end of a string in Python?,"remove white spaces from the end of string ""    xyz     ""","""""""    xyz     """""".rstrip()",593,6,8,0,0,15,0
3097866,Access an arbitrary element in a dictionary in Python,Retrieve an arbitrary value from dictionary `dict`,next(iter(dict.values())),703,9,1,1,0,15,0
3220755,how to find the target file's full(absolute path) of the symbolic link or soft link in python,get canonical path of the filename `path`,os.path.realpath(path),719,9,9,31,1,15,0
3939361,Remove specific characters from a string,Remove characters in '!@#$' from a string `line`,"line = line.translate(string.maketrans('', ''), '!@#$')",846,12,8,0,0,15,0
3996904,Generate random integers between 0 and 9,Generate a random integer between 0 and 9,"randint(0, 9)",864,13,5,64,0,15,0
4706499,append to a file,append to file 'test' content 'koko',"open('test', 'a+b').write('koko')",981,16,9,47,1,15,0
4830535,Python: How do I format a date in Jinja2?,Get the date object `date_of_manufacture` of object `car` in string  format '%Y-%m-%d',{{car.date_of_manufacture.strftime('%Y-%m-%d')}},994,16,2,3,0,15,0
4998629,Python: Split string with multiple delimiters,"split string `str` with delimiter '; ' or delimiter ', '","re.split('; |, ', str)",1026,17,8,0,0,15,0
5137497,Find current directory,Find the full path of current directory,full_path = os.path.realpath(__file__),1037,17,9,42,1,15,0
6429638,How to split a string into integers in Python?,split a string `s` into integers,l = (int(x) for x in s.split()),1148,20,5,31,0,15,0
7856296,Parsing CSV / tab-delimited txt file with Python,parse tab-delimited CSV file 'text.txt' into a list,"lol = list(csv.reader(open('text.txt', 'rb'), delimiter='\t'))",1264,23,8,0,0,15,0
8270092,remove all whitespace in a string,remove whitespace in string `sentence` from beginning and end,sentence.strip(),1312,24,8,0,0,15,0
8924173,How do I print bold text in Python?,print bold text 'Hello',print('\x1b[1m' + 'Hello'),1373,26,8,0,0,15,0
12655007,Python: elegant way of creating a list of tuples?,"zip list `a`, `b`, `c` into a list of tuples","[(x + tuple(y)) for x, y in zip(zip(a, b), c)]",1662,33,7,20,1,15,0
13167391,filtering grouped df in pandas,filter dataframe `grouped` where the length of each group `x` is bigger than 1,grouped.filter(lambda x: len(x) > 1),1710,35,3,37,0,15,0
13557937,How to convert decimal to binary list in python,convert decimal integer 8 to a list of its binary values as elements,[int(x) for x in list('{0:0b}'.format(8))],1757,36,5,32,0,15,0
14591855,pandas HDFStore - how to reopen?,create dataframe `df` with content of hdf store file '/home/.../data.h5' with key of 'firstSet',"df1 = pd.read_hdf('/home/.../data.h5', 'firstSet')",1843,38,3,33,0,15,0
15334783,Multiplying values from two different dictionaries together in Python,multiply values of dictionary `dict` with their respective values in dictionary `dict2`,"dict((k, v * dict2[k]) for k, v in list(dict1.items()) if k in dict2)",1915,40,1,31,0,15,0
17284947,regex to get all text outside of brackets,Use a regex to get all text in a string `example_str` that is not surrounded by square brackets,"re.findall('(.*?)(?:\\[.*?\\]|$)', example_str)",2049,43,0,27,0,15,0
17438096,FTP upload files Python,upload file using FTP,"ftp.storlines('STOR ' + filename, open(filename, 'r'))",2057,44,9,24,1,15,0
29218750,What is the best way to remove a dictionary item by value in python?,Remove all items from a dictionary `myDict` whose values are `42`,"{key: val for key, val in list(myDict.items()) if val != 42}",2510,55,1,64,0,15,0
34097281,How can I convert a tensor into a numpy array in TensorFlow?,"convert a tensor with list of constants `[1, 2, 3]` into a numpy array in tensorflow","print(type(tf.Session().run(tf.constant([1, 2, 3]))))",2655,59,6,8,0,15,0
34705205,Sort a nested list by two elements,"sort a nested list by the inverse of element 2, then by element 1","sorted(l, key=lambda x: (-int(x[1]), x[0]))",2674,59,7,16,1,15,0
37584492,Regular expression substitution in Python,remove all instances of parenthesesis containing text beginning with `as ` from string `line`,"line = re.sub('\\(+as .*?\\) ', '', line)",2725,61,8,0,0,15,0
38457059,Pandas changing cell values based on another cell,change NaN values in dataframe `df` using preceding values in the frame,"df.fillna(method='ffill', inplace=True)",2744,61,3,9,0,15,0
40173569,python - convert datetime to varchar/string,Parse DateTime object `datetimevariable` using format '%Y-%m-%d',datetimevariable.strftime('%Y-%m-%d'),2789,62,2,33,0,15,0
41386443,Create Pandas DataFrame from txt file with specific pattern,create pandas data frame `df` from txt file `filename.txt` with column `Region Name` and separator `;`,"df = pd.read_csv('filename.txt', sep=';', names=['Region Name'])",2835,63,3,55,0,15,0
