question_id,intent,rewritten_intent,snippet,idx,time_batch,cluster,gradual_batch,gradual_new,recurring_batch,rec_new
19339,inverse of zip,"unzip the list `[('a', 1), ('b', 2), ('c', 3), ('d', 4)]`","zip(*[('a', 1), ('b', 2), ('c', 3), ('d', 4)])",14,0,7,64,1,61,0
319426,case insensitive string comparison,case insensitive comparison between strings `first` and `second`,(first.upper() == second.upper()),147,0,0,11,0,61,0
432842,get the logical xor of two variables,get logical xor of `a` and `b`,((a and (not b)) or ((not a) and b)),192,0,0,47,0,61,0
1010961,String Slicing Python,"remove last comma character ',' in string `s`",""""""""""""".join(s.rsplit(',', 1))",396,1,8,0,0,61,0
1012185,"In Python, how do I index a list with another list?",index a list `L` with another list `Idx`,T = [L[i] for i in Idx],397,1,7,29,1,61,0
1249786,Is there a string-collapse library function in python?,split string `my_string` on white spaces,""""""" """""".join(my_string.split())",436,2,8,0,0,61,0
1532810,How to read lines from a file into a multidimensional array (or an array of lists) in python,read lines from a csv file `./urls-eu.csv` into a list of lists `arr`,"arr = [line.split(',') for line in open('./urls-eu.csv')]",468,3,9,29,1,61,0
2173087,How to create nested lists in python?,"Create 3d array of zeroes of size `(3,3,3)`","numpy.zeros((3, 3, 3))",565,5,6,37,0,61,0
2759323,How can I list the contents of a directory in Python?,list all the contents of the directory 'path'.,os.listdir('path'),652,8,9,47,1,61,0
2769061,How to erase the file contents of text file in Python?,erase the contents of a file `filename`,"open('filename', 'w').close()",656,8,9,41,1,61,0
3061761,Numpy array dimensions,get the dimensions of numpy array `a`,a.shape,698,9,6,30,0,61,0
3939361,Remove specific characters from a string,"Remove string ""1"" from string `string`","string.replace('1', '')",849,13,8,0,0,61,0
4383082,Python regex separate space-delimited words into a list,separate words delimited by one or more spaces into a list,"re.split(' +', 'hello world sample text')",927,15,8,0,0,61,0
5352546,best way to extract subset of key-value pairs from python dictionary object,"extract subset of key-value pairs with keys as `('l', 'm', 'n')` from dictionary object `bigdict`","dict((k, bigdict[k]) for k in ('l', 'm', 'n'))",1061,18,1,19,0,61,0
6740865,Convert Unicode to UTF-8 Python,print a unicode string `text`,print(text.encode('windows-1252')),1176,21,8,0,0,61,0
7128153,Multiple 'in' operators in Python?,"check if  dictionary `d` contains all keys in list `['somekey', 'someotherkey', 'somekeyggg']`","all(word in d for word in ['somekey', 'someotherkey', 'somekeyggg'])",1197,21,1,2,0,61,0
8337004,"How to print +1 in Python, as +1 (with plus sign) instead of 1?",Print +1 using format '{0:+d}',print('{0:+d}'.format(score)),1320,25,5,62,0,61,0
9339630,Unescaping escaped characters in a string using Python 3.2,encode string `s` to utf-8 code,s.encode('utf8'),1408,27,8,0,0,61,0
10194713,Sorting a defaultdict by value in python,reverse sort dictionary `d` based on its values,"sorted(list(d.items()), key=lambda k_v: k_v[1], reverse=True)",1471,29,1,50,0,61,0
11354544,Read lines containing integers from a file in Python?,strip and split each line `line` on white spaces,line.strip().split(' '),1569,31,8,0,0,61,0
12426043,Can I read and write file in one line with Python?,write the content of file `xxx.mp4` to file `f`,"f.write(open('xxx.mp4', 'rb').read())",1648,33,9,31,1,61,0
13902805,List of all unique characters in a string?,create a list of all unique characters in string 'aaabcabccd',""""""""""""".join(list(OrderedDict.fromkeys('aaabcabccd').keys()))",1786,37,0,56,0,61,0
14961562,How do I convert a string of hexadecimal values to a list of integers?,unpack hexadecimal string `s` to a list of integer values,"struct.unpack('11B', s)",1880,39,5,28,0,61,0
15313250,Python BeautifulSoup Extract specific URLs,find all anchors with a hyperlink that matches the pattern '^(?!(?:[a-zA-Z][a-zA-Z0-9+.-]*:|//))',"soup.find_all('a', href=re.compile('^(?!(?:[a-zA-Z][a-zA-Z0-9+.-]*:|//))'))",1911,40,0,60,0,61,0
15411107,Delete a dictionary item if the key exists,Delete an item with key `key` from `mydict`,del mydict[key],1921,40,1,55,0,61,0
16125229,Last Key in Python Dictionary,get the last key of dictionary `dict`,list(dict.keys())[-1],1967,41,1,2,0,61,0
16766643,Convert Date String to Day of Week,"convert date string 'January 11, 2010'  into day of week","datetime.datetime.strptime('January 11, 2010', '%B %d, %Y').strftime('%A')",2002,42,2,54,0,61,0
17071871,Select rows from a DataFrame based on values in a column in pandas,select rows from a dataframe `df` whose value for column `column_name` is not in `some_values`,df.loc[~df['column_name'].isin(some_values)],2026,43,3,47,0,61,0
17134716,Convert DataFrame column type from string to datetime,convert the dataframe column 'col' from string types to datetime types,df['col'] = pd.to_datetime(df['col']),2034,43,3,2,0,61,0
17352321,Python splitting string by parentheses,"find all occurrences of the pattern '\\[[^\\]]*\\]|\\([^\\)]*\\)|""[^""]*""|\\S+' within `strs`","re.findall('\\[[^\\]]*\\]|\\([^\\)]*\\)|""[^""]*""|\\S+', strs)",2053,43,0,13,0,61,0
18351951,Check if string ends with one of the strings from a list,"check if string `test.mp3` ends with one of the strings from a tuple `('.mp3', '.avi')`","""""""test.mp3"""""".endswith(('.mp3', '.avi'))",2122,45,0,14,0,61,0
19961490,Construct pandas DataFrame from list of tuples,construct pandas dataframe from a list of tuples,"df = pandas.DataFrame(data, columns=['R_Number', 'C_Number', 'Avg', 'Std'])",2235,48,3,53,0,61,0
20796355,change current working directory in python,change current working directory to directory 'chapter3',os.chdir('chapter3'),2282,49,9,27,1,61,0
21805490,Python Regex - checking for a capital letter with a lowercase after,python regex - check for a capital letter with a following lowercase in string `string`,"re.sub('^[A-Z0-9]*(?![a-z])', '', string)",2326,50,0,58,0,61,0
22963263,Creating a zero-filled pandas data frame,create a dataframe `d` filled with zeros with indices from 0 to length of `data` and column names from `feature_list`,"d = pd.DataFrame(0, index=np.arange(len(data)), columns=feature_list)",2370,52,3,63,0,61,0
28416408,Scikit-learn: How to run KMeans on a one-dimensional array?,Fit Kmeans function to a one-dimensional array `x` by reshaping it to be a multidimensional array of single values,"km.fit(x.reshape(-1, 1))",2488,55,6,38,0,61,0
29370211,pandas split string into columns,"pandas split strings in column 'stats' by ',' into columns in dataframe `df`","df['stats'].str[1:-1].str.split(',', expand=True).astype(float)",2516,55,3,9,0,61,0
30766151,Regular Expression to find brackets in a string,Extract brackets from string `s`,"brackets = re.sub('[^(){}[\\]]', '', s)",2566,57,8,0,0,61,0
32490629,Getting today's date in YYYY-MM-DD in Python?,Getting today's date in YYYY-MM-DD,datetime.datetime.today().strftime('%Y-%m-%d'),2624,58,2,40,0,61,0
