question_id,intent,rewritten_intent,snippet,idx,time_batch,cluster,gradual_batch,gradual_new,recurring_batch,rec_new
82831,check whether a file exists,"check whether a path ""/etc"" exists",print(os.path.exists('/etc')),49,0,9,56,1,8,0
663171,substring a string,get a new string including the first two characters of string `x`,x[:2],263,0,8,0,0,8,0
761804,Trimming a string,trim string `myString `,myString.strip(),319,0,8,0,0,8,0
931092,Reverse a string,Reverse a string `a_string`,a_string[::(-1)],369,0,8,0,0,8,0
1303243,find out if a Python object is a string,check if `obj_to_test` is a string,"isinstance(obj_to_test, str)",444,2,0,30,0,8,0
1348026,How do I create a file in python without overwriting an existing file,create file 'x' if file 'x' does not exist,"fd = os.open('x', os.O_WRONLY | os.O_CREAT | os.O_EXCL)",445,2,9,51,1,8,0
1679798,How to open a file with the standard application?,"open a file ""$file"" under Unix","os.system('start ""$file""')",485,3,9,61,1,8,0
1720421,concatenate lists,iterate items in lists `listone` and `listtwo`,"for item in itertools.chain(listone, listtwo):
    pass",493,3,7,16,1,8,0
1780174,Split dictionary of lists into list of dictionaries,Split dictionary of lists into list of dictionaries,"map(dict, zip(*[[(k, v) for v in value] for k, value in list(d.items())]))",504,4,1,7,0,8,0
2813806,How do you check the presence of many keys in a Python dictinary?,check if key 'stackoverflow' and key 'google' are presented in dictionary `sites`,"set(['stackoverflow', 'google']).issubset(sites)",670,8,1,4,0,8,0
3160752,Removing backslashes from a string in Python,replace backslashes in string `result` with empty string '',"result = result.replace('\\', '')",710,9,8,0,0,8,0
4230000,Creating a 2d matrix in python,creating a 5x6 matrix filled with `None` and save it as `x`,x = [[None for _ in range(5)] for _ in range(6)],898,14,6,8,0,8,0
4270742,How to remove whitespace in BeautifulSoup,remove newlines and whitespace from string `yourstring`,"re.sub('[\\ \\n]{2,}', '', yourstring)",905,14,8,0,0,8,0
4690366,Creating a list from a Scipy matrix,"create a matrix from a list `[1, 2, 3]`","x = scipy.matrix([1, 2, 3]).transpose()",972,16,6,3,0,8,0
4706499,append to a file,"append line ""appended text"" to file ""test.txt""","with open('test.txt', 'a') as myfile:
    myfile.write('appended text')",980,16,9,26,1,8,0
4934806,How can I find script's directory with Python?,print script's directory,print(os.path.dirname(os.path.realpath(__file__))),1020,17,9,54,1,8,0
5788891,Execute a file with arguments in Python shell,execute a file './abc.py' with arguments `arg1` and `arg2` in python shell,"subprocess.call(['./abc.py', arg1, arg2])",1089,19,9,43,1,8,0
6159900,write line to file,"write line ""hi there"" to file `myfile`","f = open('myfile', 'w')
f.write('hi there\n')
f.close()",1125,20,9,59,1,8,0
6372228,how to parse a list or string into chunks of fixed length,Get a list of strings `split_text` with fixed chunk size `n` from a string `the_list`,"split_list = [the_list[i:i + n] for i in range(0, len(the_list), n)]",1137,20,8,0,0,8,0
6677332,Using %f with strftime() in Python to get microseconds,Using %f with strftime() in Python to get microseconds,datetime.datetime.now().strftime('%H:%M:%S.%f'),1169,21,2,2,0,8,0
7658932,Finding index of the same elements in a list,Get all indexes of a letter `e` from a string `word`,"[index for index, letter in enumerate(word) if letter == 'e']",1249,23,0,50,0,8,0
9760588,How do you extract a url from a string using python?,extract a url from a string `myString`,"print(re.search('(?P<url>https?://[^\\s]+)', myString).group('url'))",1449,28,8,0,0,8,0
11114358,How do I remove dicts from a list with duplicate fields in python?,Filter duplicate entries w.r.t. value in 'id' from a list of dictionaries 'L',"list(dict((x['id'], x) for x in L).values())",1548,30,1,6,0,8,0
12309976,convert list into string with spaces in python,convert a list `my_list` into string with values separated by spaces,""""""" """""".join(my_list)",1636,33,8,0,0,8,0
12575421,Convert a 1D array to a 2D array in numpy,convert a 1d `A` array to a 2d array `B`,"B = np.reshape(A, (-1, 2))",1657,33,6,60,0,8,0
13842088,Set value for particular cell in pandas DataFrame,set the value of cell `['x']['C']` equal to 10 in dataframe `df`,df['x']['C'] = 10,1783,37,3,8,0,8,0
15043326,getting string between 2 characters in python,get all characters between two `$` characters in string `string`,"re.findall('\\$([^$]*)\\$', string)",1887,39,8,0,0,8,0
15210485,python regex get first part of an email address,split string `s` by '@' and get the first element,s.split('@')[0],1901,40,8,0,0,8,0
18071222,Working with set_index in Pandas DataFrame,"set columns `['race_date', 'track_code', 'race_number']` as indexes in dataframe `rdata`","rdata.set_index(['race_date', 'track_code', 'race_number'])",2100,45,3,10,0,8,0
18131741,Python: find out whether a list of integers is coherent,check if elements in list `my_list` are coherent in order,"return my_list == list(range(my_list[0], my_list[-1] + 1))",2107,45,7,54,1,8,0
25817930,Fastest way to sort each row in a pandas dataframe,sort each row in a pandas dataframe `df` in descending order,"df.sort(axis=1, ascending=False)",2431,53,3,44,0,8,0
28161356,Sort Pandas Dataframe by Date,Sort Pandas Dataframe by Date,df.sort_values(by='Date'),2483,54,3,12,0,8,0
28657018,Remove string from list if from substring list,get last element of string splitted by '\\' from list of strings `list_dirs`,[l.split('\\')[-1] for l in list_dirs],2492,55,8,0,0,8,0
32792602,Find string with regular expression in python,search for occurrences of regex pattern `pattern` in string `url`,print(pattern.search(url).group(1)),2631,58,0,52,0,8,0
33218968,How do you call a python file that requires a command line argument from within another python file?,Run 'test2.py' file with python location 'path/to/python' and arguments 'neededArgumetGoHere' as a subprocess,"call(['path/to/python', 'test2.py', 'neededArgumetGoHere'])",2645,59,9,62,1,8,0
36296993,avoiding regex in pandas str.replace,replace string 'in.' with ' in. ' in dataframe `df` column 'a',"df['a'] = df['a'].str.replace('in.', ' in. ')",2708,60,3,60,0,8,0
39159475,pandas: how to do multiple groupby-apply operations,"Use multiple groupby and agg operations `sum`, `count`, `std` for pandas data frame `df`","df.groupby(level=0).agg(['sum', 'count', 'std'])",2753,61,3,48,0,8,0
39804375,Python - Sort a list of dics by value of dict`s dict value,sort a list of dictionary `persons` according to the key `['passport']['birth_info']['date']`,"sorted(persons, key=lambda x: x['passport']['birth_info']['date'])",2774,62,1,23,0,8,0
41821112,How can I sum the product of two list items using for loop in python?,sum the products of each two elements at the same index of list `a` and list `b`,"list(x * y for x, y in list(zip(a, b)))",2847,64,7,48,1,8,0
