question_id,intent,rewritten_intent,snippet,idx,time_batch,cluster,gradual_batch,gradual_new,recurring_batch,rec_new
72899,How do I sort a list of dictionaries by values of the dictionary in Python?,How do I sort a list of dictionaries by values of the dictionary in Python?,list_of_dicts.sort(key=operator.itemgetter('age')),43,0,1,41,0,56,0
123198,copy a file,"copy file ""/dir/file.ext"" to ""/new/dir/newname.ext""","shutil.copy2('/dir/file.ext', '/new/dir/newname.ext')",73,0,9,15,1,56,0
364519,iterate over a dictionary in sorted order,iterate over a dictionary `dict` in sorted order,return sorted(dict.items()),157,0,1,2,0,56,0
415511,get current time,get current time in string format,str(datetime.now()),184,0,2,1,0,56,0
663171,substring a string,get a new string including the last two characters of string `x`,x[(-2):],270,0,8,0,0,56,0
818949,How to convert strings numbers to integers in a list?,create list `changed_list ` containing elements of list `original_list` whilst converting strings containing digits to integers,changed_list = [(int(f) if f.isdigit() else f) for f in original_list],335,0,5,10,0,56,0
931092,Reverse a string,Reverse a string 'hello world','hello world'[::(-1)],371,0,8,0,0,56,0
2150739,ISO Time (ISO 8601) in Python,get current datetime in ISO format,datetime.datetime.now().isoformat(),557,5,2,34,0,56,0
2151517,Create Union of All Values Contained in Multiple Lists,get the union of values in list of lists `result_list`,return list(set(itertools.chain(*result_list))),558,5,7,19,1,56,0
3252590,Python: Finding a (string) key in a dictionary that contains a substring,Find all the items from a dictionary `D` if the key contains the string `Light`,"[(k, v) for k, v in D.items() if 'Light' in k]",722,9,1,36,0,56,0
3743222,How do I convert datetime to date (in Python)?,How do I convert datetime to date (in Python)?,datetime.datetime.now().date(),808,12,2,45,0,56,0
4433017,Shortest way to convert these bytes to int in python?,convert bytes string `s`  to an unsigned integer,"struct.unpack('>q', s)[0]",930,15,5,9,0,56,0
7351270,Control a print format when printing a list in Python,print numbers in list `list` with precision of 3 decimal places,"print('[%s]' % ', '.join('%.3f' % val for val in list))",1226,22,5,29,0,56,0
8270092,remove all whitespace in a string,remove all whitespace in a string `sentence`,"sentence.replace(' ', '')",1314,24,8,0,0,56,0
9402255,Drawing a huge graph with networkX and matplotlib,save current figure to file 'graph.png' with resolution of 1000 dpi,"plt.savefig('graph.png', dpi=1000)",1412,27,9,56,1,56,0
9427163,Remove duplicate dict in list in Python,remove duplicate dict in list `l`,[dict(t) for t in set([tuple(d.items()) for d in l])],1413,27,1,8,0,56,0
9760588,How do you extract a url from a string using python?,extract a url from a string `myString`,"print(re.findall('(https?://[^\\s]+)', myString))",1448,28,8,0,0,56,0
9905471,string to list conversion in python,"split string `s` to list conversion by ','","[x.strip() for x in s.split(',')]",1458,28,8,0,0,56,0
10915391,Sorting a list of dicts by dict values,sort a list of dictionaries `a` by dictionary values in descending order,"sorted(a, key=lambda i: list(i.values())[0], reverse=True)",1531,30,1,10,0,56,0
11760095,convert binary string to numpy array,convert binary string '\x00\x00\x80?\x00\x00\x00@\x00\x00@@\x00\x00\x80@' to numpy array,"np.fromstring('\x00\x00\x80?\x00\x00\x00@\x00\x00@@\x00\x00\x80@', dtype='<f4')",1601,32,5,10,0,56,0
13411544,Delete column from pandas DataFrame,delete a column `column_name` without having to reassign from pandas data frame `df`,"df.drop('column_name', axis=1, inplace=True)",1740,35,3,55,0,56,0
14299978,How to use lxml to find an element by text?,Find the`a` tag in html `root` which starts with the text `TEXT A`  and assign it to `e`,"e = root.xpath('.//a[starts-with(text(),""TEXT A"")]')",1820,37,0,46,0,56,0
15269161,"in Python, How to join a list of tuples into one list?",convert list `a` from being consecutive sequences of tuples into a single sequence of elements,list(itertools.chain(*a)),1904,40,7,16,1,56,0
15863066,Python regular expression match whole word,Python regular expression match whole word,"re.search('\\bis\\b', your_string)",1952,41,0,11,0,56,0
16866261,Detecting non-ascii characters in unicode string,Get all non-ascii characters in a unicode string `\xa3100 is worth more than \u20ac100`,"print(re.sub('[\x00-\x7f]', '', '\xa3100 is worth more than \u20ac100'))",2009,42,8,0,0,56,0
17960441,"in Numpy, how to zip two 2-D arrays?",zip two 2-d arrays `a` and `b`,"np.array(zip(a.ravel(), b.ravel()), dtype='i4,i4').reshape(a.shape)",2095,45,6,33,0,56,0
18609153,Format() in Python Regex,"format parameters 'b' and 'a' into plcaeholders in string ""{0}\\w{{2}}b{1}\\w{{2}}quarter""","""""""{0}\\w{{2}}b{1}\\w{{2}}quarter"""""".format('b', 'a')",2144,46,8,0,0,56,0
19585280,Convert a row in pandas into list,convert rows in pandas data frame `df` into list,"df.apply(lambda x: x.tolist(), axis=1)",2205,47,3,6,0,56,0
21558999,Pandas: How can I remove duplicate rows from DataFrame and calculate their frequency?,remove duplicate rows from dataframe `df1` and calculate their frequency,"df1.groupby(['key', 'year']).size().reset_index()",2310,50,3,17,0,56,0
25388796,Most efficient way to convert items of a list to int and sum them up,"Sum integers contained in strings in list `['', '3.4', '', '', '1.0']`","sum(int(float(item)) for item in [_f for _f in ['', '3.4', '', '', '1.0'] if _f])",2422,53,7,19,1,56,0
26640145,Python Pandas: How to get the row names from index of a dataframe?,get a list of the row names from index of a pandas data frame,list(df.index),2446,54,3,1,0,56,0
28669459,How to print variables without spaces between values,print variable `value ` without spaces,"print('Value is ""' + str(value) + '""')",2495,55,8,0,0,56,0
29902714,Print the complete string of a pandas dataframe,"get  value at index `[2, 0]` in dataframe `df`","df.iloc[2, 0]",2535,56,3,35,0,56,0
30483977,Python - Get Yesterday's date as a string in YYYY-MM-DD format,get yesterday's date as a string in `YYYY-MM-DD` format using timedelta,(datetime.now() - timedelta(1)).strftime('%Y-%m-%d'),2552,56,2,47,0,56,0
32296933,removing duplicates of a list of sets,remove duplicates from a list of sets 'L',[set(item) for item in set(frozenset(item) for item in L)],2620,58,7,19,1,56,0
32464280,converting currency with $ to numbers in Python pandas,remove dollar sign '$' from second to last column data in dataframe 'df' and convert the data into floats,"df[df.columns[1:]].replace('[\\$,]', '', regex=True).astype(float)",2623,58,3,2,0,56,0
34543513,Find maximum with limited length in a list,find maximum with lookahead = 4 in a list `arr`,"[max(abs(x) for x in arr[i:i + 4]) for i in range(0, len(arr), 4)]",2670,59,7,52,1,56,0
36875258,copying one file's contents to another in python,copy the content of file 'file.txt' to file 'file2.txt',"shutil.copy('file.txt', 'file2.txt')",2717,60,9,35,1,56,0
38831808,Reading hex to double-precision float python,unpack the binary data represented by the hexadecimal string '4081637ef7d0424a' to a float,"struct.unpack('d', binascii.unhexlify('4081637ef7d0424a'))",2749,61,5,48,0,56,0
