question_id,intent,rewritten_intent,snippet,idx,time_batch,cluster,gradual_batch,gradual_new,recurring_batch,rec_new
199059,I'm looking for a pythonic way to insert a space before capital letters,insert spaces before capital letters in string `text`,"re.sub('([a-z](?=[A-Z])|[A-Z](?=[A-Z][a-z]))', '\\1 ', text)",86,0,8,0,0,29,0
209513,Convert hex string to int,Convert hex string `s` to integer,"int(s, 16)",89,0,5,22,0,29,0
273192,check if a directory exists and create it if necessary,check if a directory `path` exists and create it if necessary,"try:
    os.makedirs(path)
except OSError:
    if (not os.path.isdir(path)):
        raise",117,0,9,35,1,29,0
312443,How do you split a list into evenly sized chunks?,split a list `l` into evenly sized chunks `n`,"[l[i:i + n] for i in range(0, len(l), n)]",140,0,7,59,1,29,0
403421,"How to sort a list of objects , based on an attribute of the objects?",sort a list of objects `ut` in reverse order by their `count` property,"ut.sort(key=lambda x: x.count, reverse=True)",180,0,7,59,1,29,0
406121,Flattening a shallow list in Python,flatten list `list_of_menuitems`,[image for menuitem in list_of_menuitems for image in menuitem],183,0,7,40,1,29,0
518021,Getting the length of an array,Getting the length of `my_string`,len(my_string),226,0,8,0,0,29,0
817122,Delete digits in Python (Regex),Delete self-contained digits from string `s`,"s = re.sub('^\\d+\\s|\\s\\d+\\s|\\s\\d+$', ' ', s)",334,0,8,0,0,29,0
1514553,declare an array,declare an array with element 'i',intarray = array('i'),466,3,6,32,0,29,0
2878084,Sort a list of dicts by dict values,"sort a list of dictionaries by the value of keys 'title', 'title_url', 'id' in ascending order.","l.sort(key=lambda x: (x['title'], x['title_url'], x['id']))",677,8,1,7,0,29,0
2917372,How to search a list of tuples in Python,get the indices of tuples in list of tuples `L` where the first value is 53,"[i for i, v in enumerate(L) if v[0] == 53]",681,8,7,40,1,29,0
3160752,Removing backslashes from a string in Python,remove backslashes from string `result`,"result.replace('\\', '')",709,9,8,0,0,29,0
3258573,Pythonic way to insert every 2 elements in a string,Insert a character `-` after every two elements in a string `s`,"""""""-"""""".join(a + b for a, b in zip(s[::2], s[1::2]))",723,9,8,0,0,29,0
3862010,Is there a generator version of `string.split()` in Python?,split string `string` on whitespaces using a generator,"return (x.group(0) for x in re.finditer(""[A-Za-z']+"", string))",826,12,8,0,0,29,0
4175686,python: Is this a wrong way to remove an element from a dict?,remove key 'ele' from dictionary `d`,del d['ele'],895,14,1,64,0,29,0
4928526,"python, format string","python, format string ""{} %s {}"" to have 'foo' and 'bar' in the first and second positions","""""""{} %s {}"""""".format('foo', 'bar')",1019,17,8,0,0,29,0
5048841,How to alphabetically sort array of dictionaries on single key?,Sort list `my_list` in alphabetical order based on the values associated with key 'name' of each dictionary in the list,my_list.sort(key=operator.itemgetter('name')),1029,17,1,10,0,29,0
5858916,Find array item in a string,check if any of the items in  `search` appear in `string`,any(x in string for x in search),1100,19,0,24,0,29,0
9012008,python's re: return True if regex contains in the string,return `True` if string `foobarrrr` contains regex `ba[rzd]`,"bool(re.search('ba[rzd]', 'foobarrrr'))",1382,26,0,3,0,29,0
9224385,"In dictionary, converting the value from string to integer",convert values in dictionary `d` into integers,"{k: int(v) for k, v in d.items()}",1399,27,1,41,0,29,0
9470142,Remove string between 2 characters from text string,remove all square brackets from string 'abcd[e]yth[ac]ytwec',"re.sub('\\[.*?\\]', '', 'abcd[e]yth[ac]ytwec')",1415,27,8,0,0,29,0
10569438,How to print Unicode character in Python?,print unicode characters in a string `\u0420\u043e\u0441\u0441\u0438\u044f`,print('\u0420\u043e\u0441\u0441\u0438\u044f'),1506,29,8,0,0,29,0
10824319,Python: How to convert a string containing hex bytes to a hex string,convert a string `s` containing hex bytes to a hex string,binascii.a2b_hex(s),1525,30,8,0,0,29,0
12527959,Passing the '+' character in a POST request in Python,replace percent-encoded code in request `f` to their single-character equivalent,"f = urllib.request.urlopen(url, urllib.parse.unquote(urllib.parse.urlencode(params)))",1654,33,8,0,0,29,0
12905999,Python dict how to create key or append an element to key?,Create a key `key` if it does not exist in dict `dic` and append element `value` to value.,"dic.setdefault(key, []).append(value)",1686,34,1,46,0,29,0
13655392,Python- insert a character into a string,"insert a character ',' into a string in front of '+' character in second part of the string",""""""",+"""""".join(c.rsplit('+', 1))",1767,36,8,0,0,29,0
15175142,How can I do multiple substitutions using regex in python?,double each character in string `text.read()`,"re.sub('(.)', '\\1\\1', text.read(), 0, re.S)",1899,39,8,0,0,29,0
17027690,How to skip the extra newline while printing lines read from a file?,skip the newline while printing `line`,print(line.rstrip('\n')),2017,43,8,0,0,29,0
18663644,How to account for accent characters for regex in Python?,"match a sharp, followed by letters (including accent characters) in string `str1` using a regex","hashtags = re.findall('#(\\w+)', str1, re.UNICODE)",2150,46,0,11,0,29,0
19365513,How to add an extra row to a pandas dataframe,"Add row `['8/19/2014', 'Jun', 'Fly', '98765']` to dataframe `df`","df.loc[len(df)] = ['8/19/2014', 'Jun', 'Fly', '98765']",2193,47,3,6,0,29,0
22625616,listing files from a directory using glob python,List all the files that matches the pattern `hello*.txt`,glob.glob('hello*.txt'),2357,51,9,62,1,29,0
26053849,Counting non zero values in each column of a dataframe in python,count non zero values in each column in pandas data frame,df.astype(bool).sum(axis=1),2435,53,3,21,0,29,0
27868020,How to subset a data frame using Pandas based on a group criteria?,Get data of dataframe `df` where the sum of column 'X' grouped by column 'User' is equal to 0,df.loc[df.groupby('User')['X'].transform(sum) == 0],2474,54,3,35,0,29,0
30729735,finding index of multiple items in a list,finding the index of elements containing substring 'how' and 'what' in a list of strings 'myList'.,"[i for i, j in enumerate(myList) if 'how' in j.lower() or 'what' in j.lower()]",2562,56,0,27,0,29,0
31617845,"How to select rows in a DataFrame between two values, in Python Pandas?",select rows in a dataframe `df` column 'closing_price' between two values 99 and 101,df = df[(df['closing_price'] >= 99) & (df['closing_price'] <= 101)],2587,57,3,13,0,29,0
35837346,Is there a one line code to find maximal value in a matrix?,find maximal value in matrix `matrix`,max([max(i) for i in matrix]),2701,60,6,18,0,29,0
37934969,Creating a Pandas dataframe from elements of a dictionary,create a pandas dataframe `df` from elements of a dictionary `nvalues`,"df = pd.DataFrame.from_dict({k: v for k, v in list(nvalues.items()) if k != 'y3'})",2730,61,3,53,0,29,0
38704545,How to binarize the values in a pandas DataFrame?,binarize the values in columns of list `order` in a pandas data frame,"pd.concat([df, pd.get_dummies(df, '', '').astype(int)], axis=1)[order]",2747,61,3,22,0,29,0
39604780,How can I print the Truth value of a variable?,print the truth value of `a`,print(bool(a)),2769,62,5,27,0,29,0
