question_id,intent,rewritten_intent,snippet,idx,time_batch,cluster,gradual_batch,gradual_new,recurring_batch,rec_new
22676,download a file over HTTP,download a file 'http://www.example.com/' over HTTP,"response = urllib.request.urlopen('http://www.example.com/')
html = response.read()",17,0,9,62,1,57,0
36139,How do I sort a list of strings in Python?,sort list `mylist` alphabetically,mylist.sort(key=lambda x: x.lower()),23,0,7,21,1,57,0
82831,check whether a file exists,"check whether a file ""/does/not/exist"" exists",print(os.path.isfile('/does/not/exist')),51,0,9,22,1,57,0
508657,Multidimensional array in Python,Create multidimensional array `matrix` with 3 rows and 2 columns in python,"matrix = [[a, b], [c, d], [e, f]]",212,0,6,7,0,57,0
761804,Trimming a string,"Trimming a string "" Hello """,' Hello '.strip(),318,0,8,0,0,57,0
1303243,find out if a Python object is a string,check if object `o` is a string,"isinstance(o, str)",440,2,0,22,0,57,0
2763750,How to replace only part of the match with python re.sub,insert `_suff` before the file extension in `long.file.name.jpg` or replace `_a` with `suff` if it precedes the extension.,"re.sub('(\\_a)?\\.([^\\.]*)$', '_suff.\\2', 'long.file.name.jpg')",654,8,9,45,1,57,0
3061761,Numpy array dimensions,get the dimensions of array `a`,N.shape(a),699,9,6,48,0,57,0
3151146,Replace the single quote (') character from a string,"replace single quote character in string ""didn't"" with empty string ''","""""""didn't"""""".replace(""'"", '')",707,9,8,0,0,57,0
3984539,Python: use regular expression to remove the white space from all lines,replace white spaces in string '  a\n b\n c\nd  e' with empty string '',"re.sub('(?m)^[^\\S\\n]+', '', '  a\n b\n c\nd  e')",861,13,8,0,0,57,0
4284648,Converting lists of tuples to strings Python,convert each tuple in list `l` to a string with '@' separating the tuples' elements,""""""" """""".join([('%d@%d' % (t[0], t[1])) for t in l])",906,14,7,63,1,57,0
4383571,Importing files from different folder,Importing file `file` from folder '/path/to/application/app/folder',"sys.path.insert(0, '/path/to/application/app/folder')
import file",928,15,9,27,1,57,0
5352546,best way to extract subset of key-value pairs from python dictionary object,"best way to extract subset of key-value pairs with keys matching 'l', 'm', or 'n' from python dictionary object","{k: bigdict[k] for k in list(bigdict.keys()) & {'l', 'm', 'n'}}",1059,18,1,39,0,57,0
8305518,switching keys and values in a dictionary in python,switch keys and values in a dictionary `my_dict`,"dict((v, k) for k, v in my_dict.items())",1317,25,1,19,0,57,0
8751653,How can I convert a binary to a float number,convert a binary `b8` to a float number,"struct.unpack('d', b8)[0]",1360,26,5,32,0,57,0
10487278,Python - How to declare and add items to an array?,declare an array,my_list = [],1496,29,6,62,0,57,0
10805589,Converting JSON date string to python datetime,convert JSON string '2012-05-29T19:30:03.283Z' into a DateTime object using format '%Y-%m-%dT%H:%M:%S.%fZ',"datetime.datetime.strptime('2012-05-29T19:30:03.283Z', '%Y-%m-%dT%H:%M:%S.%fZ')",1523,30,2,14,0,57,0
11620914,Removing nan values from an array,remove Nan values from array `x`,x = x[numpy.logical_not(numpy.isnan(x))],1590,32,6,25,0,57,0
12829889,Find Max in Nested Dictionary,Find a max value of the key `count` in a nested dictionary `d`,"max(d, key=lambda x: d[x]['count'])",1678,34,1,3,0,57,0
13636592,How to sort a Pandas DataFrame according to multiple criteria?,sort a pandas data frame according to column `Peak` in ascending and `Weeks` in descending order,"df.sort_values(['Peak', 'Weeks'], ascending=[True, False], inplace=True)",1764,36,3,9,0,57,0
13860026,update dictionary with dynamic keys and values in python,update the dictionary `mydic` with dynamic keys `i` and values with key 'name' from dictionary `o`,mydic.update({i: o['name']}),1784,37,1,63,0,57,0
13905936,converting integer to list in python,create a list containing digits of number 123 as its elements,list(str(123)),1789,37,5,2,0,57,0
14332141,Dumping subprcess output in a file in append mode,Move the cursor of file pointer `fh1` at the end of the file.,fh1.seek(2),1825,38,9,62,1,57,0
14745022,"Pandas DataFrame, how do i split a column into two","pandas dataframe, how do i split a column 'AB' into two 'A' and 'B' on delimiter ' '","df['A'], df['B'] = df['AB'].str.split(' ', 1).str",1857,38,3,21,0,57,0
14750675,Delete letters from string,delete letters from string '12454v',""""""""""""".join(filter(str.isdigit, '12454v'))",1858,38,8,0,0,57,0
15752422,Python Pandas - Date Column to Column index,set dataframe `df` index using column 'month',df.set_index('month'),1942,41,3,3,0,57,0
16962512,Convert scientific notation to decimal - python,convert scientific notation of variable `a` to decimal,"""""""{:.50f}"""""".format(float(a[0] / a[1]))",2014,42,5,19,0,57,0
18397805,How do I delete a row in a numpy array which contains a zero?,delete all rows in a numpy array `a` where any value in a row is zero `0`,"a[np.all(a != 0, axis=1)]",2127,45,6,6,0,57,0
20206615,How can a pandas merge preserve order?,do a `left` merge of dataframes `x` and `y` on the column `state` and sort by `index`,"x.reset_index().merge(y, how='left', on='state', sort=False).sort('index')",2252,49,3,9,0,57,0
20477190,Get top biggest values from each column of the pandas.DataFrame,get biggest 3 values from each column of the pandas dataframe `data`,"data.apply(lambda x: sorted(x, 3))",2265,49,3,10,0,57,0
23566515,Multiplication of 1d arrays in numpy,get the dot product of two one dimensional numpy arrays,"np.dot(a[:, (None)], b[(None), :])",2382,52,6,26,0,57,0
25474338,regex for repeating words in a string in Python,regex for repeating words in a string `s`,"re.sub('(?<!\\S)((\\S+)(?:\\s+\\2))(?:\\s+\\2)+(?!\\S)', '\\1', s)",2424,53,0,1,0,57,0
27589325,How to find and replace nth occurence of word in a sentence using python regular expression?,find and replace 2nd occurrence of word 'cat' by 'Bull' in a sentence 's',"re.sub('^((?:(?!cat).)*cat(?:(?!cat).)*)cat', '\\1Bull', s)",2466,54,0,2,0,57,0
28664103,How to transform a time series pandas dataframe using the index attributes?,transform time series `df` into a pivot table aggregated by column 'Close' using column `df.index.date` as index and values of column `df.index.time` as columns,"pd.pivot_table(df, index=df.index.date, columns=df.index.time, values='Close')",2493,55,3,2,0,57,0
28986489,Python Pandas: How to replace a characters in a column of a dataframe?,Python Pandas: How to replace a characters in a column of a dataframe?,"df['range'].replace(',', '-', inplace=True)",2505,55,3,14,0,57,0
29218750,What is the best way to remove a dictionary item by value in python?,remove items from dictionary `myDict` if the item's value `val` is equal to 42,"myDict = {key: val for key, val in list(myDict.items()) if val != 42}",2509,55,1,6,0,57,0
31818050,round number to nearest integer,round number 32.268907563 up to 3 decimal points,"round(32.268907563, 3)",2605,58,5,14,0,57,0
34468983,How to check if all elements in a tuple or list are in another?,"check if all elements in a tuple `(1, 6)` are in another `(1, 2, 3, 4, 5)`","all(i in (1, 2, 3, 4, 5) for i in (1, 6))",2668,59,7,37,1,57,0
37619348,Summing 2nd list items in a list of lists of lists,Get a list of lists with summing the values of the second element from each list of lists `data`,[[sum([x[1] for x in i])] for i in data],2726,61,7,50,1,57,0
