question_id,intent,rewritten_intent,snippet,idx,time_batch,cluster,gradual_batch,gradual_new,recurring_batch,rec_new
237079,get file creation & modification date/times in,get the creation time of file `path_to_file`,return os.path.getctime(path_to_file),105,0,9,37,1,6,0
364519,iterate over a dictionary in sorted order,iterate over a dictionary `dict` in sorted order,return iter(sorted(dict.items())),160,0,1,3,0,6,0
436599,Python Split String,truncate string `s` up to character ':',"s.split(':', 1)[1]",194,0,8,0,0,6,0
455612,Limiting floats to two decimal points,print float `a` with two decimal points,"print(('{0:.2f}'.format(round(a, 2))))",203,0,5,41,0,6,0
674764,string find,find the index of sub string 's' in string `str` starting from index 11,"str.find('s', 11)",285,0,0,24,0,6,0
940822,"Regular expression syntax for ""match nothing""?",regular expression syntax for not to match anything,re.compile('.\\A|.\\A*|.\\A+'),375,0,0,1,0,6,0
1580270,What's the best way to search for a Python dictionary value in a list of dictionaries?,What's the best way to search for a Python dictionary value in a list of dictionaries?,any(d['site'] == 'Superuser' for d in data),476,3,1,11,0,6,0
1666700,How to count the number of times something occurs inside a certain string?,count number of times string 'brown' occurred in string 'The big brown fox is brown',"""""""The big brown fox is brown"""""".count('brown')",484,3,0,4,0,6,0
2972212,Creating an empty list,Creating an empty list `l`,l = list(),688,8,7,34,1,6,0
3277503,read a file line by line into a list,read file 'filename' line by line into a list `lines`,lines = [line.rstrip('\n') for line in open('filename')],729,9,9,20,1,6,0
3777301,How to call a shell script from python code?,call a shell script `./test.sh` using subprocess,subprocess.call(['./test.sh']),813,12,9,22,1,6,0
3845423,Remove empty strings from a list of strings,remove empty strings from list `str_list`,str_list = list([_f for _f in str_list if _f]),823,12,8,0,0,6,0
3855093,"How to make a Python string out of non-ascii ""bytes""",convert list `myintegers` into a unicode string,""""""""""""".join(chr(i) for i in myintegers)",825,12,5,28,0,6,0
3964681,Find all files in directory with extension .txt,"Find all files in directory ""/mydir"" with extension "".txt""","for file in os.listdir('/mydir'):
    if file.endswith('.txt'):
        pass",858,13,9,39,1,6,0
10857924,Remove NULL columns in a dataframe Pandas?,remove null columns in a dataframe `df`,"df = df.dropna(axis=1, how='all')",1528,30,3,23,0,6,0
11692613,Python - sum values in dictionary,Get all the values in key `gold` summed from a list of dictionary `myLIst`,sum(item['gold'] for item in myLIst),1593,32,1,15,0,6,0
12141150,"from list of integers, get number closest to a given value",get number in list `myList` closest in value to number `myNumber`,"min(myList, key=lambda x: abs(x - myNumber))",1625,32,7,44,1,6,0
12400256,Python: Converting Epoch time into the datetime,Convert unix timestamp '1347517370' to formatted string '%Y-%m-%d %H:%M:%S',"time.strftime('%Y-%m-%d %H:%M:%S', time.localtime(1347517370))",1646,33,2,10,0,6,0
13209288,Python split string based on regex,split string `input` based on occurrences of regex pattern '[ ](?=[A-Z]+\\b)',"re.split('[ ](?=[A-Z]+\\b)', input)",1713,35,0,1,0,6,0
13413590,How to drop rows of Pandas DataFrame whose value in certain columns is NaN,"Drop rows of pandas dataframe `df` having NaN in column at index ""1""",df.dropna(subset=[1]),1743,35,3,9,0,6,0
15103484,"How to use regular expression to separate numbers and characters in strings like ""30M1000N20M""",separate numbers and characters in string '20M10000N80M',"re.findall('([0-9]+|[A-Z])', '20M10000N80M')",1894,39,5,32,0,6,0
15247628,How to find duplicate names using pandas?,find duplicate names in column 'name' of the dataframe `x`,x.set_index('name').index.get_duplicates(),1902,40,3,44,0,6,0
15411107,Delete a dictionary item if the key exists,"Delete an item with key ""key"" from `mydict`","mydict.pop('key', None)",1923,40,1,7,0,6,0
16387069,Open images,"Open image ""picture.jpg""","img = Image.open('picture.jpg')
Img.show",1987,42,9,45,1,6,0
16874598,How do I calculate the md5 checksum of a file in Python?,calculate the md5 checksum of a file named  'filename.exe',"hashlib.md5(open('filename.exe', 'rb').read()).hexdigest()",2011,42,9,62,1,6,0
17141558,How to sort a dataFrame in python pandas by two or more columns?,sort dataframe `df` based on column 'a' in ascending and column 'b' in descending,"df.sort_values(['a', 'b'], ascending=[True, False])",2040,43,3,27,0,6,0
17193850,How to get column by number in Pandas?,get all the values in column `b` from pandas data frame `df`,df['b'],2044,43,3,16,0,6,0
17426386,How to transform a tuple to a string of values without comma and parentheses,"Concat each values in a tuple `(34.2424, -64.2344, 76.3534, 45.2344)` to get a string",""""""""""""".join(str(i) for i in (34.2424, -64.2344, 76.3534, 45.2344))",2056,44,5,18,0,6,0
19095796,How to print backslash with Python?,print backslash,print('\\'),2179,47,8,0,0,6,0
20400135,Simple way to append a pandas series with same index,simple way to append a pandas series `a` and `b` with same index,"pd.concat([a, b], ignore_index=True)",2258,49,3,5,0,6,0
24242433,"Python - how to convert a ""raw"" string into a normal string",convert a raw string `raw_byte_string` into a normal string,raw_byte_string.decode('unicode_escape'),2403,52,8,0,0,6,0
29454773,How can I tell if a string only contains letter AND spaces,Check if string 'a b' only contains letters and spaces,"""""""a b"""""".replace(' ', '').isalpha()",2520,55,0,4,0,6,0
30546889,"Python list of dicts, get max value index",get dictionary with max value of key 'size' in list of dicts `ld`,"max(ld, key=lambda d: d['size'])",2553,56,1,44,0,6,0
31385363,how to export a table dataframe in pyspark to csv?,Write DataFrame `df` to csv file 'mycsv.csv',df.write.csv('mycsv.csv'),2581,57,3,42,0,6,0
31818050,round number to nearest integer,round number `h` to nearest integer,h = int(round(h)),2600,57,5,52,0,6,0
32926587,How to capture the entire string while using 'lookaround' with chars in regex?,find all substrings in string `mystring` composed only of letters `a` and `b` where each `a` is directly preceded and succeeded by `b`,"re.findall('\\b(?:b+a)+b+\\b', mystring)",2636,58,0,58,0,6,0
35078261,Sort a list of dictionary provided an order,sort a list of dictionaries `list_of_dct` by values in an order `order`,"sorted(list_of_dct, key=lambda x: order.index(list(x.values())[0]))",2685,60,1,10,0,6,0
39870642,Matplotlib - How to plot a high resolution graph?,Save matplotlib graph to image file `filename.png` at a resolution of `300 dpi`,"plt.savefig('filename.png', dpi=300)",2778,62,9,22,1,6,0
40660956,Sum of Every Two Columns in Pandas dataframe,sum the values in each row of every two adjacent columns in dataframe `df`,"df.groupby(np.arange(len(df.columns)) // 2 + 1, axis=1).sum().add_prefix('s')",2810,63,3,12,0,6,0
