question_id,intent,rewritten_intent,snippet,idx,time_batch,cluster,gradual_batch,gradual_new,recurring_batch,rec_new
200738,How can I unpack binary hex formatted data in Python?,encode string `data` as `hex`,data.encode('hex'),87,0,8,0,0,4,0
234512,Splitting strings in python,split a string 's' by space while ignoring spaces within square braces and quotes.,"re.findall('\\[[^\\]]*\\]|""[^""]*""|\\S+', s)",100,0,8,0,0,4,0
311627,print date in a regular format,print current date and time in a regular format,datetime.datetime.now().strftime('%Y-%m-%d %H:%M'),138,0,2,53,0,4,0
415511,get current time,get current time,datetime.datetime.now().time(),186,0,2,3,0,4,0
715417,Converting from a string to boolean in Python?,Convert string to boolean from defined set of strings,"s in ['true', '1', 't', 'y', 'yes', 'yeah', 'yup', 'certainly', 'uh-huh']",293,0,0,59,0,4,0
817122,Delete digits in Python (Regex),delete all digits in string `s` that are not directly attached to a word character,"re.sub('$\\d+\\W+|\\b\\d+\\b|\\W+\\d+$', '', s)",332,0,8,0,0,4,0
1773805,parse a YAML file,"parse a YAML file ""example.yaml""","with open('example.yaml', 'r') as stream:
    try:
        print((yaml.load(stream)))
    except yaml.YAMLError as exc:
        print(exc)",502,4,9,17,1,4,0
2168123,Converting a String to List in Python,"split string ""0,1,2"" based on delimiter ','","""""""0,1,2"""""".split(',')",564,5,8,0,0,4,0
2606976,How to replace empty string with zero in comma-separated string?,"get list of string elements in string `data` delimited by commas, putting `0` in place of empty strings","[(int(x) if x else 0) for x in data.split(',')]",631,7,8,0,0,4,0
3939361,Remove specific characters from a string,"Remove characters ""!@#$"" from a string `line`","line.translate(None, '!@#$')",848,13,8,0,0,4,0
4004550,Converting string series to float list,Converting string lists `s` to float list,floats = [float(x) for x in s.split()],868,13,5,29,0,4,0
4315506,load csv into 2D matrix with numpy for plotting,convert csv file 'test.csv' into two-dimensional matrix,"numpy.loadtxt(open('test.csv', 'rb'), delimiter=',', skiprows=1)",918,14,6,10,0,4,0
4365964,numpy: efficiently reading a large array,Construct an array with data type float32 `a` from data in binary file 'filename',"a = numpy.fromfile('filename', dtype=numpy.float32)",926,15,6,45,0,4,0
4940032,Search for string in txt file,Search for string 'blabla' in txt file 'example.txt',"if ('blabla' in open('example.txt').read()):
    pass",1023,17,0,8,0,4,0
6429638,How to split a string into integers in Python?,How to split a string into integers in Python?,"map(int, '42 0'.split())",1150,20,5,5,0,4,0
8199398,Extracting only characters from a string in Python,extract only alphabetic characters from a string `your string`,""""""" """""".join(re.split('[^a-zA-Z]*', 'your string'))",1295,24,0,2,0,4,0
8546245,Python concat string with list,join a list of strings `list` using a space ' ',""""""" """""".join(list)",1337,25,7,61,1,4,0
9079540,"how to get around ""Single '}' encountered in format string"" when using .format and formatting in printing","Escape character '}' in string '{0}:<15}}{1}:<15}}{2}:<8}}' while using function `format` with arguments `('1', '2', '3')`","print('{0}:<15}}{1}:<15}}{2}:<8}}'.format('1', '2', '3'))",1388,26,8,0,0,4,0
10565598,Numpy: How to check if array contains certain numbers?,check if array `b` contains all elements of array `a`,"numpy.in1d(b, a).all()",1503,29,6,5,0,4,0
11399384,Extract all keys from a list of dictionaries,create a set containing all keys' names from dictionary `LoD`,{k for d in LoD for k in list(d.keys())},1574,31,1,33,0,4,0
12572362,Get a string after a specific substring,"print a string after a specific substring ', ' in string `my_string `","print(my_string.split(', ', 1)[1])",1656,33,0,28,0,4,0
14295673,Convert string into datetime.time object,Convert string '03:55' into datetime.time object,"datetime.datetime.strptime('03:55', '%H:%M').time()",1819,37,2,57,0,4,0
15158599,Removing entries from a dictionary based on values,Get a dictionary from a dictionary `hand` where the values are present,"dict((k, v) for k, v in hand.items() if v)",1897,39,1,57,0,4,0
20154303,"Pandas read_csv expects wrong number of columns, with ragged csv file",read a ragged csv file `D:/Temp/tt.csv` using `names` parameter in pandas,"pd.read_csv('D:/Temp/tt.csv', names=list('abcdef'))",2247,48,3,40,0,4,0
21947035,Print string as hex literal python,"print string ""ABC"" as hex literal","""""""ABC"""""".encode('hex')",2335,51,8,0,0,4,0
23612271,A sequence of empty lists of length n in Python?,a sequence of empty lists of length `n`,[[] for _ in range(n)],2383,52,7,64,1,4,0
24722212,Python cant find module in the same folder,add a path `/path/to/2014_07_13_test` to system path,sys.path.append('/path/to/2014_07_13_test'),2409,53,9,42,1,4,0
29836836,How do I filter a pandas DataFrame based on value counts?,filter dataframe `df` by values in column `A` that appear more than once,df.groupby('A').filter(lambda x: len(x) > 1),2532,56,3,1,0,4,0
30693804,Python: trying to lower a string and remove non-alphanumeric characters aside from space,lower a string `text` and remove non-alphanumeric characters aside from space,"re.sub('[^\\sa-zA-Z0-9]', '', text).lower().strip()",2560,56,8,0,0,4,0
31267493,Remove list of indices from a list in Python,remove elements from list `centroids` the indexes of which are in array `index`,"[element for i, element in enumerate(centroids) if i not in index]",2578,57,6,33,0,4,0
31957364,Numpy elementwise product of 3d array,elementwise product of 3d arrays `A` and `B`,"np.einsum('ijk,ikl->ijl', A, B)",2611,58,6,3,0,4,0
32032836,Select everything but a list of columns from pandas dataframe,get all column name of dataframe `df` except for column 'T1_V6',df[df.columns - ['T1_V6']],2613,58,3,50,0,4,0
34945274,How to find all elements in a numpy 2-dimensional array that match a certain list?,"replace all elements in array `A` that are not present in array `[1, 3, 4]` with zeros","np.where(np.in1d(A, [1, 3, 4]).reshape(A.shape), A, 0)",2678,59,6,37,0,4,0
35178812,Counting unique index values in Pandas groupby,count unique index values in column 'A' in pandas dataframe `ex`,ex.groupby(level='A').agg(lambda x: x.index.get_level_values(1).nunique()),2688,60,3,5,0,4,0
38862349,Regex: How to match words without consecutive vowels?,Create a list containing words that contain vowel letter followed by the same vowel in file 'file.text',"[w for w in open('file.txt') if not re.search('[aeiou]{2}', w)]",2750,61,0,7,0,4,0
40055835,Removing elements from an array that are in another array,remove elements from an array `A` that are in array `B`,"A[np.all(np.any(A - B[:, (None)], axis=2), axis=0)]",2782,62,6,4,0,4,0
40319433,Numpy: find the euclidean distance between two 3-D arrays,find the euclidean distance between two 3-d arrays `A` and `B`,np.sqrt(((A - B) ** 2).sum(-1)),2796,62,6,56,0,4,0
40707158,type conversion in python from int to float,Change data type of data in column 'grade' of dataframe `data_df` into float and then to int,data_df['grade'] = data_df['grade'].astype(float).astype(int),2812,63,3,2,0,4,0
40987319,How to subset a dataset in pandas dataframe?,extract the first four rows of the column `ID` from a pandas dataframe `df`,df.groupby('ID').head(4),2821,63,3,7,0,4,0
