question_id,intent,rewritten_intent,snippet,idx,time_batch,cluster,gradual_batch,gradual_new,recurring_batch,rec_new
72899,How do I sort a list of dictionaries by values of the dictionary in Python?,How do I sort a list of dictionaries by values of the dictionary in Python?,list_of_dicts.sort(key=operator.itemgetter('name')),42,0,1,64,0,41,0
113655,Is there a function in python to split a word into a list?,split string `Word to Split` into a list of characters,list('Word to Split'),68,0,8,0,0,41,0
275018,remove (chomp) a newline,"remove trailing newline in string ""test string\n""",'test string\n'.rstrip(),127,0,8,0,0,41,0
579856,What's the Pythonic way to combine two sequences into a dictionary?,combine two sequences into a dictionary,"dict(zip(keys, values))",237,0,1,3,0,41,0
613183,Sort a Python dictionary by value,Sort dictionary `d` by value in descending order,"sorted(d, key=d.get, reverse=True)",246,0,1,6,0,41,0
613183,Sort a Python dictionary by value,Sort dictionary `x` by value in ascending order,"sorted(list(x.items()), key=operator.itemgetter(1))",248,0,1,9,0,41,0
677656,How to extract from a list of objects a list of specific attribute?,extract attribute `my_attr` from each object in list `my_list`,[o.my_attr for o in my_list],288,0,7,48,1,41,0
1038824,remove a substring from the end of a string,remove a substring `suffix` from the end of string `text`,"if (not text.endswith(suffix)):
    return text
return text[:(len(text) - len(suffix))]",405,1,8,0,0,41,0
1749466,What's the most pythonic way of normalizing lineends in a string?,Normalize line ends in a string 'mixed',"mixed.replace('\r\n', '\n').replace('\r', '\n')",499,4,8,0,0,41,0
3367288,insert variable values into a string in python,use `%s` operator to print variable values `str1` inside a string,"'first string is: %s, second one is: %s' % (str1, 'geo.tif')",752,10,8,0,0,41,0
3590165,Joining a list that has Integer values with Python,print a list of integers `list_of_ints` using string formatting,"print(', '.join(str(x) for x in list_of_ints))",793,11,5,3,0,41,0
3673428,Convert int to ASCII and back in Python,convert ascii value 'a' to int,ord('a'),798,11,5,4,0,41,0
4004550,Converting string series to float list,Converting string lists `s` to float list,"floats = map(float, s.split())",867,13,5,37,0,41,0
4231345,Zip and apply a list of functions over a list of values in Python,apply a list of functions named 'functions' over a list of values named 'values',"[x(y) for x, y in zip(functions, values)]",899,14,7,44,1,41,0
4642501,How to sort dictionaries by keys in Python,How to sort dictionaries by keys in Python,sorted(d.items()),960,15,1,4,0,41,0
4664850,Find all occurrences of a substring in Python,find indexes of all occurrences of a substring `tt` in a string `ttt`,"[m.start() for m in re.finditer('(?=tt)', 'ttt')]",965,16,0,19,0,41,0
6561653,how to get the index of dictionary with the highest value in a list of dictionary,Get an item from a list of dictionary `lst` which has maximum value in the key `score` using lambda function,"max(lst, key=lambda x: x['score'])",1158,20,1,24,0,41,0
7154739,How can I get an array of alternating values in python?,set every two-stride far element to -1 starting from second element in array `a`,a[1::2] = -1,1202,22,6,4,0,41,0
8214932,How to check if a value exists in a dictionary (python),Check if value 'one' is among the values of dictionary `d`,'one' in iter(d.values()),1299,24,1,14,0,41,0
8691311,Python: How to write multiple strings in one line?,"write multiple strings `line1`, `line2` and `line3` in one line in a file `target`","target.write('%r\n%r\n%r\n' % (line1, line2, line3))",1351,25,8,0,0,41,0
8704952,How to convert a tuple to a string in Python?,convert a set of tuples `queryresult` to a string `emaillist`,emaillist = '\n'.join(item[0] for item in queryresult),1353,25,7,44,1,41,0
8777753,Converting datetime.date to UTC timestamp in Python,convert datetime.date `dt` to utc timestamp,"timestamp = (dt - datetime(1970, 1, 1)).total_seconds()",1362,26,2,7,0,41,0
10472907,How to convert dictionary into string,convert dictionary `adict` into string,""""""""""""".join('{}{}'.format(key, val) for key, val in sorted(adict.items()))",1492,29,1,28,0,41,0
10562778,Replacing characters in a file,replace character 'a' with character 'e' and character 's' with character '3' in file `contents`,"newcontents = contents.replace('a', 'e').replace('s', '3')",1502,29,8,0,0,41,0
11613284,Add items to a dictionary of lists,get a dictionary with keys from one list `keys` and values from other list `data`,"dict(zip(keys, zip(*data)))",1588,32,1,4,0,41,0
11619169,How do I convert a datetime.date object into datetime.datetime in python?,convert Date object `dateobject` into a DateTime object,"datetime.datetime.combine(dateobject, datetime.time())",1589,32,2,3,0,41,0
12843099,Python: Logging TypeError: not all arguments converted during string formatting,convert the argument `date` with string formatting in logging,"logging.info('date=%s', date)",1681,34,2,25,0,41,0
16735786,How to generate unique equal hash for equal dictionaries?,generate unique equal hash for equal dictionaries `a` and `b`,hash(pformat(a)) == hash(pformat(b)),1999,42,1,3,0,41,0
16772071,sort dict by value python,sort dict `data` by value,"sorted(data, key=data.get)",2005,42,1,45,0,41,0
16883447,"How to read a ""C source, ISO-8859 text""",read file 'myfile' using encoding 'iso-8859-1',"codecs.open('myfile', 'r', 'iso-8859-1').read()",2012,42,9,35,1,41,0
17071871,Select rows from a DataFrame based on values in a column in pandas,select all rows whose values in a column `column_name` equals a scalar `some_value` in pandas data frame object `df`,df.loc[df['column_name'] == some_value],2023,43,3,61,0,41,0
18493677,how do i return a string from a regex match in python,return a string from a regex match with pattern '<img.*?>' in string 'line',"imtag = re.match('<img.*?>', line).group(0)",2135,46,0,27,0,41,0
21360028,NumPy List Comprehension Syntax,Get a list comprehension in list of lists `X`,[[X[i][j] for j in range(len(X[i]))] for i in range(len(X))],2306,50,7,58,1,41,0
21887754,numpy concatenate two arrays vertically,numpy concatenate two arrays `a` and `b` along the first axis,"np.array((a, b))",2330,51,6,7,0,41,0
24958010,get key by value in dictionary with same value in python?,Get keys from a dictionary 'd' where the value is '1'.,"print([key for key, value in list(d.items()) if value == 1])",2412,53,1,6,0,41,0
28925267,delete every nth row or column in a matrix using Python,delete every 8th column in a numpy array 'a'.,"np.delete(a, list(range(0, a.shape[1], 8)), axis=1)",2504,55,6,20,0,41,0
31793195,Most efficient way to get the integer index of a key in pandas,Get the integer location of a key `bob` in a pandas data frame,df.index.get_loc('bob'),2595,57,3,6,0,41,0
41513324,Python Pandas: drop rows of a timeserie based on time range,Drop the rows in pandas timeseries `df` from the row containing index `start_remove` to the row containing index `end_remove`,df.loc[(df.index < start_remove) | (df.index > end_remove)],2838,64,3,39,0,41,0
42178481,How to count the number of a specific character at the end of a string ignoring duplicates?,count the number of trailing question marks in string `my_text`,len(my_text) - len(my_text.rstrip('?')),2862,64,0,30,0,41,0
