question_id,intent,rewritten_intent,snippet,idx,time_batch,cluster,gradual_batch,gradual_new,recurring_batch,rec_new
237079,get file creation & modification date/times in,get modified time of file `file`,print(('last modified: %s' % time.ctime(os.path.getmtime(file)))),101,0,9,60,1,31,0
273192,check if a directory exists and create it if necessary,check if a directory `path` exists and create it if necessary,"try:
    os.makedirs(path)
except OSError as exception:
    if (exception.errno != errno.EEXIST):
        raise",119,0,9,36,1,31,0
311627,print date in a regular format,print current date and time in a regular format,time.strftime('%Y-%m-%d %H:%M'),139,0,2,56,0,31,0
379906,Parse String to Float or Int,Parse String `s` to Float or Int,"try:
    return int(s)
except ValueError:
    return float(s)",173,0,5,2,0,31,0
587345,Python regular expression matching a multiline block of text,"regular expression ""^(.+)\\n((?:\\n.+)+)"" matching a multiline block of text","re.compile('^(.+)\\n((?:\\n.+)+)', re.MULTILINE)",240,0,0,5,0,31,0
627435,remove an element from a list by index,remove the element in list `a` with index 1,a.pop(1),254,0,7,38,1,31,0
1024847,Add key to a dictionary,Add key 'a' to dictionary `data` with value 1,data.update(a=1),402,1,1,61,0,31,0
2508861,Python: Convert a string to an integer,Python: Convert a string to an integer,int('  23  '),608,6,5,60,0,31,0
3276180,Extracting date from a string in Python,extract date from a string `monkey 10/01/1980 love banana`,"dparser.parse('monkey 10/01/1980 love banana', fuzzy=True)",727,9,2,2,0,31,0
3895424,what is a quick way to delete all elements from a list that do not satisfy a constraint?,delete all elements from a list `x` if a function `fn` taking value as parameter returns `0`,[x for x in lst if fn(x) != 0],834,12,7,61,1,31,0
3931541,Python Check if all of the following items is in a list,"check if all of the following items in list `['a', 'b']` are in a list `['a', 'b', 'c']`","set(['a', 'b']).issubset(['a', 'b', 'c'])",842,12,7,62,1,31,0
4223923,how to change the case of first letter of a string?,change the case of the first letter in string `s`,return s[0].upper() + s[1:],897,14,8,0,0,31,0
4454298,Prepend a line to an existing file in Python,prepend the line '#test firstline\n' to the contents of file 'infile' and save as the file 'outfile',"open('outfile', 'w').write('#test firstline\n' + open('infile').read())",932,15,9,27,1,31,0
4530069,"Python: How to get a value of datetime.today() that is ""timezone aware""?",get a value of datetime.today() in the UTC time zone,datetime.now(pytz.utc),945,15,2,58,0,31,0
4768151,How to perform double sort inside an array?,sort list `bar` by each element's attribute `attrb1` and attribute `attrb2` in reverse order,"bar.sort(key=lambda x: (x.attrb1, x.attrb2), reverse=True)",986,16,7,28,1,31,0
4918425,Subtract a value from every number in a list in Python?,subtract 13 from every number in a list `a`,a[:] = [(x - 13) for x in a],1016,17,7,42,1,31,0
5333244,How to display a jpg file in Python?,Display a image file `pathToFile`,Image.open('pathToFile').show(),1058,18,9,51,1,31,0
5607551,How to urlencode a querystring in Python?,urlencode a querystring 'string_of_characters_like_these:$#@=?%^Q^$' in python 2,urllib.parse.quote_plus('string_of_characters_like_these:$#@=?%^Q^$'),1080,18,8,0,0,31,0
5801945,Non-consuming regular expression split in Python,"Split a string `text` with comma, question mark or exclamation by non-consuming regex using look-behind","re.split('(?<=[\\.\\?!]) ', text)",1091,19,0,9,0,31,0
6018340,Capturing group with findall?,match regex 'abc(de)fg(123)' on string 'abcdefg123 and again abcdefg123',"re.findall('abc(de)fg(123)', 'abcdefg123 and again abcdefg123')",1117,19,0,41,0,31,0
8409095,matplotlib: Set markers for individual points on a line,"set circle markers on plot for individual points  defined in list   `[1,2,3,4,5,6,7,8,9,10]` created by range(10)","plt.plot(list(range(10)), linestyle='--', marker='o', color='b')",1328,25,7,42,1,31,0
9746522,How can I use sum() function for a list in Python?,convert int values in list `numlist` to float,numlist = [float(x) for x in numlist],1443,28,5,58,0,31,0
10487278,Python - How to declare and add items to an array?,Insert item `12` to a list `my_list`,my_list.append(12),1494,29,7,50,1,31,0
10525301,String encoding and decoding from possibly latin1 and utf8,Normalize string `str` from 'cp1252' code to 'utf-8' code,print(str.encode('cp1252').decode('utf-8').encode('cp1252').decode('utf-8')),1497,29,8,0,0,31,0
10895028,python append to array in json object,"append dict `{'f': var6, 'g': var7, 'h': var8}` to value of key `e` in dict `jsobj['a']['b']`","jsobj['a']['b']['e'].append({'f': var6, 'g': var7, 'h': var8})",1529,30,1,39,0,31,0
13114512,Calculating difference between two rows in Python / Pandas,calculat the difference between each row and the row previous to it in dataframe `data`,data.set_index('Date').diff(),1702,34,3,10,0,31,0
13128565,String splitting in Python,split string `s` by letter 's',s.split('s'),1703,34,8,0,0,31,0
13567345,How to calculate the sum of all columns of a 2D numpy array (efficiently),Calculate sum over all rows of 2D numpy array,a.sum(axis=1),1758,36,6,64,0,31,0
14524322,How to convert a date string to different format,How to convert a date string '2013-1-25' in format '%Y-%m-%d' to different format '%m/%d/%y',"datetime.datetime.strptime('2013-1-25', '%Y-%m-%d').strftime('%m/%d/%y')",1838,38,2,6,0,31,0
15352457,How can I sum a column of a list?,sum columns of a list `array`,[sum(row[i] for row in array) for i in range(len(array[0]))],1917,40,6,29,0,31,0
16374540,Efficient way to convert a list to dictionary,"Convert a list `['A:1', 'B:2', 'C:3', 'D:4']` to dictionary","dict(map(lambda s: s.split(':'), ['A:1', 'B:2', 'C:3', 'D:4']))",1985,42,1,16,0,31,0
17098654,"How to store data frame using PANDAS, Python","store data frame `df` to file `file_name` using pandas, python",df.to_pickle(file_name),2029,43,3,43,0,31,0
17141558,How to sort a dataFrame in python pandas by two or more columns?,sort dataframe `df` based on column 'b' in ascending and column 'c' in descending,"df.sort_values(['b', 'c'], ascending=[True, False], inplace=True)",2039,43,3,4,0,31,0
18168684,Parsing XML in Python with regex,search for occurrences of regex pattern '>.*<' in xml string `line`,"print(re.search('>.*<', line).group(0))",2110,45,0,15,0,31,0
18461623,Average values in two Numpy arrays,Get the average values from two numpy arrays `old_set` and `new_set`,"np.mean(np.array([old_set, new_set]), axis=0)",2132,45,6,14,0,31,0
27905295,How to replace NaNs by preceding values in pandas DataFrame?,replace nans by preceding values in pandas dataframe `df`,"df.fillna(method='ffill', inplace=True)",2477,54,3,54,0,31,0
30605909,Pandas to_csv call is prepending a comma,write pandas dataframe `df` to the file 'c:\\data\\t.csv' without row names,"df.to_csv('c:\\data\\t.csv', index=False)",2556,56,3,8,0,31,0
31818050,round number to nearest integer,round number 7.005 up to 2 decimal places,"round(7.005, 2)",2603,58,5,55,0,31,0
41513324,Python Pandas: drop rows of a timeserie based on time range,drop rows of dataframe `df` whose index is smaller than the value of `start_remove` or bigger than the value of`end_remove`,df.query('index < @start_remove or index > @end_remove'),2839,64,3,50,0,31,0
