question_id,intent,rewritten_intent,snippet,idx,time_batch,cluster,gradual_batch,gradual_new,recurring_batch,rec_new
1476,express binary literals,convert 21 to binary string,bin(21),1,0,5,55,0,55,0
51520,How to get an absolute file path in Python,get an absolute file path of file 'mydir/myfile.txt',os.path.abspath('mydir/myfile.txt'),34,0,9,57,1,55,0
89228,Calling an external command,"Calling an external command ""some_command < input_file | another_command > output_file""",os.system('some_command < input_file | another_command > output_file'),64,0,9,30,1,55,0
518021,Getting the length of an array,Getting the length of array `l`,len(l),223,0,6,42,0,55,0
753052,Strip HTML from strings in Python,strip html from strings,"re.sub('<[^<]+?>', '', text)",309,0,8,0,0,55,0
1400608,empty a list,empty a list `alist`,alist[:] = [],454,2,7,27,1,55,0
1555968,Efficient way to find the largest key in a dictionary with non-zero value,get the largest key whose not associated with value of 0 in dictionary `x`,"(k for k, v in x.items() if v != 0)",473,3,1,5,0,55,0
2759323,How can I list the contents of a directory in Python?,list the contents of a directory '/home/username/www/',os.listdir('/home/username/www/'),653,8,9,37,1,55,0
2798627,How can I detect DOS line breaks in a file?,read file 'myfile.txt' using universal newline mode 'U',"print(open('myfile.txt', 'U').read())",666,8,9,55,1,55,0
2847272,"Python string formatting when string contains ""%s"" without escaping","replace fields delimited by braces {} in string ""Day old bread, 50% sale {0}"" with string 'today'","""""""Day old bread, 50% sale {0}"""""".format('today')",673,8,8,0,0,55,0
2953746,Python parse comma-separated number into int,"parse a comma-separated string number '1,000,000' into int","int('1,000,000'.replace(',', ''))",685,8,5,36,0,55,0
3487377,How can I check a Python unicode string to see that it *actually* is proper Unicode?,check if string `foo` is UTF-8 encoded,foo.decode('utf8').encode('utf8'),775,11,0,17,0,55,0
4241757,Python/Django: How to remove extra white spaces & tabs from a string?,remove extra white spaces & tabs from a string `s`,""""""" """""".join(s.split())",902,14,8,0,0,55,0
4940032,Search for string in txt file,Search for string 'blabla' in txt file 'example.txt',"f = open('example.txt')
s = mmap.mmap(f.fileno(), 0, access=mmap.ACCESS_READ)
if (s.find('blabla') != (-1)):
    pass",1022,17,0,23,0,55,0
5137497,Find current directory and file's directory,get the directory name of `path`,os.path.dirname(path),1040,17,9,17,1,55,0
5843518,"Remove all special characters, punctuation and spaces from string","remove all special characters, punctuation and spaces from a string `mystring` using regex","re.sub('[^A-Za-z0-9]+', '', mystring)",1095,19,8,0,0,55,0
7429118,how to get all the values from a numpy array excluding a certain index?,get all the values from a numpy array `a` excluding index 3,a[np.arange(len(a)) != 3],1236,22,6,44,0,55,0
7670226,python/numpy: how to get 2D array column length?,get second array column length of array `a`,a.shape[1],1251,23,6,13,0,55,0
8569201,Get the string within brackets in Python,find the string matches within parenthesis from a string `s` using regex,"m = re.search('\\[(\\w+)\\]', s)",1340,25,0,27,0,55,0
8993904,Python regex split case insensitive in 2.6,split string 'fooxyzbar' based on case-insensitive matching using string 'XYZ',"re.compile('XYZ', re.IGNORECASE).split('fooxyzbar')",1379,26,0,28,0,55,0
9621388,(Django) how to get month name?,how to get month name of datetime `today`,today.strftime('%B'),1434,28,2,61,0,55,0
13254241,Removing key values pairs from a list of dictionaries,Removing key values pairs from a list of dictionaries,"[dict((k, v) for k, v in d.items() if k != 'mykey1') for d in mylist]",1720,35,1,62,0,55,0
13838405,Custom sorting in pandas dataframe,sort column `m` in panda dataframe `df`,df.sort('m'),1780,36,3,52,0,55,0
15103484,"How to use regular expression to separate numbers and characters in strings like ""30M1000N20M""",separate numbers and characters in string '20M10000N80M',"re.findall('([0-9]+)([A-Z])', '20M10000N80M')",1895,39,5,14,0,55,0
16228248,Python: simplest way to get list of values from dict?,Retrieve list of values from dictionary 'd',list(d.values()),1977,41,1,62,0,55,0
17166601,Summing across rows of Pandas Dataframe,"sum the column `positions` along the  other columns `stock`, `same1`, `same2` in a pandas data frame `df`","df.groupby(['stock', 'same1', 'same2'], as_index=False)['positions'].sum()",2043,43,3,63,0,55,0
18229082,Python pickle/unpickle a list to/from a file,python pickle/unpickle a list to/from a file 'afile',"pickle.load(open('afile', 'rb'))",2115,45,9,51,1,55,0
18367007,Python how to write to a binary file?,write `newFileBytes` to a binary file `newFile`,"newFile.write(struct.pack('5B', *newFileBytes))",2125,45,9,39,1,55,0
18689823,pandas DataFrame: replace nan values with average of columns,replace nan values in a pandas data frame with the average of columns,"df.apply(lambda x: x.fillna(x.mean()), axis=0)",2153,46,3,4,0,55,0
18695605,python pandas dataframe to dictionary,"convert pandas dataframe `df` with fields 'id', 'value' to dictionary",df.set_index('id')['value'].to_dict(),2154,46,3,28,0,55,0
19758364,python: rename single column header in pandas dataframe,rename column 'gdp' in dataframe `data` to 'log(gdp)',"data.rename(columns={'gdp': 'log(gdp)'}, inplace=True)",2221,48,3,18,0,55,0
19794051,Regex for removing data in parenthesis,Remove all data inside parenthesis in string `item`,"item = re.sub(' \\(\\w+\\)', '', item)",2224,48,8,0,0,55,0
27457970,Python regex alternative for join,concatenate '-' in between characters of string `str`,"re.sub('(?<=.)(?=.)', '-', str)",2462,54,8,0,0,55,0
29311354,How to set the timezone in Django?,Set time zone `Europe/Istanbul` in Django,TIME_ZONE = 'Europe/Istanbul',2511,55,2,51,0,55,0
30551576,Using Regular Expressions to extract specific urls in python,Get all urls within text `s`,"re.findall('""(http.*?)""', s, re.MULTILINE | re.DOTALL)",2555,56,0,46,0,55,0
33058590,Pandas Dataframe: Replacing NaN with row average,replacing nan in the dataframe `df` with row average,"df.fillna(df.mean(axis=1), axis=1)",2640,58,3,58,0,55,0
34410358,Splitting a string based on a certain set of words,"Split string 'sad_pandas_and_happy_cats_for_people' based on string 'and', 'or' or 'for'","re.split('_(?:for|or|and)_', 'sad_pandas_and_happy_cats_for_people')",2664,59,8,0,0,55,0
39112645,Save line in file to list,Retrieve each line from a file 'File.txt' as a list,[line.split() for line in open('File.txt')],2751,61,9,37,1,55,0
41572822,How to swap a group of column headings with their values in Pandas,Sort the values of the dataframe `df` and align the columns accordingly based on the obtained indices after np.argsort.,"pd.DataFrame(df.columns[np.argsort(df.values)], df.index, np.unique(df.values))",2842,64,3,13,0,55,0
