question_id,intent,rewritten_intent,snippet,idx,time_batch,cluster,gradual_batch,gradual_new,recurring_batch,rec_new
1476,express binary literals,convert binary string '11111111' to integer,"int('11111111', 2)",0,0,5,53,0,53,0
42950,Get Last Day of the Month,Get Last Day of the month `month` in year `year`,"calendar.monthrange(year, month)[1]",28,0,2,42,0,53,0
42950,Get Last Day of the Month,Get Last Day of the first month in 2002,"calendar.monthrange(2002, 1)",30,0,2,45,0,53,0
89228,Calling an external command,"Calling an external command ""ls -l""",from subprocess import call,57,0,9,49,1,53,0
356483,Python regex findall numbers and dots,Find all numbers and dots from a string `text` using regex,"re.findall('Test([0-9.]*[0-9]+)', text)",154,0,0,20,0,53,0
373194,Python regex for MD5 hash,find all matches of regex pattern '([a-fA-F\\d]{32})' in string `data`,"re.findall('([a-fA-F\\d]{32})', data)",170,0,0,5,0,53,0
455612,Limiting floats to two decimal points,limit float 13.9499999 to two decimal points,('%.2f' % 13.9499999),201,0,5,4,0,53,0
867866,Convert unicode codepoint to UTF8 hex in python,convert Unicode codepoint to utf8 hex,"chr(int('fd9b', 16)).encode('utf-8')",349,0,8,0,0,53,0
1713594,Parse a string with a date to a datetime object,parse string '01-Jan-1995' into a datetime object using format '%d-%b-%Y',"datetime.datetime.strptime('01-Jan-1995', '%d-%b-%Y')",492,3,2,43,0,53,0
1807026,Initialize a list of objects in Python,initialize a list `lst` of 100 objects Object(),lst = [Object() for _ in range(100)],508,4,7,44,1,53,0
1883980,Find the nth occurrence of substring in a string,find the index of the second occurrence of the substring `bar` in string `foo bar bar bar`,"""""""foo bar bar bar"""""".replace('bar', 'XXX', 1).find('bar')",518,4,0,24,0,53,0
1960516,Python JSON serialize a Decimal object,encode `Decimal('3.9')` to a JSON string,json.dumps(Decimal('3.9')),530,4,5,53,0,53,0
2011048,how to check the character count of a file in python,Get the characters count in a file `filepath`,os.stat(filepath).st_size,533,4,9,18,1,53,0
2075128,"Python, print all floats to 2 decimal places in output","Format all floating variables `var1`, `var2`, `var3`, `var1` to print to two decimal places.","print('%.2f kg = %.2f lb = %.2f gal = %.2f l' % (var1, var2, var3, var4))",548,5,5,12,0,53,0
2612802,copy a list,deep copy list `old_list` as `new_list`,new_list = copy.deepcopy(old_list),633,7,7,34,1,53,0
2878084,Sort a list of dicts by dict values,sort a list of dictionary `mylist` by the key `title`,mylist.sort(key=lambda x: x['title']),678,8,1,57,0,53,0
3411025,Summarizing a dictionary of arrays in Python,sort dictionary `mydict` in descending order based on the sum of each value in it,"sorted(iter(mydict.items()), key=lambda tup: sum(tup[1]), reverse=True)[:3]",758,10,1,6,0,53,0
4020539,Process escape sequences in a string,decode escape sequences in string `myString`,myString.decode('string_escape'),870,13,8,0,0,53,0
5254445,Add string in a certain position in Python,add string `-` in `4th` position of a string `s`,s[:4] + '-' + s[4:],1051,18,8,0,0,53,0
5796238,Python convert decimal to hex,return the conversion of decimal `d` to hex without the '0x' prefix,hex(d).split('x')[1],1090,19,5,8,0,53,0
5864485,How can I split this comma-delimited string in Python?,"Create list  by splitting string `mystring` using "","" as delimiter","mystring.split(',')",1103,19,8,0,0,53,0
7741878,How to apply numpy.linalg.norm to each row of a matrix?,apply `numpy.linalg.norm` to each row of a matrix `a`,"numpy.apply_along_axis(numpy.linalg.norm, 1, a)",1255,23,6,40,0,53,0
8247792,Python - How to cut a string in Python?,cut a string using delimiter '&',s[:s.rfind('&')],1308,24,8,0,0,53,0
9206964,How to split string into words that do not contain whitespaces in python?,"split string ""This     is a     string"" into words that does not contain whitespaces","""""""This     is a     string"""""".split()",1392,26,8,0,0,53,0
10264618,Transform unicode string in python,"encode value of key `City` in dictionary `data` as `ascii`, ignoring non-ascii characters","data['City'].encode('ascii', 'ignore')",1478,29,1,20,0,53,0
13142347,How to remove leading and trailing zeros in a string? Python,remove leading and trailing zeros in the string 'your_Strip',your_string.strip('0'),1704,34,8,0,0,53,0
15183084,how to create a dictionary using two lists in python?,create a dictionary using two lists`x` and `y`,"dict(zip(x, y))",1900,40,1,20,0,53,0
17627531,Sort list of date strings,sort list of date strings 'd',"sorted(d, key=lambda x: datetime.datetime.strptime(x, '%m-%Y'))",2073,44,2,26,0,53,0
17960441,"in Numpy, how to zip two 2-D arrays?",join each element in array `a` with element at the same index in array `b` as a tuple,"np.array([zip(x, y) for x, y in zip(a, b)])",2094,44,6,7,0,53,0
20062565,Splitting a string by using two substrings in Python,search for regex pattern 'Test(.*)print' in string `testStr` including new line character '\n',"re.search('Test(.*)print', testStr, re.DOTALL)",2241,48,0,54,0,53,0
23145240,Python: split elements of a list,split elements of a list `l` by '\t',[i.partition('\t')[-1] for i in l if '\t' in i],2371,52,7,63,1,53,0
23855976,Middle point of each pair of an numpy.array,get an array of the mean of each two consecutive values in numpy array `x`,x[:-1] + (x[1:] - x[:-1]) / 2,2390,52,6,4,0,53,0
28742436,Combining two numpy arrays to form an array with the largest value from each array,"create array containing the maximum value of respective elements of array `[2, 3, 4]` and array `[1, 5, 2]`","np.maximum([2, 3, 4], [1, 5, 2])",2498,55,6,60,0,53,0
31547657,How can I solve system of linear equations in SymPy?,"sympy solve matrix of linear equations `(([1, 1, 1, 1], [1, 1, 2, 3]))` with variables `(x, y, z)`","linsolve(Matrix(([1, 1, 1, 1], [1, 1, 2, 3])), (x, y, z))",2586,57,6,5,0,53,0
36623789,How to convert unicode text to normal text,convert unicode text from list `elems` with index 0 to normal text 'utf-8',elems[0].getText().encode('utf-8'),2714,60,8,0,0,53,0
38426168,How to remove multiple columns that end with same text in Pandas?,get a dataframe `df2` that contains all the columns of dataframe `df` that do not end in `prefix`,"df2 = df.ix[:, (~df.columns.str.endswith('prefix'))]",2743,61,3,43,0,53,0
39816795,How to add a specific number of characters to the end of string in Pandas?,"Initialize a pandas series object `s` with columns `['A', 'B', 'A1R', 'B2', 'AABB4']`","s = pd.Series(['A', 'B', 'A1R', 'B2', 'AABB4'])",2775,62,3,23,0,53,0
40094588,How to get a list of matchable characters from a regex class,get a list of characters in string `x` matching regex pattern `pattern`,"print(re.findall(pattern, x))",2785,62,0,12,0,53,0
41552839,How can I convert literal escape sequences in a string to the corresponding bytes?,"encode string ""\\xc3\\x85あ"" to bytes","""""""\\xc3\\x85あ"""""".encode('utf-8')",2840,64,8,0,0,53,0
