question_id,intent,rewritten_intent,snippet,idx,time_batch,cluster,gradual_batch,gradual_new,recurring_batch,rec_new
186857,"Splitting a semicolon-separated string to a dictionary, in Python",split a string `s` by ';' and convert to a dictionary,dict(item.split('=') for item in s.split(';')),84,0,8,0,0,2,0
354038,check if a string is a number (float),check if string `a` is an integer,a.isdigit(),151,0,0,31,0,2,0
638360,Python - How to calculate equal parts of two dictionaries?,get set intersection between dictionaries `d1` and `d2`,"dict((x, set(y) & set(d1.get(x, ()))) for x, y in d2.items())",256,0,1,11,0,2,0
642154,convert strings into integers,function to convert strings into integers,int(),260,0,5,9,0,2,0
727507,How can I convert Unicode to uppercase to print it?,print unicode string `ex\xe1mple` in uppercase,print('ex\xe1mple'.upper()),297,0,8,0,0,2,0
845058,get line count,get line count of file 'myfile.txt',sum((1 for line in open('myfile.txt'))),343,0,9,58,1,2,0
1303243,find out if a Python object is a string,check if object `obj` is a string,"isinstance(obj, str)",441,2,0,24,0,2,0
2045175,Regex match even number of letters,write a regex pattern to match even number of letter `A`,re.compile('^([^A]*)AA([^A]|AA)*$'),536,5,0,4,0,2,0
3166619,python regex: match a string with only one instance of a character,match regex pattern '\\$[0-9]+[^\\$]*$' on string '$1 off delicious $5 ham.',"re.match('\\$[0-9]+[^\\$]*$', '$1 off delicious $5 ham.')",711,9,0,57,0,2,0
3437059,string contains substring,check if string `needle` is in `haystack`,"if (needle in haystack):
    pass",763,10,0,4,0,2,0
3518778,read csv into record array in numpy,read csv file 'myfile.csv' into array,"np.genfromtxt('myfile.csv', delimiter=',')",783,11,6,19,0,2,0
3844801,check if all elements in a list are identical,check if all elements in list `myList` are identical,all(x == myList[0] for x in myList),822,12,7,27,1,2,0
4127344,Transforming the string representation of a dictionary into a real dictionary,transforming the string `s` into dictionary,"dict(map(int, x.split(':')) for x in s.split(','))",882,13,8,0,0,2,0
4703390,How to extract a floating number from a string,extract floating point numbers from a string 'Current Level: -13.2 db or 14.2 or 3',"re.findall('[-+]?\\d*\\.\\d+|\\d+', 'Current Level: -13.2 db or 14.2 or 3')",977,16,5,5,0,2,0
5555063,Unescaping Characters in a String with Python,un-escaping characters in a string with python,"""""""\\u003Cp\\u003E"""""".decode('unicode-escape')",1076,18,8,0,0,2,0
6740311,Combining NumPy arrays,join Numpy array `b` with Numpy array 'a' along axis 0,"b = np.concatenate((a, a), axis=0)",1175,21,6,39,0,2,0
8177079,take the content of a list and append it to another list,append list `list1` to `list2`,list2.extend(list1),1290,24,7,18,1,2,0
8243188,Inserting a string into a list without getting split into characters,insert string `foo` at position `0` of list `list`,"list.insert(0, 'foo')",1303,24,7,44,1,2,0
8344905,Pythons fastest way of randomising case of a string,randomly switch letters' cases in string `s`,""""""""""""".join(x.upper() if random.randint(0, 1) else x for x in s)",1321,25,8,0,0,2,0
10824319,Python: How to convert a string containing hex bytes to a hex string,Convert a string `s` containing hex bytes to a hex string,s.decode('hex'),1526,30,8,0,0,2,0
11760095,convert binary string to numpy array,convert binary string to numpy array,"np.fromstring('\x00\x00\x80?\x00\x00\x00@\x00\x00@@\x00\x00\x80@', dtype='>f4')",1602,32,6,1,0,2,0
11840111,Divide the values of two dictionaries in python,divide the value for each key `k` in dict `d2` by the value for the same key `k` in dict `d1`,{k: (d2[k] / d1[k]) for k in list(d1.keys()) & d2},1614,32,1,40,0,2,0
13093727,How to replace unicode characters in string with something else python?,replace unicode characters ''\u2022' in string 'str' with '*',"str.decode('utf-8').replace('\u2022', '*')",1700,34,8,0,0,2,0
13237941,sorting list of nested dictionaries in python,sort list of nested dictionaries `yourdata` in reverse based on values associated with each dictionary's key 'subkey',"sorted(yourdata, key=lambda d: d.get('key', {}).get('subkey'), reverse=True)",1715,35,1,9,0,2,0
16566069,Url decode UTF-8 in Python,decode a urllib escaped url string `url` with `utf8`,url = urllib.parse.unquote(url).decode('utf8'),1993,42,8,0,0,2,0
17462994,Python getting a string (key + value) from Python Dictionary,Get a string with string formatting from dictionary `d`,""""""", """""".join(['{}_{}'.format(k, v) for k, v in d.items()])",2060,44,1,6,0,2,0
17665809,Remove key from dictionary in Python returning new dictionary,remove key 'c' from dictionary `d`,{i: d[i] for i in d if i != 'c'},2074,44,1,7,0,2,0
18050937,How can I execute shell command with a | pipe in it,execute shell command 'grep -r PASSED *.log | sort -u | wc -l' with a | pipe in it,"subprocess.call('grep -r PASSED *.log | sort -u | wc -l', shell=True)",2099,45,9,17,1,2,0
18432823,how to create similarity matrix in numpy python?,Convert array `x` into a correlation matrix,np.corrcoef(x),2128,45,6,31,0,2,0
18594469,Normalizing a pandas DataFrame by row,normalize a pandas dataframe `df` by row,"df.div(df.sum(axis=1), axis=0)",2143,46,3,34,0,2,0
22229255,Confusing with the usage of regex in Python,match zero-or-more instances of lower case alphabet characters in a string `f233op `,"re.findall('([a-z]*)', 'f233op')",2346,51,0,54,0,2,0
22918212,Fastest Way to Drop Duplicated Index in a Pandas DataFrame,drop duplicate indexes in a pandas data frame `df`,df[~df.index.duplicated()],2369,52,3,14,0,2,0
25698710,Replace all occurrences of a string in a pandas dataframe (Python),replace all occurences of newlines `\n` with `<br>` in dataframe `df`,"df.replace({'\n': '<br>'}, regex=True)",2428,53,3,23,0,2,0
26081300,Pandas: Subtract row mean from each element in row,Subtract the mean of each row in dataframe `df` from the corresponding row's elements,"df.sub(df.mean(axis=1), axis=0)",2436,53,3,6,0,2,0
26897536,Python Pandas drop columns based on max value of column,drop all columns in dataframe `df` that holds a maximum value bigger than 0,df.columns[df.max() > 0],2453,54,3,45,0,2,0
27218543,How can I select 'last business day of the month' in Pandas?,select the last business day of the month for each month in 2014 in pandas,"pd.date_range('1/1/2014', periods=12, freq='BM')",2459,54,3,38,0,2,0
30190459,How to gracefully fallback to `NaN` value while reading integers from a CSV with Pandas?,read CSV file 'my.csv' into a dataframe `df` with datatype of float for column 'my_column' considering character 'n/a' as NaN value,"df = pd.read_csv('my.csv', dtype={'my_column': np.float64}, na_values=['n/a'])",2545,56,3,4,0,2,0
33565643,how to slice a dataframe having date field as index?,Set index equal to field 'TRX_DATE' in dataframe `df`,df = df.set_index(['TRX_DATE']),2647,59,3,10,0,2,0
35097130,Django order by highest number of likes,sort objects in `Articles` in descending order of counts of `likes`,Article.objects.annotate(like_count=Count('likes')).order_by('-like_count'),2686,60,7,36,1,2,0
