question_id,intent,rewritten_intent,snippet,idx,time_batch,cluster,gradual_batch,gradual_new,recurring_batch,rec_new
237079,get file creation & modification date/times in,get modification time of file `path`,os.path.getmtime(path),102,0,9,44,1,5,0
237079,get file creation & modification date/times in,get modification time of file `filename`,t = os.path.getmtime(filename),103,0,9,28,1,5,0
432842,get the logical xor of two variables,get logical xor of `a` and `b`,"xor(bool(a), bool(b))",191,0,0,55,0,5,0
748491,How do I create a datetime in Python from milliseconds?,convert `ms` milliseconds to a datetime object,datetime.datetime.fromtimestamp(ms / 1000.0),308,0,2,2,0,5,0
903853,How do you extract a column from a multi-dimensional array?,extract first column from a multi-dimensional array `a`,[row[0] for row in a],360,0,6,7,0,5,0
1299855,upload file with Python Mechanize,upload file with Python Mechanize,"br.form.add_file(open(filename), 'text/plain', filename)",439,2,9,37,1,5,0
2793324,delete a list element by value,delete the element `c` from list `a`,"if (c in a):
    a.remove(c)",662,8,7,24,1,5,0
2803852,Python date string to date object,convert date string '24052010' to date object in format '%d%m%Y',"datetime.datetime.strptime('24052010', '%d%m%Y').date()",667,8,2,25,0,5,0
3877491,deleting rows in numpy array,Delete third row in a numpy array `x`,"x = numpy.delete(x, 2, axis=1)",828,12,6,11,0,5,0
3887469,python: how to convert currency to decimal?,convert currency string `dollars` to decimal `cents_int`,cents_int = int(round(float(dollars.strip('$')) * 100)),833,12,5,20,0,5,0
4182603,python: how to convert a string to utf-8,decode the string 'stringnamehere'  to UTF-8,"stringnamehere.decode('utf-8', 'ignore')",896,14,8,0,0,5,0
4411811,Python: define multiple variables of same type?,create list `levels` containing 3 empty dictionaries,"levels = [{}, {}, {}]",929,15,1,10,0,5,0
5352546,best way to extract subset of key-value pairs from python dictionary object,"Get items from a dictionary `bigdict` where the keys are present in `('l', 'm', 'n')`","{k: bigdict.get(k, None) for k in ('l', 'm', 'n')}",1060,18,1,5,0,5,0
6266727,Python: Cut off the last word of a sentence?,cut off the last word of a sentence `content`,""""""" """""".join(content.split(' ')[:-1])",1130,20,8,0,0,5,0
8970524,Python regex search AND split,search and split string 'aaa bbb ccc ddd eee fff' by delimiter '(ddd)',"re.split('(ddd)', 'aaa bbb ccc ddd eee fff', 1)",1377,26,0,34,0,5,0
9652832,How to I load a tsv file into a Pandas DataFrame?,load a tsv file `c:/~/trainSetRel3.txt` into a pandas data frame,"DataFrame.from_csv('c:/~/trainSetRel3.txt', sep='\t')",1439,28,3,53,0,5,0
10346336,List of lists into numpy array,List of lists into numpy array,"numpy.array([[1, 2], [3, 4]])",1480,29,6,15,0,5,0
11303225,How to remove multiple indexes from a list at the same time?,remove multiple values from a list `my_list` at the same time with index starting at `2` and ending just before `6`.,del my_list[2:6],1560,31,7,40,1,5,0
11755208,How to remove ^M from a text file and replace it with the next line,replace carriage return in string `somestring` with empty string '',"somestring.replace('\\r', '')",1600,32,8,0,0,5,0
12496531,Sort NumPy float array column by column,sort numpy float array `A` column by column,"A = np.array(sorted(A, key=tuple))",1653,33,6,33,0,5,0
12843099,Python: Logging TypeError: not all arguments converted during string formatting,Log message of level 'info' with value of `date` in the message,logging.info('date={}'.format(date)),1680,34,2,2,0,5,0
14524322,How to convert a date string to different format,convert a date string '2013-1-25' in format '%Y-%m-%d' to different format '%-m/%d/%y',"datetime.datetime.strptime('2013-1-25', '%Y-%m-%d').strftime('%-m/%d/%y')",1839,38,2,59,0,5,0
15795525,Python: sorting items in a dictionary by a part of a key?,Sort items in dictionary `d`  using the first part of the key after splitting the key,"sorted(list(d.items()), key=lambda name_num: (name_num[0].rsplit(None, 1)[0], name_num[1]))",1944,41,1,9,0,5,0
15852295,list of ints into a list of tuples python,"convert a flat list into a list of tuples of every two items in the list, in order","print(zip(my_list[0::2], my_list[1::2]))",1950,41,7,60,1,5,0
17071871,Select rows from a DataFrame based on values in a column in pandas,select rows whose column value in column `column_name` does not equal `some_value` in pandas data frame,df.loc[df['column_name'] != some_value],2025,43,3,28,0,5,0
17734779,how do I sort a python list of dictionaries given a list of ids with the desired order?,sort list `users` using values associated with key 'id' according to elements in list `order`,users.sort(key=lambda x: order.index(x['id'])),2081,44,7,42,1,5,0
18711384,how to split a unicode string into list,split a `utf-8` encoded string `stru` into a list of characters,list(stru.decode('utf-8')),2156,46,8,0,0,5,0
19894365,Running R script from python,run r script '/usr/bin/Rscript --vanilla /pathto/MyrScript.r',"subprocess.call('/usr/bin/Rscript --vanilla /pathto/MyrScript.r', shell=True)",2230,48,9,59,1,5,0
20774910,How can I convert a unicode string into string literals in Python 2.7?,convert unicode string `s` into string literals,print(s.encode('unicode_escape')),2279,49,8,0,0,5,0
21800169,Python Pandas: Get index of rows which column matches certain value,get index of rows in column 'BoolCol',df.loc[df['BoolCol']],2323,50,6,36,0,5,0
25040875,Get a list of values from a list of dictionaries in python,"get a list of values for key ""key"" from a list of dictionaries in `l`",[d['key'] for d in l],2416,53,1,57,0,5,0
27758657,How do I find the largest integer less than x?,find the largest integer less than `x`,int(math.ceil(x)) - 1,2471,54,5,28,0,5,0
29815129,Pandas DataFrame to List of Dictionaries,convert dataframe `df` to list of dictionaries including the index values,df.to_dict('index'),2531,56,3,12,0,5,0
38708621,How to calculate percentage of sparsity for a numpy array/matrix?,calculate ratio of sparsity in a numpy array `a`,np.isnan(a).sum() / np.prod(a.shape),2748,61,6,7,0,5,0
39600161,Regular expression matching all but a string,regular expression matching all but 'aa' and 'bb' for string `string`,"re.findall('-(?!aa-|bb-)([^-]+)', string)",2767,62,0,51,0,5,0
40963347,Find Average of Every Three Columns in Pandas dataframe,Get average for every three columns in `df` dataframe,"df.groupby(np.arange(len(df.columns)) // 3, axis=1).mean()",2820,63,3,26,0,5,0
41127441,"Why can you loop through an implicit tuple in a for loop, but not a comprehension in Python?",get a list each value `i` in the implicit tuple `range(3)`,list(i for i in range(3)),2826,63,7,45,1,5,0
41178532,Percentage match in pandas Dataframe,get proportion of rows in dataframe `trace_df` whose values for column `ratio` are greater than 0,(trace_df['ratio'] > 0).mean(),2829,63,3,2,0,5,0
42060144,Conditionally fill a column of a pandas df with values of a different df,Merge column  'word' in dataframe `df2` with column 'word' on dataframe `df1`,"df1.merge(df2, how='left', on='word')",2857,64,3,49,0,5,0
