question_id,intent,rewritten_intent,snippet,idx,time_batch,cluster,gradual_batch,gradual_new,recurring_batch,rec_new
82831,check whether a file exists,"check whether a path ""/does/not/exist"" exists",print(os.path.exists('/does/not/exist')),55,0,9,50,1,17,0
89228,Calling an external command,"Calling an external command ""ls -l""","call(['ls', '-l'])",56,0,9,26,1,17,0
275018,remove (chomp) a newline,remove newline in string 'Windows EOL\r\n' on the right side,'Windows EOL\r\n'.rstrip('\r\n'),121,0,8,0,0,17,0
372102,UTF in Python Regex,create a regular expression object with the pattern '\xe2\x80\x93',re.compile('\xe2\x80\x93'),169,0,0,59,0,17,0
574236,How to determine number of files on a drive with Python?,determine number of files on a drive with python,os.statvfs('/').f_files - os.statvfs('/').f_ffree,234,0,9,38,1,17,0
1179305,Expat parsing in python 3,Parse a file `sample.xml` using expat parsing in python 3,"parser.ParseFile(open('sample.xml', 'rb'))",420,2,9,52,1,17,0
1185524,trim whitespace,trim whitespace in string `s`,s.strip(),421,2,8,0,0,17,0
1602934,Check if a given key already exists in a dictionary,Check if a given key `key` exists in dictionary `d`,"if (key in d):
    pass",479,3,1,3,0,17,0
1747817,Create a dictionary with list comprehension,Create a dictionary `d` from list of key value pairs `iterable`,"d = {k: v for (k, v) in iterable}",496,4,1,43,0,17,0
2094176,split a string in python,split string `a` using new-line character '\n' as separator,a.rstrip().split('\n'),551,5,8,0,0,17,0
2783079,How do I convert a unicode to a string at the Python level?,Format a string `u'Andr\xc3\xa9'` that has unicode characters,""""""""""""".join(chr(ord(c)) for c in 'Andr\xc3\xa9')",658,8,8,0,0,17,0
2813829,How do I coalesce a sequence of identical characters into just one?,coalesce non-word-characters in string `a`,"print(re.sub('(\\W)\\1+', '\\1', a))",671,8,8,36,0,17,0
3294889,Iterating over dictionaries using for loops,Iterating key and items over dictionary `d`,"for (letter, number) in list(d.items()):
    pass",738,10,1,51,0,17,0
3430372,How to get full path of current file's directory in Python?,get full path of current directory,os.path.dirname(os.path.abspath(__file__)),761,10,9,45,1,17,0
3548673,How to replace (or strip) an extension from a filename in Python?,replace extension '.txt' in basename '/home/user/somefile.txt' with extension '.jpg',print(os.path.splitext('/home/user/somefile.txt')[0] + '.jpg'),789,11,9,22,1,17,0
4265988,Generate random numbers with a given (numerical) distribution,"generate a random number in 1 to 7 with a given distribution [0.1, 0.05, 0.05, 0.2, 0.4, 0.2]","numpy.random.choice(numpy.arange(1, 7), p=[0.1, 0.05, 0.05, 0.2, 0.4, 0.2])",903,14,5,34,0,17,0
4668619,Django database query: How to filter objects by date range?,filter objects month wise in django model `Sample` for year `2011`,"Sample.objects.filter(date__year='2011', date__month='01')",967,16,2,25,0,17,0
5075247,Regular expression to remove line breaks,remove line breaks from string `textblock` using regex,"re.sub('(?<=[a-z])\\r?\\n', ' ', textblock)",1031,17,0,43,0,17,0
5106228,getting every possible combination in a list,getting every possible combination of two elements in a list,"list(itertools.combinations([1, 2, 3, 4, 5, 6], 2))",1032,17,7,58,1,17,0
6416131,add new item to dictionary,"add key ""item3"" and value ""3"" to dictionary `default_data `","default_data.update({'item3': 3, })",1144,20,1,12,0,17,0
6996603,Delete a file or folder,recursively delete all contents in directory `path`,"shutil.rmtree(path, ignore_errors=False, onerror=None)",1189,21,9,39,1,17,0
8383213,Python Regex for hyphenated words,python regex for hyphenated words in `text`,"re.findall('\\w+(?:-\\w+)+', text)",1325,25,0,55,0,17,0
8519599,"python: dictionary to string, custom format?","dictionary `d` to string, custom format","""""""<br/>"""""".join([('%s:: %s' % (key, value)) for key, value in list(d.items())])",1334,25,1,1,0,17,0
10487278,Python - How to declare and add items to an array?,add an item with key 'third_key' and value 1 to an dictionary `my_dict`,my_dict.update({'third_key': 1}),1495,29,1,5,0,17,0
13490292,Format number using LaTeX notation in Python,format number 1000000000.0 using latex notation,print('\\num{{{0:.2g}}}'.format(1000000000.0)),1749,36,5,12,0,17,0
13496087,Python: How to generate a 12-digit random number?,generate a random 12-digit number,"int(''.join(str(random.randint(0, 9)) for _ in range(12)))",1750,36,5,18,0,17,0
15851568,how to get the last part of a string before a certain character?,get the last part of a string before the character '-',"print(x.rsplit('-', 1)[0])",1948,41,8,0,0,17,0
16994696,python get time stamp on file in mm/dd/yyyy format,python get time stamp on file `file` in '%m/%d/%Y' format,"time.strftime('%m/%d/%Y', time.gmtime(os.path.getmtime(file)))",2015,42,2,18,0,17,0
18200052,How to convert ndarray to array?,convert ndarray with shape 3x3 to array,"np.zeros((3, 3)).ravel()",2113,45,6,11,0,17,0
18470323,How to select only specific columns from a DataFrame with MultiIndex columns?,From multiIndexed dataframe `data` select columns `a` and `c` within each higher order column `one` and `two`,"data.loc[:, (list(itertools.product(['one', 'two'], ['a', 'c'])))]",2134,46,3,64,0,17,0
18724607,Python date string formatting,Python date string formatting,"""""""{0.month}/{0.day}/{0.year}"""""".format(my_date)",2159,46,2,5,0,17,0
19602931,http file downloading and saving,"download file from http url ""http://randomsite.com/file.gz"" and save as ""file.gz""","urllib.request.urlretrieve('http://randomsite.com/file.gz', 'file.gz')",2210,47,9,32,1,17,0
22702760,how to multiply multiple columns by a column in Pandas,multiply column 'A' and column 'B' by column 'C' in datafram `df`,"df[['A', 'B']].multiply(df['C'], axis='index')",2359,51,3,60,0,17,0
23887881,How to repeat Pandas data frame?,Get a repeated pandas data frame object `x` by `5` times,pd.concat([x] * 5),2393,52,3,34,0,17,0
35253971,"How to check if all values of a dictionary are 0, in Python?",check if all values of a dictionary `your_dict` are zero `0`,all(value == 0 for value in list(your_dict.values())),2689,60,1,44,0,17,0
36402748,How to sort a Dataframe by the ocurrences in a column in Python (pandas),How to sort a Dataframe by the ocurrences in a column in Python (pandas),"df.groupby('prots').sum().sort('scores', ascending=False)",2710,60,3,15,0,17,0
40133826,Python save list and read data from file,python save list `mylist` to file object 'save.txt',"pickle.dump(mylist, open('save.txt', 'wb'))",2786,62,9,52,1,17,0
41256648,Select multiple ranges of columns in Pandas DataFrame,"select multiple ranges of columns 1-10, 15, 17, and 50-100 in pandas dataframe `df`","df.iloc[:, (np.r_[1:10, (15), (17), 50:100])]",2833,63,3,8,0,17,0
41923858,Mapping a string into a list of pairs,Get a list of pairs from a string `word` using lambda function,"list(map(lambda x, y: x + y, word[:-1], word[1:]))",2853,64,0,9,0,17,0
