question_id,intent,rewritten_intent,snippet,idx,time_batch,cluster,gradual_batch,gradual_new,recurring_batch,rec_new
299446,How do I change directory back to my original working directory with Python?,change working directory to the directory `owd`,os.chdir(owd),132,0,9,37,1,34,0
354038,check if a string is a number,function to check if a string is a number,isdigit(),150,0,0,13,0,34,0
455612,Limiting floats to two decimal points,limit float 13.949999999999999 to two decimal points,'{0:.2f}'.format(13.95),199,0,5,58,0,34,0
546321,How do I calculate the date six months from the current date,get the date 1 month from today,"(date(2010, 12, 31) + relativedelta(months=(+ 1)))",233,0,2,2,0,34,0
1197600,Matching blank lines with regular expressions,match blank lines in `s` with regular expressions,"re.split('\n\\s*\n', s)",429,2,0,9,0,34,0
1546226,A simple way to remove multiple spaces in a string in Python,remove multiple spaces in a string `foo`,""""""" """""".join(foo.split())",470,3,8,0,0,34,0
3668964,How to check if a character is upper-case in Python?,check if all string elements in list `words` are upper-cased,print(all(word[0].isupper() for word in words)),797,11,0,45,0,34,0
4174941,sort a list of lists by a specific index of the inner list,sort a list of lists `L` by index 2 of the inner list,"sorted(L, key=itemgetter(2))",894,14,7,16,1,34,0
4668619,Django database query: How to filter objects by date range?,filter the objects in django model 'Sample' between date range `2011-01-01` and `2011-01-31`,"Sample.objects.filter(date__range=['2011-01-01', '2011-01-31'])",968,16,2,9,0,34,0
5306756,how to show Percentage in python,display the float `1/3*100` as a percentage,print('{0:.0f}%'.format(1.0 / 3 * 100)),1057,18,5,52,0,34,0
5501641,How to create a list with the characters of a string?,create a list with the characters of a string `5+6`,list('5+6'),1071,18,5,1,0,34,0
5882405,Get date from ISO week number in Python,convert string '2011221' into a DateTime object using format '%Y%W%w',"datetime.strptime('2011221', '%Y%W%w')",1106,19,2,53,0,34,0
7243750,Download file from web in Python 3,download the file from url `url` and save it under file `file_name`,"urllib.request.urlretrieve(url, file_name)",1206,22,9,25,1,34,0
7934620,python: dots in the name of variable in a format string,python: dots in the name of variable in a format string,"""""""Name: {0[person.name]}"""""".format({'person.name': 'Joe'})",1268,23,8,0,0,34,0
8905864,URL encoding in python,Replace special characters in utf-8 encoded string `s` using the %xx escape,urllib.parse.quote(s.encode('utf-8')),1369,26,8,0,0,34,0
9304408,How to add an integer to each element in a list?,Add 1 to each integer value in list `my_list`,new_list = [(x + 1) for x in my_list],1403,27,7,14,1,34,0
10351772,converting list of string to list of integer,convert list of string numbers into list of integers,"map(int, eval(input('Enter the unfriendly numbers: ')))",1482,29,5,1,0,34,0
11041411,How to write/read a Pandas DataFrame with MultiIndex from/to an ASCII file?,export a pandas data frame `df` to a file `mydf.tsv` and retain the indices,"df.to_csv('mydf.tsv', sep='\t')",1543,30,3,15,0,34,0
11985628,Python regex - Ignore parenthesis as indexing?,Match regex pattern '((?:A|B|C)D)' on string 'BDE',"re.findall('((?:A|B|C)D)', 'BDE')",1620,32,0,26,0,34,0
12330522,Reading a file without newlines,read a file `file` without newlines,[line.rstrip('\n') for line in file],1641,33,9,14,1,34,0
13496087,Python: How to generate a 12-digit random number?,generate a random 12-digit number,""""""""""""".join(str(random.randint(0, 9)) for _ in range(12))",1753,36,5,61,0,34,0
13550423,Python printing without commas,concatenate items of list `l` with a space ' ',"print(' '.join(map(str, l)))",1754,36,7,19,1,34,0
13954840,How do I convert LF to CRLF?,open the file 'words.txt' in 'rU' mode,"f = open('words.txt', 'rU')",1795,37,9,60,1,34,0
14745022,"Pandas DataFrame, how do i split a column into two",split column 'AB' in dataframe `df` into two columns by first whitespace ' ',"df['AB'].str.split(' ', 1, expand=True)",1856,38,3,63,0,34,0
15286401,Print multiple arguments in python,print string including multiple variables `name` and `score`,"print(('Total score for', name, 'is', score))",1908,40,8,0,0,34,0
17097236,How to replace values with None in Pandas data frame in Python?,replace '-' in pandas dataframe `df` with `np.nan`,"df.replace('-', np.nan)",2028,43,3,9,0,34,0
18265935,Python - Create list with numbers between 2 values?,create a list of integers between 2 values `11` and `17`,"list(range(11, 17))",2117,45,5,36,0,34,0
18272066,Easy way to convert a unicode list to a list containing python strings?,Encode each value to 'UTF8' in the list `EmployeeList`,[x.encode('UTF8') for x in EmployeeList],2118,45,8,0,0,34,0
21164910,Delete Column in Pandas based on Condition,delete all columns in  DataFrame `df` that do not hold a non-zero value in its records,"df.loc[:, ((df != 0).any(axis=0))]",2297,50,3,40,0,34,0
25678689,How does python do string magic?,"append array of strings `['x', 'x', 'x']` into one string",""""""""""""".join(['x', 'x', 'x'])",2427,53,8,0,0,34,0
27744882,Finding consecutive consonants in a word,find consecutive consonants in a word `CONCENTRATION` using regex,"re.findall('[bcdfghjklmnpqrstvwxyz]+', 'CONCERTATION', re.IGNORECASE)",2470,54,0,3,0,34,0
28669459,How to print variables without spaces between values,Print a string `value` with string formatting,"print('Value is ""{}""'.format(value))",2496,55,8,0,0,34,0
32743479,pandas read csv with extra commas in column,read pandas data frame csv `comma.csv` with extra commas in column specifying string delimiter `'`,"df = pd.read_csv('comma.csv', quotechar=""'"")",2629,58,3,59,0,34,0
32950347,Cleanest way to get a value from a list element,get value in string `line` matched by regex pattern '\\bLOG_ADDR\\s+(\\S+)',"print(re.search('\\bLOG_ADDR\\s+(\\S+)', line).group(1))",2637,58,0,2,0,34,0
33147992,how to turn a string of letters embedded in squared brackets into embedded lists,convert a string `a` of letters embedded in squared brackets into embedded lists,"[i.split() for i in re.findall('\\[([^\\[\\]]+)\\]', a)]",2644,59,8,0,0,34,0
38147447,How to remove square bracket from pandas dataframe,remove square bracket '[]' from pandas dataframe `df` column 'value',df['value'] = df['value'].str.strip('[]'),2735,61,3,62,0,34,0
40273313,How to extract first two characters from string using regex,use regex pattern '^12(?=.{4}$)' to remove digit 12 if followed by 4 other digits in column `c_contofficeID` of dataframe `df`,"df.c_contofficeID.str.replace('^12(?=.{4}$)', '')",2793,62,3,5,0,34,0
40512124,convert dictionaries into string python,"concatenate key/value pairs in dictionary `a` with string ', ' into a single string",""""""", """""".join([(str(k) + ' ' + str(v)) for k, v in list(a.items())])",2803,63,1,36,0,34,0
42100344,How to convert efficiently a dataframe column of string type into datetime in Python?,"convert a dataframe `df`'s column `ID` into datetime, after removing the first and last 3 letters",pd.to_datetime(df.ID.str[1:-3]),2859,64,3,1,0,34,0
