question_id,intent,rewritten_intent,snippet,idx,time_batch,cluster,gradual_batch,gradual_new,recurring_batch,rec_new
652291,sorting a list of dictionary values by date in python,sort a list of dictionary values by 'date' in reverse order,"list.sort(key=lambda item: item['date'], reverse=True)",262,0,1,10,0,42,0
663171,get a new string from the 3rd character to the end of the string,get a new string from the 3rd character to the end of the string `x`,x[2:],266,0,8,0,0,42,0
875968,How to remove symbols from a string with Python?,remove symbols from a string `s`,"re.sub('[^\\w]', ' ', s)",350,0,8,0,0,42,0
988228,Convert a String representation of a Dictionary to a dictionary?,"build a dict of key:value pairs from a string representation of a dict, `{'muffin' : 'lolz', 'foo' : 'kitty'}`","ast.literal_eval(""{'muffin' : 'lolz', 'foo' : 'kitty'}"")",394,1,1,5,0,42,0
1450897,Python: removing characters except digits from string,get digits only from a string `aas30dsa20` using lambda function,""""""""""""".join([x for x in 'aas30dsa20' if x.isdigit()])",462,3,5,4,0,42,0
2212433,Counting the Number of keywords in a dictionary in python,count the number of keys in dictionary `yourdictfile`,len(set(open(yourdictfile).read().split())),573,5,1,15,0,42,0
3728017,Sorting while preserving order in python,Sorting while preserving order in python,"sorted(enumerate(a), key=lambda x: x[1])",804,11,7,23,1,42,0
3878555,How to replace repeated instances of a character with a single instance of that character in python,"replace repeated instances of ""*"" with a single instance of ""*""","re.sub('\\*+', '*', text)",829,12,0,22,0,42,0
3933478,accessing python dictionary,get the value associated with unicode key 'from_user' of first dictionary in list `result`,result[0]['from_user'],843,12,1,55,0,42,0
3939361,Remove specific characters from a string,Remove character `char` from a string `a`,"a = a.replace(char, '')",844,12,8,0,0,42,0
3945856,Converting string to tuple and adding to tuple,"converting string '(1,2,3,4)' to a tuple","ast.literal_eval('(1,2,3,4)')",856,13,5,42,0,42,0
3964681,Find all files in directory with extension .txt,"Find all files in directory ""/mydir"" with extension "".txt""","os.chdir('/mydir')
for file in glob.glob('*.txt'):
    pass",859,13,9,59,1,42,0
5844672,Delete an element from a dictionary,Delete an element with key `key` dictionary `r`,del r[key],1097,19,1,5,0,42,0
6591931,Getting file size in Python?,get the  size of file 'C:\\Python27\\Lib\\genericpath.py',os.stat('C:\\Python27\\Lib\\genericpath.py').st_size,1161,21,9,41,1,42,0
7571635,check if a value exist in a list,check if 7 is in `a`,(7 in a),1243,23,0,7,0,42,0
8380389,how to get day name in datetime in python,Get day name from a datetime object,date.today().strftime('%A'),1324,25,2,7,0,42,0
8650415,get keys correspond to a value in dictionary,Reverse key-value pairs in a dictionary `map`,"dict((v, k) for k, v in map.items())",1344,25,1,6,0,42,0
8901996,How to print container object with unicode-containing values?,decode utf-8 code `x` into a raw unicode literal,print(str(x).decode('raw_unicode_escape')),1367,26,8,0,0,42,0
8936030,Using BeautifulSoup to search html for string,searche in HTML string for elements that have text 'Python',soup.body.findAll(text='Python'),1374,26,0,63,0,42,0
9875964,Python: converting radians to degrees,convert radians 1 to degrees,math.cos(math.radians(1)),1454,28,5,1,0,42,0
10037742,Replace part of a string in Python?,replace string ' and ' in string `stuff` with character '/',"stuff.replace(' and ', '/')",1464,28,8,0,0,42,0
13079852,How do I stack two DataFrames next to each other in Pandas?,stack two dataframes next to each other in pandas,"pd.concat([GOOG, AAPL], keys=['GOOG', 'AAPL'], axis=1)",1698,34,3,11,0,42,0
13331419,Prepend the same string to all items in a list,prepend string 'hello' to all items in list 'a',['hello{0}'.format(i) for i in a],1730,35,7,50,1,42,0
14299978,How to use lxml to find an element by text?,"find element `a` that contains string ""TEXT A"" in file `root`","e = root.xpath('.//a[contains(text(),""TEXT A"")]')",1822,38,0,43,0,42,0
14991195,How to remove rows with null values from kth column onward in python,"remove all null values from columns 'three', 'four' and 'five' of dataframe `df2`","df2.dropna(subset=['three', 'four', 'five'], how='all')",1883,39,3,10,0,42,0
16537636,How to sort in decreasing value first then increasing in second value,sort list `student_tuples` by second element of each tuple in ascending and third element of each tuple in descending,"print(sorted(student_tuples, key=lambda t: (-t[2], t[0])))",1992,42,7,18,1,42,0
18663026,How do I pythonically set a value in a dictionary if it is None?,Set value for key `a` in dict `count` to `0` if key `a` does not exist or if value is `none`,"count.setdefault('a', 0)",2149,46,1,11,0,42,0
19779790,How to get yesterday in python,How to get yesterday in python,datetime.datetime.now() - datetime.timedelta(days=1),2222,48,2,2,0,42,0
20110170,Turn Pandas Multi-Index into column,reset index of dataframe `df`so that existing index values are transferred into `df`as columns,df.reset_index(inplace=True),2246,48,3,12,0,42,0
20230211,Create a hierarchy from a dictionary of lists,sort a dictionary `a` by values that are list type,"t = sorted(list(a.items()), key=lambda x: x[1])",2255,49,1,10,0,42,0
20457038,Python - how to round down to 2 decimals,Round number `answer` to 2 precision after the decimal point,"answer = str(round(answer, 2))",2260,49,5,40,0,42,0
21669374,convert string to hex in python,convert string 'a' to hex,hex(ord('a')),2313,50,8,0,0,42,0
23668427,pandas joining multiple dataframes on columns,"join multiple dataframes `d1`, `d2`, and `d3` on column 'name'","df1.merge(df2, on='name').merge(df3, on='name')",2385,52,3,52,0,42,0
26153795,Python -Remove Time from Datetime String,Format a datetime string `when` to extract date only,"then = datetime.datetime.strptime(when, '%Y-%m-%d').date()",2438,53,2,20,0,42,0
26724275,Removing the first folder in a path,remove first directory from path '/First/Second/Third/Fourth/Fifth',os.path.join(*x.split(os.path.sep)[2:]),2448,54,9,46,1,42,0
29464234,Compare Python Pandas DataFrames for matching rows,"find all the rows in Dataframe 'df2' that are also present in Dataframe 'df1', for the columns 'A', 'B', 'C' and 'D'.","pd.merge(df1, df2, on=['A', 'B', 'C', 'D'], how='inner')",2521,55,3,29,0,42,0
29530232,Python pandas: check if any value is NaN in DataFrame,check if datafram `df` has any NaN vlaues,df.isnull().values.any(),2523,55,3,57,0,42,0
31385363,how to export a table dataframe in pyspark to csv?,export a table dataframe `df` in pyspark to csv 'mycsv.csv',df.toPandas().to_csv('mycsv.csv'),2582,57,3,64,0,42,0
41727442,How to get a list of all integer points in an n-dimensional cube using python?,get a list of all integer points in a `dim` dimensional hypercube with coordinates from `-x` to `y` for all dimensions,"list(itertools.product(list(range(-x, y)), repeat=dim))",2844,64,6,49,0,42,0
