question_id,intent,rewritten_intent,snippet,idx,time_batch,cluster,gradual_batch,gradual_new,recurring_batch,rec_new
1476,express binary literals,convert binary string '01010101111' to integer,"int('01010101111', 2)",4,0,5,51,0,51,0
22676,download a file over HTTP,"download a file `url` over HTTP and save to ""10MB""","response = requests.get(url, stream=True)
with open('10MB', 'wb') as handle:
    for data in tqdm(response.iter_content()):
        handle.write(data)",16,0,9,53,1,51,0
38987,How to merge two Python dictionaries in a single expression?,merge dictionaries form array `dicts` in a single expression,"dict((k, v) for d in dicts for k, v in list(d.items()))",25,0,1,36,0,51,0
1058712,How do I select a random element from an array in Python?,"select a random element from array `[1, 2, 3]`","random.choice([1, 2, 3])",409,1,6,61,0,51,0
1185524,trim whitespace (including tabs),trim whitespace (including tabs) in `s` on the left side,s = s.lstrip(),422,2,8,0,0,51,0
1246444,convert string to dict using list comprehension in python,convert string `x'  to dictionary splitted by `=` using list comprehension,dict([x.split('=') for x in s.split()]),434,2,1,51,0,51,0
1303243,find out if a Python object is a string,check if object `o` is a string,(type(o) is str),442,2,0,59,0,51,0
1386811,Convert binary string to list of integers using Python,Convert binary string to list of integers using Python,"[int(s[i:i + 3], 2) for i in range(0, len(s), 3)]",447,2,5,41,0,51,0
1397827,How to read formatted input in python?,get a list of of elements resulting from splitting user input by commas and stripping white space from each resulting string `s`,"[s.strip() for s in input().split(',')]",451,2,8,0,0,51,0
1514553,declare an array,declare an array `variable`,variable = [],465,3,6,51,0,51,0
2300756,Get the nth item of a generator in Python,get the 5th item of a generator,"next(itertools.islice(range(10), 5, 5 + 1))",584,6,7,61,1,51,0
3277503,read a file line by line into a list,read file `fname` line by line into a list `content`,"with open(fname) as f:
    content = f.readlines()",728,9,9,40,1,51,0
3939361,Remove specific characters from a string,Remove characters in `b` from a string `a`,"a = a.replace(char, '')",845,12,8,0,0,51,0
4627981,Creating a dictionary from a string,"Create a dictionary from string `e` separated by `-` and `,`","dict((k, int(v)) for k, v in (e.split(' - ') for e in s.split(',')))",955,15,1,11,0,51,0
4690094,Sorting dictionary keys based on their values,sort keys of dictionary 'd' based on their values,"sorted(d, key=lambda k: d[k][1])",971,16,1,37,0,51,0
4965159,Python: How to Redirect Output with Subprocess?,execute os command `my_cmd`,os.system(my_cmd),1024,17,9,59,1,51,0
5486725,How to execute a command prompt command from python,execute a command in the command prompt to list directory contents of the c drive `c:\\',os.system('dir c:\\'),1070,18,9,16,1,51,0
5503925,How do I use a dictionary to update fields in Django models?,update fields in Django model `Book` with arguments in dictionary `d` where primary key is equal to `pk`,Book.objects.filter(pk=pk).update(**d),1072,18,1,47,0,51,0
6378889,How to convert a string list into an integer in python,Get a list of integers by splitting  a string `user` with comma,"[int(s) for s in user.split(',')]",1141,20,5,61,0,51,0
8122079,Python: How to check a string for substrings from a list?,check if any element of list `substring_list` are in string `string`,any(substring in string for substring in substring_list),1282,24,0,7,0,51,0
8172861,Python Regex replace,Replace comma with dot in a string `original_string` using regex,"new_string = re.sub('""(\\d+),(\\d+)""', '\\1.\\2', original_string)",1288,24,8,0,0,51,0
9938130,plotting stacked barplots on a panda data frame,plotting stacked barplots on a panda data frame,"df.plot(kind='barh', stacked=True)",1460,28,3,34,0,51,0
12168648,Pandas (python): How to add column to dataframe for index?,add a column 'new_col' to dataframe `df` for index in range,"df['new_col'] = list(range(1, len(df) + 1))",1626,32,3,24,0,51,0
13078751,Merge Columns within a DataFrame that have the Same Name,Get pandas GroupBy object with sum over the rows with same column names within  dataframe `df`,"df.groupby(df.columns, axis=1).sum()",1697,34,3,14,0,51,0
15248272,python list comprehension with multiple 'if's,list comprehension that produces integers between 11 and 19,[i for i in range(100) if i > 10 if i < 20],1903,40,5,56,0,51,0
17484631,Format string - spaces between every three digit,"insert ' ' between every three digit before '.' and replace ',' with '.' in 12345678.46","format(12345678.46, ',').replace(',', ' ').replace('.', ',')",2063,44,5,52,0,51,0
17895835,format strings and named arguments in Python,print two numbers `10` and `20` using string formatting,"""""""{0} {1}"""""".format(10, 20)",2090,44,5,8,0,51,0
18684397,"How to create datetime object from ""16SEP2012"" in python","create datetime object from ""16sep2012""","datetime.datetime.strptime('16Sep2012', '%d%b%Y')",2152,46,2,9,0,51,0
19555472,Change a string of integers separated by spaces to a list of int,convert a string of integers `x` separated by spaces to a list of integers,x = [int(i) for i in x.split()],2204,47,5,17,0,51,0
20677660,python string format() with dict with integer keys,format string with dict `{'5': 'you'}` with integer keys,'hello there %(5)s' % {'5': 'you'},2275,49,1,52,0,51,0
24958010,get key by value in dictionary with same value in python?,get keys with same value in dictionary `d`,print([key for key in d if d[key] == 1]),2414,53,1,23,0,51,0
28253102,Python 3: Multiply a vector by a matrix without NumPy,"Get the dot product of matrix `[1,0,0,1,0,0]` and matrix `[[0,1],[1,1],[1,0],[1,0],[1,1],[0,1]]`","np.dot([1, 0, 0, 1, 0, 0], [[0, 1], [1, 1], [1, 0], [1, 0], [1, 1], [0, 1]])",2487,55,6,33,0,51,0
29558007,How can I generate a list of consecutive numbers?,generate a list of consecutive integers from 0 to 8,list(range(9)),2524,56,5,56,0,51,0
29696641,Find a specific pattern (regular expression) in a list of strings (Python),Get all matches with regex pattern `\\d+[xX]` in list of string `teststr`,"[i for i in teststr if re.search('\\d+[xX]', i)]",2526,56,0,53,0,51,0
31828240,First non-null value per row from a list of Pandas columns,get first non-null value per each row from dataframe `df`,df.stack().groupby(level=0).first(),2608,58,3,36,0,51,0
31888871,Pandas - replacing column values,replace value 0 with 'Female' and value 1 with 'Male' in column 'sex' of dataframe `data`,"data['sex'].replace([0, 1], ['Female', 'Male'], inplace=True)",2609,58,3,40,0,51,0
36190533,python: check if an numpy array contains any element of another array,check if a numpy array `a1` contains any element of another array `a2`,"np.any(np.in1d(a1, a2))",2707,60,6,12,0,51,0
38147447,How to remove square bracket from pandas dataframe,set data in column 'value' of dataframe `df` equal to first element of each list,df['value'] = df['value'].str[0],2734,61,3,28,0,51,0
41552839,How can I convert literal escape sequences in a string to the corresponding bytes?,"convert and escape string ""\\xc3\\x85あ"" to UTF-8 code","""""""\\xc3\\x85あ"""""".encode('utf-8').decode('unicode_escape')",2841,64,8,0,0,51,0
