question_id,intent,rewritten_intent,snippet,idx,time_batch,cluster,gradual_batch,gradual_new,recurring_batch,rec_new
307305,Play a Sound with Python,play the wav file 'sound.wav',"winsound.PlaySound('sound.wav', winsound.SND_FILENAME)",137,0,9,15,1,60,0
674519,How can I convert a Python dictionary to a list of tuples?,convert a python dictionary 'a' to a list of tuples,"[(k, v) for k, v in a.items()]",276,0,1,14,0,60,0
701402,Best way to choose a random file from a directory,"choose a random file from the directory contents of the C drive, `C:\\`",random.choice(os.listdir('C:\\')),292,0,9,34,1,60,0
931092,Reverse a string,Reverse a string `string`,''.join(reversed(string)),372,0,8,0,0,60,0
2397687,What's the easiest way to convert a list of hex byte strings to a list of hex integers?,"convert a list of hex byte strings `['BB', 'A7', 'F6', '9E']` to a list of hex integers","[int(x, 16) for x in ['BB', 'A7', 'F6', '9E']]",596,6,5,31,0,60,0
3735814,Check for a key pattern in a dictionary in python,Check if any key in the dictionary `dict1` starts with the string `EMP$$`,any(key.startswith('EMP$$') for key in dict1),806,11,1,23,0,60,0
4979542,Python - use list as function parameters,unpack the arguments out of list `params` to function `some_func`,some_func(*params),1025,17,7,43,1,60,0
5744980,Taking the results of a bash command and using it in python,"Taking the results of a bash command ""awk '{print $10, $11}' test.txt > test2.txt""","os.system(""awk '{print $10, $11}' test.txt > test2.txt"")",1086,19,9,20,1,60,0
7142227,How do I sort a zipped list in Python?,sort a zipped list `zipped` using lambda function,"sorted(zipped, key=lambda x: x[1])",1201,22,7,55,1,60,0
7262828,python : how to convert string literal to raw string literal?,convert a string literal `s` with values `\\` to raw string literal,"s = s.replace('\\', '\\\\')",1210,22,8,0,0,60,0
7332841,Add single element to array in numpy,append the first element of array `a` to array `a`,"numpy.append(a, a[0])",1224,22,6,6,0,60,0
7349646,Sorting a dictionary of tuples in Python,Sort a list of tuples `b` by third item in the tuple,b.sort(key=lambda x: x[1][2]),1225,22,7,41,1,60,0
7351270,Control a print format when printing a list in Python,print a list of floating numbers `l` using string formatting,print([('%5.3f' % val) for val in l]),1227,22,5,29,0,60,0
8425046,The best way to filter a dictionary in Python,Filter dictionary `d` to have items with value greater than 0,"d = {k: v for k, v in list(d.items()) if v > 0}",1330,25,1,8,0,60,0
8751653,How can I convert a binary to a float number,convert string representation `s2` of binary string rep of integer to floating point number,"struct.unpack('d', struct.pack('Q', int(s2, 0)))[0]",1359,26,5,35,0,60,0
9495262,create dictionary from list of variables,create dictionary from list of variables 'foo' and 'bar' already defined,"dict((k, globals()[k]) for k in ('foo', 'bar'))",1416,27,1,11,0,60,0
9609375,how to call multiple bash functions using | in python,call multiple bash function ‘vasp’ and ‘tee tee_output’ using ‘|’,"subprocess.check_call('vasp | tee tee_output', shell=True)",1432,28,9,60,1,60,0
9969684,How do I add space between two variables after a print in Python,Print variable `count` and variable `conv` with space string '    ' in between,print(str(count) + '    ' + str(conv)),1462,28,8,0,0,60,0
10472907,How to convert dictionary into string,convert dictionary `adict` into string,""""""""""""".join('{}{}'.format(key, val) for key, val in list(adict.items()))",1491,29,1,43,0,60,0
11430863,How to find overlapping matches with a regexp?,find overlapping matches from a string `hello` using regex,"re.findall('(?=(\\w\\w))', 'hello')",1580,31,0,20,0,60,0
12768504,Python: an efficient way to slice a list with a index list,create list `c` containing items from list `b` whose index is in list `index`,c = [b[i] for i in index],1670,34,7,12,1,60,0
14431731,Replacing the empty strings in a string,insert string `string1` after each character of `string2`,"string2.replace('', string1)[len(string1):-len(string1)]",1832,38,8,0,0,60,0
15315452,Selecting with complex criteria from pandas.DataFrame,"select values from column 'A' for which corresponding values in column 'B' will be greater than 50, and in column 'C' - equal 900 in dataframe `df`",df['A'][(df['B'] > 50) & (df['C'] == 900)],1913,40,3,61,0,60,0
15650538,Sub matrix of a list of lists (without numpy),"Create sub matrix of a list of lists `[[2, 3, 4], [2, 3, 4], [2, 3, 4]]` (without numpy)","[[2, 3, 4], [2, 3, 4], [2, 3, 4]]",1937,40,6,36,0,60,0
16041405,Python: convert list to generator,convert a list  into a generator object,"(n for n in [1, 2, 3, 5])",1960,41,7,46,1,60,0
16233593,How to strip comma in Python string,replace comma in string `s` with empty string '',"s = s.replace(',', '')",1978,42,8,0,0,60,0
16766643,Convert Date String to Day of Week,Convert Date String to Day of Week,"datetime.datetime.strptime('January 11, 2010', '%B %d, %Y').strftime('%a')",2003,42,2,43,0,60,0
19328874,Python - read text file with weird utf-16 format,open a text file `data.txt` in io module with encoding `utf-16-le`,"file = io.open('data.txt', 'r', encoding='utf-16-le')",2190,47,9,56,1,60,0
19384532,How to count number of rows in a group in pandas group by object?,count number of rows in a group `key_columns` in pandas groupby object `df`,df.groupby(key_columns).size(),2194,47,3,62,0,60,0
20950650,How to sort Counter by value? - python,reverse sort Counter `x` by values,"sorted(x, key=x.get, reverse=True)",2288,49,7,23,1,60,0
22187233,How to delete all instances of a character in a string in python?,delete all instances of a character 'i' in a string 'it is icy',"re.sub('i', '', 'it is icy')",2343,51,8,0,0,60,0
22229255,Confusing with the usage of regex in Python,match zero-or-more instances of lower case alphabet characters in a string `f233op `,"re.findall('([a-z])*', 'f233op')",2345,51,0,13,0,60,0
25817930,Fastest way to sort each row in a pandas dataframe,Fastest way to sort each row in a pandas dataframe,"df.sort(df.columns, axis=1, ascending=False)",2430,53,3,4,0,60,0
27516849,How to convert list of numpy arrays into single numpy array?,concatenate sequence of numpy arrays  `LIST` into a one dimensional array along the first axis,"numpy.concatenate(LIST, axis=0)",2464,54,6,10,0,60,0
28767642,How to compare two lists in python,Compare if each value in list `a` is less than respective index value in list `b`,"all(i < j for i, j in zip(a, b))",2499,55,7,57,1,60,0
28901311,Numpy: find index of elements in one array that occur in another array,get index of elements in array `A` that occur in another array `B`,"np.where(np.in1d(A, B))[0]",2503,55,6,4,0,60,0
34197047,sorting list of list in python,sorting the lists in list of lists `data`,[sorted(item) for item in data],2659,59,7,64,1,60,0
34750084,Regex and Octal Characters,Find octal characters matches from a string `str` using regex,"print(re.findall(""'\\\\[0-7]{1,3}'"", str))",2675,59,0,23,0,60,0
36957908,Removing white space from txt with python,substitute two or more whitespace characters with character '|' in string `line`,"re.sub('\\s{2,}', '|', line.strip())",2718,60,8,0,0,60,0
