question_id,intent,rewritten_intent,snippet,idx,time_batch,cluster,gradual_batch,gradual_new,recurring_batch,rec_new
89228,Calling an external command,"Calling an external command ""echo Hello World""",print(os.popen('echo Hello World').read()),60,0,9,11,1,35,0
663171,substring a string,get a new string including all but the last character of string `x`,x[:(-2)],264,0,8,0,0,35,0
961632,Converting integer to string,convert `a` to string,a.__str__(),384,1,8,0,0,35,0
2497027,read a binary file (python),read a binary file 'test/test.pdf',"f = open('test/test.pdf', 'rb')",607,6,9,44,1,35,0
3283306,finding out absolute path to a file from python,get the absolute path of a running python script,os.path.abspath(__file__),733,10,9,28,1,35,0
3501382,Checking whether a variable is an integer,check if `x` is an integer,(type(x) == int),779,11,5,20,0,35,0
3743222,How do I convert datetime to date (in Python)?,convert datetime object to date object in python,datetime.datetime.now().date(),809,12,2,35,0,35,0
3964681,Find all files in directory with extension .txt,"Find all files in directory ""/mydir"" with extension "".txt""","for (root, dirs, files) in os.walk('/mydir'):
    for file in files:
        if file.endswith('.txt'):
            pass",860,13,9,32,1,35,0
3996904,Generate random integers between 0 and 9,Generate a random integer between `a` and `b`,"random.randint(a, b)",866,13,5,8,0,35,0
4697006,Python: Split string by list of separators,"Split a string `string` by multiple separators `,` and `;`","[t.strip() for s in string.split(',') for t in s.split(';')]",975,16,8,0,0,35,0
5201191,Method to sort a list of lists?,sort list of lists `L` by the second item in each list,L.sort(key=operator.itemgetter(1)),1045,18,7,24,1,35,0
6159313,Can Python test the membership of multiple values in a list?,"Check if all the values in a list `['a', 'b']` are present in another list `['b', 'a', 'foo', 'bar']`","all(x in ['b', 'a', 'foo', 'bar'] for x in ['a', 'b'])",1124,20,7,62,1,35,0
6879364,Print file age in seconds using Python,Get the age of directory (or file) `/tmp` in seconds.,print(os.path.getmtime('/tmp')),1181,21,9,56,1,35,0
7138686,How to write a list to a file with newlines in Python3,write the elements of list `lines` concatenated by special character '\n' to file `myfile`,myfile.write('\n'.join(lines)),1198,22,9,31,1,35,0
7900882,extract item from list of dictionaries,extract dictionary `d` from list `a` where the value associated with the key 'name' of dictionary `d` is equal to 'pluto',[d for d in a if d['name'] == 'pluto'],1266,23,1,12,0,35,0
8218032,How to turn a boolean array into index array in numpy,Get all indexes of boolean numpy array where boolean value `mask` is True,numpy.where(mask),1302,24,6,32,0,35,0
8654637,"Pythonic way to fetch all elements in a dictionary, falling between two keys?","fetch all elements in a dictionary `parent_dict`, falling between two keys 2 and 4","dict((k, v) for k, v in parent_dict.items() if 2 < k < 4)",1345,25,1,5,0,35,0
9210525,convert hex to decimal,convert hex string `s` to decimal,"i = int(s, 16)",1394,27,5,10,0,35,0
9497290,How would I sum a multi-dimensional array in the most succinct python?,"sum all elements of two-dimensions list `[[1, 2, 3, 4], [2, 4, 5, 6]]]`","sum([sum(x) for x in [[1, 2, 3, 4], [2, 4, 5, 6]]])",1417,27,6,49,0,35,0
10716796,How to convert a string to its Base-10 representation?,convert a string `s` to its base-10 representation,"int(s.encode('hex'), 16)",1521,30,5,49,0,35,0
11064917,Generate a sequence of numbers in Python,generate a string of numbers separated by comma which is divisible by `4` with remainder `1` or `2`.,""""""","""""".join(str(i) for i in range(100) if i % 4 in (1, 2))",1544,30,5,16,0,35,0
11533274,How can I combine dictionaries with the same keys in python?,combine list of dictionaries `dicts` with the same keys in each list to a single dictionary,"dict((k, [d[k] for d in dicts]) for k in dicts[0])",1584,31,1,13,0,35,0
15451958,Simple way to create matrix of random numbers,create 3 by 3 matrix of random numbers,"numpy.random.random((3, 3))",1925,40,6,46,0,35,0
16159228,Formatting text to be justified in Python 3.3 with .format() method,right align string `mystring` with a width of 7,"""""""{:>7s}"""""".format(mystring)",1972,41,8,0,0,35,0
16412563,Python: sorting dictionary of dictionaries,sort dictionary of dictionaries `dic` according to the key 'Fisher',"sorted(list(dic.items()), key=lambda x: x[1]['Fisher'], reverse=True)",1989,42,1,31,0,35,0
16868457,python sorting dictionary by length of values,sort a dictionary `d` by length of its values and print as string,"print(' '.join(sorted(d, key=lambda k: len(d[k]), reverse=True)))",2010,42,1,11,0,35,0
17071871,Select rows from a DataFrame based on values in a column in pandas,"Select rows whose value of the ""B"" column is ""one"" or ""three"" in the DataFrame `df`","print(df.loc[df['B'].isin(['one', 'three'])])",2027,43,3,19,0,35,0
17467504,Python re.findall print all patterns,Get all matching patterns 'a.*?a' from a string 'a 1 a 2 a 3 a 4 a'.,"re.findall('(?=(a.*?a))', 'a 1 a 2 a 3 a 4 a')",2061,44,0,10,0,35,0
19738169,Convert column of date objects in Pandas DataFrame to strings,convert column of date objects 'DateObj' in pandas dataframe `df` to strings in new column 'DateStr',df['DateStr'] = df['DateObj'].dt.strftime('%d%m%Y'),2219,48,2,63,0,35,0
22296496,Add element to a json in python,add variable `var` to key 'f' of first element in JSON data `data`,data[0]['f'] = var,2349,51,1,3,0,35,0
22904654,How to save Xlsxwriter file in certain path?,save xlsxwriter file to 'C:/Users/Steven/Documents/demo.xlsx' path,workbook = xlsxwriter.Workbook('C:/Users/Steven/Documents/demo.xlsx'),2367,51,9,63,1,35,0
23566515,Multiplication of 1d arrays in numpy,multiplication of two 1-dimensional arrays  in numpy,"np.outer(a, b)",2381,52,6,10,0,35,0
28538536,Deleting mulitple columns in Pandas,"Delete mulitple columns `columnheading1`, `columnheading2` in pandas data frame `yourdf`","yourdf.drop(['columnheading1', 'columnheading2'], axis=1, inplace=True)",2491,55,3,55,0,35,0
34358278,Django filter JSONField list of dicts,Filter a json from a key-value pair as `{'fixed_key_1': 'foo2'}` in Django,Test.objects.filter(actions__contains=[{'fixed_key_1': 'foo2'}]),2662,59,1,50,0,35,0
38273353,How to repeat individual characters in strings in Python,repeat every character for 7 times in string 'map',""""""""""""".join(map(lambda x: x * 7, 'map'))",2739,61,8,0,0,35,0
39381222,How to print/show an expression in rational number form in python,print a rational number `3/2`,print('\n\x1b[4m' + '3' + '\x1b[0m' + '\n2'),2762,62,5,15,0,35,0
39414085,How to convert the following string in python?,lower-case the string obtained by replacing the occurrences of regex pattern '(?<=[a-z])([A-Z])' in string `s` with eplacement '-\\1',"re.sub('(?<=[a-z])([A-Z])', '-\\1', s).lower()",2763,62,0,64,0,35,0
40903174,Sorting data in DataFrame Pandas,Sorting data in DataFrame Pandas,"df.sort_values(['System_num', 'Dis'])",2818,63,3,4,0,35,0
42172204,Replace value in any column in pandas dataframe,"replace value '-' in any column of pandas dataframe to ""NaN""","df.replace('-', 'NaN')",2861,64,3,2,0,35,0
