question_id,intent,rewritten_intent,snippet,idx,time_batch,cluster,gradual_batch,gradual_new,recurring_batch,rec_new
42950,Get Last Day of the Month,Get Last Day of the second month in 2002,"calendar.monthrange(2008, 2)",27,0,2,41,0,52,0
354038,check if a string is a number,check if string `b` is a number,b.isdigit(),152,0,0,18,0,52,0
761804,Trimming a string,"Trimming ""\n"" from string `myString`",myString.strip('\n'),315,0,8,0,0,52,0
940822,"Regular expression syntax for ""match nothing""?",regular expression match nothing,re.compile('$^'),377,0,0,52,0,52,0
1038824,remove a substring from the end of a string,"remove a substring "".com"" from the end of string `url`","url = re.sub('\\.com$', '', url)",408,1,8,0,0,52,0
1207457,Convert a Unicode string to a string,Convert a Unicode string `a` to a 'ascii' string,"a.encode('ascii', 'ignore')",431,2,8,0,0,52,0
1303243,find out if a Python object is a string,check if object `o` is a string,"isinstance(o, str)",443,2,0,52,0,52,0
1555968,Efficient way to find the largest key in a dictionary with non-zero value,find the key associated with the largest value in dictionary `x` whilst key is non-zero value,"max(k for k, v in x.items() if v != 0)",475,3,1,40,0,52,0
1602934,Check if a given key already exists in a dictionary,Check if key 'c' in `d`,('c' in d),481,3,0,23,0,52,0
1823058,print number with commas as thousands separators,print number `value` as thousands separators,"'{:,}'.format(value)",511,4,5,2,0,52,0
2168123,Converting a String to List in Python,"convert the string '0,1,2' to a list of integers","[int(x) for x in '0,1,2'.split(',')]",563,5,5,53,0,52,0
3328012,How can I tell if a file is a descendant of a given directory?,check if file `filename` is descendant of directory '/the/dir/',"os.path.commonprefix(['/the/dir/', os.path.realpath(filename)]) == '/the/dir/'",747,10,9,18,1,52,0
4484690,How to filter a dictionary in Python?,update all values associated with key `i` to string 'updated' if value `j` is not equal to 'None' in dictionary `d`,"{i: 'updated' for i, j in list(d.items()) if j != 'None'}",940,15,1,31,0,52,0
4695143,Regex. Match words that contain special characters or 'http://',replace each occurrence of the pattern '(http://\\S+|\\S*[^\\w\\s]\\S*)' within `a` with '',"re.sub('(http://\\S+|\\S*[^\\w\\s]\\S*)', '', a)",973,16,0,50,0,52,0
4697006,Python: Split string by list of separators,"split a string `a , b; cdf`  using both commas and semicolons as delimeters","re.split('\\s*,\\s*|\\s*;\\s*', 'a , b; cdf')",974,16,8,0,0,52,0
4859292,How to get a random value in python dictionary,get a random key `country` and value `capital` form a dictionary `d`,"country, capital = random.choice(list(d.items()))",1001,16,1,29,0,52,0
5352546,best way to extract subset of key-value pairs from python dictionary object,"Extract subset of key value pair for keys 'l', 'm', 'n' from `bigdict` in python 3","{k: bigdict[k] for k in ('l', 'm', 'n')}",1062,18,1,41,0,52,0
5868374,Convert a string to datetime object in python,Parse string `datestr` into a datetime object using format pattern '%Y-%m-%d',"dateobj = datetime.datetime.strptime(datestr, '%Y-%m-%d').date()",1104,19,2,14,0,52,0
6378889,How to convert a string list into an integer in python,convert string `user_input` into a list of integers `user_list`,"user_list = [int(number) for number in user_input.split(',')]",1140,20,5,6,0,52,0
7126916,Perform a string operation for every element in a Python list,formate each string cin list `elements` into pattern '%{0}%',elements = ['%{0}%'.format(element) for element in elements],1196,21,8,0,0,52,0
12005558,Python - find digits in a string,get digits in string `my_string`,""""""""""""".join(c for c in my_string if c.isdigit())",1621,32,5,20,0,52,0
13002848,How do I convert an array to string using the jinja template engine?,Jinja join elements of array `tags` with space string ' ',{{tags | join(' ')}},1690,34,8,0,0,52,0
13837848,Converting byte string in unicode string,converting byte string `c` in unicode string,c.decode('unicode_escape'),1779,36,8,0,0,52,0
13945749,String Formatting in Python 3,"format string ""({} goals, ${})"" with variables `goals` and `penalties`","""""""({} goals, ${})"""""".format(self.goals, self.penalties)",1793,37,8,0,0,52,0
14227561,Find a value within nested json dictionary in python,find a value within nested json 'data' where the key inside another key 'B' is unknown.,list(data['A']['B'].values())[0]['maindata'][0]['Info'],1815,37,1,34,0,52,0
16772071,sort dict by value python,Get a list of pairs of key-value sorted by values in dictionary `data`,"sorted(list(data.items()), key=lambda x: x[1])",2006,42,1,41,0,52,0
17926273,How to count distinct values in a column of a pandas group by object?,How to count distinct values in a column of a pandas group by object?,"df.groupby(['col1', 'col2'])['col3'].nunique().reset_index()",2092,44,3,8,0,52,0
20576618,Pandas datetime column to ordinal,Convert  DateTime column 'date' of pandas dataframe 'df' to ordinal,df['date'].apply(lambda x: x.toordinal()),2271,49,3,31,0,52,0
21887754,numpy concatenate two arrays vertically,numpy concatenate two arrays `a` and `b` along the first axis,"c = np.r_[(a[None, :], b[None, :])]",2331,51,6,39,0,52,0
21986194,How to pass dictionary items as function arguments in python?,pass dictionary items `data` as keyword arguments in function `my_function`,my_function(**data),2337,51,1,2,0,52,0
23748995,Pandas DataFrame to list,pandas dataframe `df` column 'a' to list,df['a'].values.tolist(),2386,52,3,53,0,52,0
26097916,"python, best way to convert a pandas series into a pandas dataframe",convert a pandas series `sf` into a pandas dataframe `df` with columns `email` and `list`,"pd.DataFrame({'email': sf.index, 'list': sf.values})",2437,53,3,12,0,52,0
27589325,How to find and replace nth occurence of word in a sentence using python regular expression?,find and replace 2nd occurrence of word 'cat' by 'Bull' in a sentence 's',"re.sub('^((.*?cat.*?){1})cat', '\\1Bull', s)",2467,54,0,45,0,52,0
30062429,Python How to get every first element in 2 Dimensional List,get value of first index of each element in list `a`,[x[0] for x in a],2542,56,7,23,1,52,0
30406725,Python pandas - grouping by and summarizing on a field,convert dataframe `df` into a pivot table using column 'order' as index and values of column 'sample' as columns,"df.pivot(index='order', columns='sample')",2551,56,3,1,0,52,0
31143732,How to create range of numbers in Python like in MATLAB,create 4 numbers in range between 1 and 3,"print(np.linspace(1, 3, num=4, endpoint=False))",2574,57,5,51,0,52,0
32283692,Adding a 1-D Array to a 3-D array in Numpy,"add array of shape `(6, 9, 20)` to array `[1, 2, 3, 4, 5, 6, 7, 8, 9]`","np.zeros((6, 9, 20)) + np.array([1, 2, 3, 4, 5, 6, 7, 8, 9]).reshape((1, 9, 1))",2617,58,6,18,0,52,0
38231591,Splitting dictionary/list inside a Pandas Column into Separate Columns,split dictionary/list inside a pandas column 'b' into separate columns in dataframe `df`,"pd.concat([df.drop('b', axis=1), pd.DataFrame(df['b'].tolist())], axis=1)",2737,61,3,9,0,52,0
41469647,Outer product of each column of a 2D array to form a 3D array - NumPy,outer product of each column of a 2d `X` array to form a 3d array `X`,"np.einsum('ij,kj->jik', X, X)",2837,64,6,8,0,52,0
