question_id,intent,rewritten_intent,snippet,idx,time_batch,cluster,gradual_batch,gradual_new,recurring_batch,rec_new
72899,How do I sort a list of dictionaries by values of the dictionary in Python?,sort a list of dictionaries `l` by values in key `name` in descending order,"newlist = sorted(l, key=itemgetter('name'), reverse=True)",40,0,1,38,0,37,0
89228,Calling an external command,"Calling an external command ""ls""","p = subprocess.Popen('ls', shell=True, stdout=subprocess.PIPE, stderr=subprocess.STDOUT)
for line in p.stdout.readlines():
    print(line, end=' ')
retval = p.wait()",59,0,9,28,1,37,0
364621,get item's position in a list,get the position of item 1 in `testlist`,"gen = (i for (i, x) in enumerate(testlist) if (x == 1))
for i in gen:
    pass",163,0,7,54,1,37,0
455612,Limiting floats to two decimal points,limit float 3.14159 to two decimal points,('%.2f' % 3.14159),200,0,5,62,0,37,0
455612,Limiting floats to two decimal points,print float `a` with two decimal points,print(('{0:.2f}'.format(a))),205,0,5,44,0,37,0
613183,Sort a Python dictionary by value,Sort dictionary `dict1` by value in ascending order,"sorted(dict1, key=dict1.get)",247,0,1,40,0,37,0
761804,Trimming a string,"right trimming ""\n\t"" from string `myString`",myString.rstrip('\n\t'),313,0,8,0,0,37,0
899103,Writing a list to a file with Python,writing items in list `itemlist` to file `outfile`,outfile.write('\n'.join(itemlist)),353,0,9,47,1,37,0
1602934,Check if a given key already exists in a dictionary,Check if key 'a' in `d`,('a' in d),482,3,0,31,0,37,0
2951701,Is it possible to use 'else' in a python list comprehension?,"replace `0` with `2` in the list `[0, 1, 0, 3]`","[(a if a else 2) for a in [0, 1, 0, 3]]",684,8,7,34,1,37,0
3735814,Check for a key pattern in a dictionary in python,create list of values from dictionary `dict1` that have a key that starts with 'EMP$$',"[value for key, value in list(dict1.items()) if key.startswith('EMP$$')]",807,11,1,63,0,37,0
3996904,Generate random integers between 0 and 9,Generate random integers between 0 and 9,"print((random.randint(0, 9)))",865,13,5,18,0,37,0
4793617,How to derive the week start for a given (iso) weeknumber / year in python,"derive the week start for the given week number and year ‘2011, 4, 0’","datetime.datetime.strptime('2011, 4, 0', '%Y, %U, %w')",989,16,2,11,0,37,0
4880960,Sum of all values in a Python dict,Sum of all values in a Python dict,sum(d.values()),1005,17,1,2,0,37,0
5110352,How do I display current time using Python + Django?,display current time,now = datetime.datetime.now().strftime('%H:%M:%S'),1033,17,2,1,0,37,0
5844672,Delete an element from a dictionary,Delete an element 0 from a dictionary `a`,{i: a[i] for i in a if (i != 0)},1098,19,1,5,0,37,0
5927180,removing data from a numpy.array,Extract values not equal to 0 from numpy array `a`,a[a != 0],1110,19,6,31,0,37,0
7351270,Control a print format when printing a list in Python,format print output of list of floats `l` to print only up to 3 decimal points,"print('[' + ', '.join('%5.3f' % v for v in l) + ']')",1228,22,5,1,0,37,0
12814667,How to sort a list according to another list?,sort list `a` using the first dimension of the element as the key to list `b`,a.sort(key=lambda x: b.index(x[0])),1676,34,7,51,1,37,0
13295735,How can I replace all the NaN values with Zero's in a column of a pandas dataframe,replace all the nan values with 0 in a pandas dataframe `df`,df.fillna(0),1727,35,3,45,0,37,0
14104778,Set execute bit for a file using python,Change the mode of file 'my_script.sh' to permission number 484,"os.chmod('my_script.sh', 484)",1805,37,9,63,1,37,0
14571103,Capturing emoticons using regular expression in python,fetch smilies matching regex pattern '(?::|;|=)(?:-)?(?:\\)|\\(|D|P)' in string `s`,"re.findall('(?::|;|=)(?:-)?(?:\\)|\\(|D|P)', s)",1841,38,0,12,0,37,0
14931769,get all combination of n binary value,get all combination of n binary values,"lst = map(list, itertools.product([0, 1], repeat=n))",1874,39,7,60,1,37,0
15769246,Pythonic way to print list items,print list of items `myList`,print('\n'.join(str(p) for p in myList)),1943,41,7,24,1,37,0
18504967,pandas dataframe create new columns and fill with calculated values from same df,create new column `A_perc` in dataframe `df` with row values equal to the value in column `A` divided by the value in column `sum`,df['A_perc'] = df['A'] / df['sum'],2137,46,3,5,0,37,0
19555472,Change a string of integers separated by spaces to a list of int,change a string of integers `x` separated by spaces to a list of int,"x = map(int, x.split())",2203,47,5,58,0,37,0
21188504,python pandas: apply a function with arguments to a series. Update,"Add 100 to each element of column ""x"" in dataframe `a`","a['x'].apply(lambda x, y: x + y, args=(100,))",2298,50,3,8,0,37,0
21618351,Format time string in Python 3.3,format current date to pattern '{%Y-%m-%d %H:%M:%S}',time.strftime('{%Y-%m-%d %H:%M:%S}'),2312,50,2,18,0,37,0
21822054,How to force os.system() to use bash instead of shell,force bash interpreter '/bin/bash' to be used instead of shell,"os.system('GREPDB=""echo 123""; /bin/bash -c ""$GREPDB""')",2327,50,9,49,1,37,0
22749706,How to get the length of words in a sentence?,How to get the length of words in a sentence?,[len(x) for x in s.split()],2363,51,0,17,0,37,0
23748995,Pandas DataFrame to list,Get a list of all values in column `a` in pandas data frame `df`,df['a'].tolist(),2387,52,3,54,0,37,0
24076297,How to truncate a string using str.format in Python?,display first 5 characters of string 'aaabbbccc',"""""""{:.5}"""""".format('aaabbbccc')",2399,52,8,0,0,37,0
29360607,How does this function to remove duplicate characters from a string in python work?,Create new string with unique characters from `s` seperated by ' ',print(' '.join(OrderedDict.fromkeys(s))),2513,55,8,0,0,37,0
32675861,Copy all values in a column to a new column in a pandas dataframe,copy all values in a column 'B' to a new column 'D' in a pandas data frame 'df',df['D'] = df['B'],2627,58,3,44,0,37,0
34587346,Python: Check if a string contains chinese character?,Find all Chinese characters in string `ipath`,"re.findall('[\u4e00-\u9fff]+', ipath)",2671,59,0,56,0,37,0
36542169,Extract first and last row of a dataframe in pandas,extract first and last row of a dataframe `df`,"pd.concat([df.head(1), df.tail(1)])",2713,60,3,56,0,37,0
40311987,Pandas: Mean of columns with the same names,calculate the mean of columns with same name in dataframe `df`,"df.groupby(by=df.columns, axis=1).mean()",2794,62,3,35,0,37,0
40582103,using regular expression to split string in python,use regular expression '((\\d)(?:[()]*\\2*[()]*)*)' to split string `s`,"[i[0] for i in re.findall('((\\d)(?:[()]*\\2*[()]*)*)', s)]",2806,63,0,53,0,37,0
42364992,Python - Insert numbers in string between quotes,Enclose numbers in quotes in a string `This is number 1 and this is number 22`,"re.sub('(\\d+)', '""\\1""', 'This is number 1 and this is number 22')",2869,64,8,0,0,37,0
