question_id,intent,rewritten_intent,snippet,idx,time_batch,cluster,gradual_batch,gradual_new,recurring_batch,rec_new
113534,Is there a function in Python to split a string without ignoring the spaces?,split a string `mystring` considering the spaces ' ',"mystring.replace(' ', '! !').split('!')",67,0,8,0,0,40,0
275018,remove (chomp) a newline,remove newline in string 'Mac EOL\r','Mac EOL\r'.rstrip('\r\n'),120,0,8,0,0,40,0
674519,How can I convert a Python dictionary to a list of tuples?,convert python 2 dictionary `a` to a list of tuples where the value is the first tuple element and the key is the second tuple element,"[(v, k) for k, v in a.items()]",274,0,1,37,0,40,0
743806,Split string into a list,split string `text` by space,text.split(),305,0,8,0,0,40,0
826284,How do I convert a string 2 bytes long to an integer in python,unpack first and second bytes of byte string `pS` into integer,"struct.unpack('h', pS[0:2])",336,0,5,59,0,40,0
952914,Making a flat list out of list of lists,make a flat list from list of lists `list2d`,list(itertools.chain.from_iterable(list2d)),380,1,7,48,1,40,0
961263,Two values from one input in python?,"assign values to two variables, `var1` and `var2` from user input response to `'Enter two numbers here: ` split on whitespace","var1, var2 = input('Enter two numbers here: ').split()",382,1,8,0,0,40,0
2269827,convert an int to a hex string,convert an int 65 to hex string,hex(65),582,6,5,21,0,40,0
3207219,list all files of a directory,"list all "".txt"" files of a directory ""/home/adam/""",print(glob.glob('/home/adam/*.txt')),714,9,9,46,1,40,0
3411025,Summarizing a dictionary of arrays in Python,get top `3` items from a dictionary `mydict` with largest sum of values,"heapq.nlargest(3, iter(mydict.items()), key=lambda tup: sum(tup[1]))",759,10,1,13,0,40,0
3475251,Split a string by a delimiter in python,Split a string by a delimiter in python,[x.strip() for x in '2.MATCHES $$TEXT$$ STRING'.split('$$TEXT$$')],772,11,8,0,0,40,0
5137497,Find current directory and file's directory,find the current directory,os.getcwd(),1039,17,9,32,1,40,0
5229425,Precision in python,print a digit `your_number` with exactly 2 digits after decimal,print('{0:.2f}'.format(your_number)),1048,18,5,3,0,40,0
5775719,How do I find the first letter of each word?,find the first letter of each element in string `input`,output = ''.join(item[0].upper() for item in input.split()),1088,19,0,53,0,40,0
5932059,Partitioning a string in Python by a regular expression,split a string into a list of words and whitespace,"re.split('(\\W+)', s)",1111,19,8,0,0,40,0
7900882,extract item from list of dictionaries,extract dictionary from list of dictionaries based on a key's value.,[d for d in a if d['name'] == 'pluto'],1267,23,1,59,0,40,0
9376384,Sort a list of tuples depending on two elements,"sort a list of tuples 'unsorted' based on two elements, second and third","sorted(unsorted, key=lambda element: (element[1], element[2]))",1410,27,7,54,1,40,0
9573244,check if the string is empty,check if string `my_string` is empty,"if some_string:
    pass",1427,27,0,12,0,40,0
11351874,Converting a dict into a list,convert dictionary `dict` into a flat list,print([y for x in list(dict.items()) for y in x]),1567,31,1,10,0,40,0
12307099,Modifying a subset of rows in a pandas dataframe,set the value in column 'B' to NaN if the corresponding value in column 'A' is equal to 0 in pandas dataframe `df`,"df.ix[df.A == 0, 'B'] = np.nan",1635,33,3,10,0,40,0
12739911,How to split a string within a list to create key-value pairs in Python,create a dictionary containing each string in list `my_list` split by '=' as a key/value pairs,print(dict([s.split('=') for s in my_list])),1668,34,1,63,0,40,0
14859458,How to check if all values in the columns of a numpy matrix are the same?,check if all values in the columns of a numpy matrix `a` are same,"np.all(a == a[(0), :], axis=0)",1869,39,6,56,0,40,0
14986218,From a list of lists to a dictionary,Convert a list of lists `lol` to a dictionary with key as second value of a list and value as list itself,{x[1]: x for x in lol},1882,39,1,5,0,40,0
15741759,Find maximum value of a column and return the corresponding row values using Pandas,Return rows of data associated with the maximum value of column 'Value' in dataframe `df`,df.loc[df['Value'].idxmax()],1941,41,3,1,0,40,0
15907200,How to add a header to a csv file in Python?,add a header to a csv file,writer.writeheader(),1955,41,9,52,1,40,0
16050952,How to remove all the punctuation in a string? (Python),"remove the punctuation '!', '.', ':' from a string `asking`","out = ''.join(c for c in asking if c not in ('!', '.', ':'))",1961,41,8,0,0,40,0
16387069,Open images,Open image 'picture.jpg',"img = Image.open('picture.jpg')
img.show()",1986,42,9,45,1,40,0
17690738,In Pandas how do I convert a string of date strings to datetime objects and put them in a DataFrame?,convert a string of date strings `date_stngs ` to datetime objects and put them in a dataframe,pd.to_datetime(pd.Series(date_stngs)),2076,44,2,19,0,40,0
18366797,pandas.read_csv: how to skip comment lines,pandas read comma-separated CSV file `s` and skip commented lines starting with '#',"pd.read_csv(StringIO(s), sep=',', comment='#')",2124,45,3,5,0,40,0
19454970,Is there a Python dict without values?,create dict of squared int values in range of 100,{(x ** 2) for x in range(100)},2199,47,5,49,0,40,0
19643099,Sorting a list of tuples with multiple conditions,sort list `list_` based on first element of each tuple and by the length of the second element of each tuple,"list_.sort(key=lambda x: [x[0], len(x[1]), x[1]])",2215,48,7,55,1,40,0
20733827,creating list of random numbers in python,create list `randomList` with 10 random floating point numbers between 0.0 and 1.0,randomList = [random.random() for _ in range(10)],2277,49,5,1,0,40,0
21129020,"How to fix: ""UnicodeDecodeError: 'ascii' codec can't decode byte""",set the default encoding to 'utf-8',sys.setdefaultencoding('utf8'),2296,50,8,0,0,40,0
23797491,Parse_dates in Pandas,convert date strings in pandas dataframe column`df['date']` to pandas timestamps using the format '%d%b%Y',"df['date'] = pd.to_datetime(df['date'], format='%d%b%Y')",2388,52,2,48,0,40,0
27060098,Replacing few values in a pandas dataframe column with another value,"replace values `['ABC', 'AB']` in a column 'BrandName' of  pandas dataframe `df` with another value 'A'","df['BrandName'] = df['BrandName'].replace(['ABC', 'AB'], 'A')",2454,54,3,46,0,40,0
29100599,How to iterate over time periods in pandas,resample series `s` into 3 months bins and sum each bin,"s.resample('3M', how='sum')",2508,55,6,58,0,40,0
34410358,Splitting a string based on a certain set of words,Split a string `l` by multiple words `for` or `or` or `and`,"[re.split('_(?:f?or|and)_', s) for s in l]",2665,59,0,17,0,40,0
35414625,pandas: how to run a pivot with a multi-index?,"Convert dataframe `df` to a pivot table using column 'year', 'month', and 'item' as indexes","df.set_index(['year', 'month', 'item']).unstack(level=-1)",2692,60,3,10,0,40,0
42442428,Python - Choose a dictionary in list which key is closer to a global value,get a dictionary in list `dicts` which key 'ratio' is closer to a global value 1.77672955975,"min(dicts, key=lambda x: (abs(1.77672955975 - x['ratio']), -x['pixels']))",2872,64,1,11,0,40,0
