question_id,intent,rewritten_intent,snippet,idx,time_batch,cluster,gradual_batch,gradual_new,recurring_batch,rec_new
1476,express binary literals,convert 173 to binary string,bin(173),5,0,5,62,0,62,0
42950,Get Last Day of the Month,Get Last Day of the second month in 2100,"calendar.monthrange(2100, 2)",29,0,2,20,0,62,0
587647,How to increment a value with leading zeroes?,increment a value with leading zeroes in a number `x`,str(int(x) + 1).zfill(len(x)),241,0,5,44,0,62,0
715550,Best way to encode tuples with json,"serialize dictionary `d` as a JSON formatted string with each key formatted to pattern '%d,%d'","simplejson.dumps(dict([('%d,%d' % k, v) for k, v in list(d.items())]))",294,0,1,3,0,62,0
1024847,Add key to a dictionary,"Add key ""mynewkey"" to dictionary `d` with value ""mynewvalue""",d['mynewkey'] = 'mynewvalue',401,1,1,7,0,62,0
1810743,How to set the current working directory in Python?,set the current working directory to path `path`,os.chdir(path),510,4,9,52,1,62,0
2407398,merge lists into a list of tuples,merge lists `a` and `a` into a list of tuples,"list(zip(a, b))",600,6,7,18,1,62,0
3108285,"In Python script, how do I set PYTHONPATH?",set pythonpath in python script.,sys.path.append('/path/to/whatever'),706,9,9,62,1,62,0
3294889,Iterating over dictionaries using for loops,Iterating key and items over dictionary `d`,"for (k, v) in list(d.items()):
    pass",740,10,1,13,0,62,0
3437059,string contains substring,"check if ""blah"" is in string `somestring`","if ('blah' not in somestring):
    pass",765,10,0,37,0,62,0
3886669,Tuple to string,convert tuple `tst` to string `tst2`,tst2 = str(tst),832,12,8,0,0,62,0
4170655,how to convert a datetime string back to datetime object?,convert a DateTime string back to a DateTime object of format '%Y-%m-%d %H:%M:%S.%f',"datetime.strptime('2010-11-13 10:33:54.227806', '%Y-%m-%d %H:%M:%S.%f')",889,14,2,56,0,62,0
5137497,Find current directory and file's directory,get the canonical path of file `path`,os.path.realpath(path),1035,17,9,35,1,62,0
6569528,Python float to int conversion,round off the float that is the product of `2.52 * 100` and convert it to an int,int(round(2.51 * 100)),1159,21,5,6,0,62,0
7595148,Python - Converting Hex to INT/CHAR,converting hex string `s` to its integer representations,[ord(c) for c in s.decode('hex')],1245,23,5,5,0,62,0
8425046,The best way to filter a dictionary in Python,Remove all items from a dictionary `d` where the values are less than `1`,"d = dict((k, v) for k, v in d.items() if v > 0)",1329,25,1,9,0,62,0
8785554,How do I insert a list at the front of another list?,insert a list `k` at the front of list `a`,"a.insert(0, k)",1363,26,7,56,1,62,0
9072844,How can I check if a string contains ANY letters from the alphabet?,check if string `the_string` contains any upper or lower-case ASCII letters,"re.search('[a-zA-Z]', the_string)",1387,26,0,38,0,62,0
10484261,Find dictionary items whose key matches a substring,create a list of values from the dictionary `programs` that have a key with a case insensitive match to 'new york',"[value for key, value in list(programs.items()) if 'new york' in key.lower()]",1493,29,1,22,0,62,0
11303238,Finding recurring patterns in a string,find recurring patterns in a string '42344343434',"re.findall('^(.+?)((.+)\\3+)$', '42344343434')[0][:-1]",1561,31,0,48,0,62,0
11416772,Find all words in a string that start with the $ sign in Python,find all words in a string `mystring` that start with the `$` sign,[word for word in mystring.split() if word.startswith('$')],1579,31,0,38,0,62,0
13598363,How to dynamically select template directory to be used in flask?,Flask set folder 'wherever' as the default template folder,"Flask(__name__, template_folder='wherever')",1760,36,9,28,1,62,0
14043934,time offset,add 1 hour and 2 minutes to time object `t`,"dt = datetime.datetime.combine(datetime.date.today(), t)",1801,37,2,63,0,62,0
14162026,How to get the values from a NumPy array using multiple indices,"get the first row, second column; second row, first column, and first row third column values of numpy array `arr`","arr[[0, 1, 1], [1, 0, 2]]",1808,37,6,42,0,62,0
14850853,How to include third party Python libraries in Google App Engine?,insert directory 'libs' at the 0th index of current directory,"sys.path.insert(0, 'libs')",1866,39,9,55,1,62,0
15103484,"How to use regular expression to separate numbers and characters in strings like ""30M1000N20M""","separate numbers from characters in string ""30m1000n20m""","re.findall('(([0-9]+)([A-Z]))', '20M10000N80M')",1893,39,5,64,0,62,0
17071871,Select rows from a DataFrame based on values in a column in pandas,select rows of dataframe `df` whose value for column `A` is `foo`,print(df.loc[df['A'] == 'foo']),2024,43,3,14,0,62,0
17331290,How to check for palindrome using Python logic,check if string `str` is palindrome,str(n) == str(n)[::-1],2052,43,0,21,0,62,0
19490064,Merge DataFrames in Pandas using the mean,merge rows from dataframe `df1` with rows from dataframe `df2` and calculate the mean for rows that have the same value of axis 1,"pd.concat((df1, df2), axis=1).mean(axis=1)",2200,47,3,16,0,62,0
19602931,http file downloading and saving,download file from http url `file_url`,file_name = wget.download(file_url),2209,47,9,24,1,62,0
21361604,Specific sort a list of numbers separated by dots,sort a list `L` by number after second '.',"print(sorted(L, key=lambda x: int(x.split('.')[2])))",2307,50,7,63,1,62,0
22187233,How to delete all instances of a character in a string in python?,"delete all characters ""i"" in string ""it is icy""","""""""it is icy"""""".replace('i', '')",2342,51,8,0,0,62,0
25698710,Replace all occurrences of a string in a pandas dataframe (Python),replace all occurrences of a string `\n` by string `<br>` in a pandas data frame `df`,"df.replace({'\n': '<br>'}, regex=True)",2429,53,3,8,0,62,0
30009948,How to reorder indexed rows based on a list in Pandas data frame,"reorder indexed rows `['Z', 'C', 'A']` based on a list in pandas data frame `df`","df.reindex(['Z', 'C', 'A'])",2539,56,3,21,0,62,0
31029560,Plotting categorical data with pandas and matplotlib,plot categorical data in series `df` with kind `bar` using pandas and matplotlib,df.groupby('colour').size().plot(kind='bar'),2572,57,3,51,0,62,0
31818050,round number to nearest integer,round number 6.005 up to 2 decimal places,"round(6.005, 2)",2604,58,5,12,0,62,0
37080612,pandas DataFrame filter regex,get rows of dataframe `df` that match regex '(Hel|Just)',df.loc[df[0].str.contains('(Hel|Just)')],2721,61,3,51,0,62,0
38147447,How to remove square bracket from pandas dataframe,get element at index 0 of each list in column 'value' of dataframe `df`,df['value'] = df['value'].str.get(0),2733,61,3,60,0,62,0
42548362,Python. Convert escaped utf string to utf-string,Convert escaped utf string to utf string in `your string`,print('your string'.decode('string_escape')),2875,65,8,0,0,62,0
