question_id,intent,rewritten_intent,snippet,idx,time_batch,cluster,gradual_batch,gradual_new,recurring_batch,rec_new
82831,check whether a file exists,check whether file `file_path` exists,os.path.exists(file_path),50,0,9,30,1,13,0
227459,"get the <a href=""http://en.wikipedia.org/wiki/ASCII"" rel=""nofollow noreferrer"">ASCII</a> value of a character as an int",get the ASCII value of a character u'あ' as an int,ord('\u3042'),99,0,8,0,0,13,0
493386,print in Python without newline or space,"print ""."" without newline",sys.stdout.write('.'),210,0,8,0,0,13,0
678236,How to get the filename without the extension from a path in Python?,get the filename without the extension from file 'hemanth.txt',print(os.path.splitext(os.path.basename('hemanth.txt'))[0]),289,0,9,60,1,13,0
761804,Trimming a string,Trimming a string `str`,str.strip(),316,0,8,0,0,13,0
794995,How to convert datetime to string in python in django,Jinja2 formate date `item.date` accorto pattern 'Y M d',{{(item.date | date): 'Y M d'}},328,0,2,46,0,13,0
1024847,Add key to a dictionary,Add key 'a' to dictionary `data` with value 1,"data.update({'a': 1, })",400,1,1,15,0,13,0
2158347,"How do I turn a python datetime into a string, with readable format date?","Convert a datetime object `my_datetime` into readable format `%B %d, %Y`","my_datetime.strftime('%B %d, %Y')",562,5,2,38,0,13,0
3097866,Access an arbitrary element in a dictionary in Python,access an arbitrary value from dictionary `dict`,next(iter(list(dict.values()))),704,9,1,4,0,13,0
3939361,Remove specific characters from a string,"Remove characters ""!@#$"" from a string `line`","line = re.sub('[!@#$]', '', line)",847,13,8,0,0,13,0
4131123,Finding the most frequent character in a string,print letter that appears most frequently in string `s`,print(collections.Counter(s).most_common(1)[0]),883,13,0,40,0,13,0
4843173,How to check if type of a variable is string?,check if type of variable `s` is a string,"isinstance(s, str)",999,16,0,48,0,13,0
5212870,Sorting a Python list by two criteria,Sorting a Python list by two criteria,"sorted(list, key=lambda x: (x[0], -x[1]))",1046,18,7,26,1,13,0
5826427,Can a python script execute a function inside a bash script?,call a function `otherfunc` inside a bash script `test.sh` using subprocess,subprocess.call('test.sh otherfunc'),1093,19,9,55,1,13,0
5838735,Open file in Python,open file `path` with mode 'r',"open(path, 'r')",1094,19,9,47,1,13,0
7568627,Using Python String Formatting with Lists,Unpack each value in list `x` to its placeholder '%' in string '%.2f',""""""", """""".join(['%.2f'] * len(x))",1241,23,8,0,0,13,0
8247792,Python - How to cut a string in Python?,get all characters in string 'foobar' up to the fourth index,"""""""foobar""""""[:4]",1307,24,0,22,0,13,0
9257094,change a string into uppercase,change string `s` to upper case,s.upper(),1401,27,8,0,0,13,0
9336270,Using a Python dict for a SQL INSERT statement,Execute SQL statement `sql` with values of dictionary `myDict` as parameters,"cursor.execute(sql, list(myDict.values()))",1407,27,1,12,0,13,0
9618050,Python regular expression with codons,match regex pattern 'TAA(?:[ATGC]{3})+?TAA' on string `seq`,"re.findall('TAA(?:[ATGC]{3})+?TAA', seq)",1433,28,0,10,0,13,0
10373660,Converting a Pandas GroupBy object to DataFrame,convert a pandas `df1` groupby object to dataframe,"DataFrame({'count': df1.groupby(['Name', 'City']).size()}).reset_index()",1484,29,3,33,0,13,0
10565598,Numpy: How to check if array contains certain numbers?,numpy:  check if array 'a' contains all the numbers in array 'b'.,numpy.array([(x in a) for x in b]),1504,29,6,50,0,13,0
10974932,python split string based on regular expression,split string `str1` on one or more spaces with a regular expression,"re.split(' +', str1)",1537,30,8,0,0,13,0
11391969,How to group pandas DataFrame entries by date in a non-unique column,group dataframe `data` entries by year value of the date in column 'date',data.groupby(data['date'].map(lambda x: x.year)),1572,31,3,8,0,13,0
12182744,python pandas: apply a function with arguments to a series,python pandas: apply a function with arguments to a series,"my_series.apply(your_function, args=(2, 3, 4), extra_kw=1)",1627,33,3,9,0,13,0
13093727,How to replace unicode characters in string with something else python?,replace unicode character '\u2022' in string 'str' with '*',"str.decode('utf-8').replace('\u2022', '*').encode('utf-8')",1701,34,8,0,0,13,0
13237941,sorting list of nested dictionaries in python,sort list of nested dictionaries `yourdata` in reverse order of 'key' and 'subkey',"yourdata.sort(key=lambda e: e['key']['subkey'], reverse=True)",1717,35,1,56,0,13,0
13496087,Python: How to generate a 12-digit random number?,generate a 12-digit random number,"random.randint(100000000000, 999999999999)",1751,36,5,59,0,13,0
20512297,How can I concatenate a Series onto a DataFrame with Pandas?,concatenate a series `students` onto a dataframe `marks` with pandas,"pd.concat([students, pd.DataFrame(marks)], axis=1)",2268,49,3,16,0,13,0
21104592,JSON to pandas DataFrame,read json `elevations` to pandas dataframe `df`,pd.read_json(elevations),2295,50,3,48,0,13,0
29565452,Averaging the values in a dictionary based on the key,get the average of a list values for each key in dictionary `d`),"[(i, sum(j) / len(j)) for i, j in list(d.items())]",2525,56,1,12,0,13,0
30357276,Pandas - FillNa with another column,fill missing value in one column 'Cat1' with the value of another column 'Cat2',df['Cat1'].fillna(df['Cat2']),2548,56,3,40,0,13,0
34776651,Concatenate rows of pandas DataFrame with same id,group rows of pandas dataframe `df` with same 'id',df.groupby('id').agg(lambda x: x.tolist()),2676,59,3,61,0,13,0
35044115,Replacing characters in a regex,replace dot characters  '.' associated with ascii letters in list `s` with space ' ',"[re.sub('(?<!\\d)\\.(?!\\d)', ' ', i) for i in s]",2684,60,8,0,0,13,0
35269374,get count of values associated with key in dict python,get the sum of values associated with the key ‘success’ for a list of dictionaries `s`,sum(d['success'] for d in s),2691,60,1,30,0,13,0
35414625,pandas: how to run a pivot with a multi-index?,run a pivot with a multi-index `year` and `month` in a pandas data frame,"df.pivot_table(values='value', index=['year', 'month'], columns='item')",2693,60,3,37,0,13,0
39719140,Pyhon - Best way to find the 1d center of mass in a binary numpy array,calculate the mean of the nonzero values' indices of dataframe `df`,np.flatnonzero(x).mean(),2773,62,3,9,0,13,0
39998424,How to delete a file without an extension?,delete file `filename`,os.remove(filename),2780,62,9,24,1,13,0
42260840,Python - Remove dictionary from list if key is equal to value,remove dictionary from list `a` if the value associated with its key 'link' is in list `b`,a = [x for x in a if x['link'] not in b],2865,64,1,62,0,13,0
