question_id,intent,rewritten_intent,snippet,idx,time_batch,cluster,gradual_batch,gradual_new,recurring_batch,rec_new
53513,check if a list is empty,check if list `seq` is empty,"if (not seq):
    pass",35,0,7,25,1,58,0
120656,Directory listing,list all files in directory `path`,os.listdir(path),70,0,9,13,1,58,0
583557,What is the best way to print a table with delimiters in Python,print a 2 dimensional list `tab` as a table with delimiters,print('\n'.join('\t'.join(str(col) for col in row) for row in tab)),238,0,7,19,1,58,0
627435,remove an element from a list by index,remove the last element in list `a`,del a[(-1)],250,0,7,34,1,58,0
902408,How to use variables in SQL statement in Python?,"insert variables `(var1, var2, var3)` into sql statement 'INSERT INTO table VALUES (?, ?, ?)'","cursor.execute('INSERT INTO table VALUES (?, ?, ?)', (var1, var2, var3))",355,0,8,0,0,58,0
2150739,ISO Time (ISO 8601) in Python,get UTC datetime in ISO format,datetime.datetime.utcnow().isoformat(),556,5,2,41,0,58,0
2231663,Slicing a list into a list of sub-lists,"slice list `[1, 2, 3, 4, 5, 6, 7]` into lists of two elements each","list(grouper(2, [1, 2, 3, 4, 5, 6, 7]))",578,6,7,56,1,58,0
3518778,read csv into record array in numpy,read csv file 'myfile.csv' into array,"df = pd.read_csv('myfile.csv', sep=',', header=None)",782,11,6,8,0,58,0
4576115,Convert a list to a dictionary in Python,"convert a list 'a' to a dictionary where each even element represents the key to the dictionary, and the following odd element is the value","b = {a[i]: a[i + 1] for i in range(0, len(a), 2)}",948,15,1,8,0,58,0
4642501,How to sort dictionaries by keys in Python,get sorted list of keys of dict `d`,sorted(d),961,15,1,52,0,58,0
5183533,How to make List from Numpy Matrix in Python,Convert array `a` into a list,numpy.array(a).reshape(-1).tolist(),1043,18,6,41,0,58,0
6018916,Find max length of each column in a list of lists,Get the value with the maximum length in each column in array `foo`,[max(len(str(x)) for x in line) for line in zip(*foo)],1118,19,6,52,0,58,0
7794208,How can I remove duplicate words in a string with Python?,Keep only unique words in list of words `words` and join into string,"print(' '.join(sorted(set(words), key=words.index)))",1261,23,0,50,0,58,0
8369219,How do I read a text file into a string variable in Python,read a text file 'very_Important.txt' into a string variable `str`,"str = open('very_Important.txt', 'r').read()",1322,25,9,54,1,58,0
9891814,How to use regex with optional characters in python?,match regex pattern '(\\d+(\\.\\d+)?)' with string '3434.35353',"print(re.match('(\\d+(\\.\\d+)?)', '3434.35353').group(1))",1457,28,0,62,0,58,0
10351772,converting list of string to list of integer,converting list of strings `intstringlist` to list of integer `nums`,nums = [int(x) for x in intstringlist],1481,29,5,44,0,58,0
11403474,Python Regex - Remove special characters but preserve apostraphes,"remove all non -word, -whitespace, or -apostrophe characters from string `doesn't this mean it -technically- works?`","re.sub(""[^\\w' ]"", '', ""doesn't this mean it -technically- works?"")",1576,31,8,0,0,58,0
13223737,how to read a file in other directory in python,open file '5_1.txt' in directory `direct`,"x_file = open(os.path.join(direct, '5_1.txt'), 'r')",1714,35,9,45,1,58,0
13740672,in pandas how can I groupby weekday() for a datetime column?,create a new column `weekday` in pandas data frame `data` based on the values in column `my_dt`,data['weekday'] = data['my_dt'].apply(lambda x: x.weekday()),1773,36,3,27,0,58,0
14734533,How to access pandas groupby dataframe by key,get data of column 'A' and column 'B' in dataframe `df` where column 'A' is equal to 'foo',"df.loc[gb.groups['foo'], ('A', 'B')]",1852,38,3,20,0,58,0
15325182,How to filter rows in pandas by regex,filter rows in pandas starting with alphabet 'f' using regular expression.,df.b.str.contains('^f'),1914,40,3,41,0,58,0
15411107,Delete a dictionary item if the key exists,Delete an item with key `key` from `mydict`,"try:
    del mydict[key]
except KeyError:
    pass
try:
    del mydict[key]
except KeyError:
    pass",1922,40,1,9,0,58,0
17238587,python regular expression to remove repeated words,Remove duplicate words from a string `text` using regex,"text = re.sub('\\b(\\w+)( \\1\\b)+', '\\1', text)",2046,43,0,48,0,58,0
18785032,Replace a substring when it is a separate word,Replace a separate word 'H3' by 'H1' in a string 'text',"re.sub('\\bH3\\b', 'H1', text)",2162,46,8,0,0,58,0
19641579,Python convert tuple to string,"concatenate strings in tuple `('a', 'b', 'c', 'd', 'g', 'x', 'r', 'e')` into a single string",""""""""""""".join(('a', 'b', 'c', 'd', 'g', 'x', 'r', 'e'))",2214,48,8,0,0,58,0
20067636,Pandas dataframe get first row of each group,pandas dataframe get first row of each group by 'id',df.groupby('id').first(),2242,48,3,36,0,58,0
20683167,What's the fastest way to locate a list element within a list in python?,find the index of a list with the first element equal to '332' within the list of lists `thelist`,"[index for index, item in enumerate(thelist) if item[0] == '332']",2276,49,7,28,1,58,0
20865487,Pandas (python) plot() without a legend,plot dataframe `df` without a legend,df.plot(legend=False),2285,49,3,12,0,58,0
21562986,numpy matrix vector multiplication,multiply array `a` and array `b`respective elements then sum each row of the new array,"np.einsum('ji,i->j', a, b)",2311,50,6,32,0,58,0
22365172,Ending with a for loop in python,"Iterate ove list `[1, 2, 3]` using list comprehension","print([item for item in [1, 2, 3]])",2350,51,7,18,1,58,0
23306653,Python Accessing Nested JSON Data,get value of key `post code` associated with first index of key `places` of dictionary `data`,print(data['places'][0]['post code']),2374,52,1,31,0,58,0
25279993,Parsing non-zero padded timestamps in Python,parse string '2015/01/01 12:12am' to DateTime object using format '%Y/%m/%d %I:%M%p',"datetime.strptime('2015/01/01 12:12am', '%Y/%m/%d %I:%M%p')",2419,53,2,45,0,58,0
26640145,Python Pandas: How to get the row names from index of a dataframe?,get the row names from index in a pandas data frame,df.index,2445,53,3,15,0,58,0
27946742,Regular expression in Python sentence extractor,Get all the sentences from a string `text` using regex,"re.split('\\.\\s', text)",2479,54,0,9,0,58,0
31522361,Python: Getting rid of \u200b from a string using regular expressions,replacing  '\u200b' with '*' in a string  using regular expressions,"'used\u200b'.replace('\u200b', '*')",2585,57,8,0,0,58,0
31650399,find all digits between a character in python,find all digits between two characters `\xab` and `\xbb`in a string `text`,"print(re.findall('\\d+', '\n'.join(re.findall('\xab([\\s\\S]*?)\xbb', text))))",2588,57,0,62,0,58,0
33769531,Python: Converting from binary to String,Convert a binary value '1633837924' to string,"struct.pack('<I', 1633837924)",2651,59,5,8,0,58,0
38152389,Coalesce values from 2 columns into a single column in a pandas dataframe,combine values from column 'b' and column 'a' of dataframe `df`  into column 'c' of datafram `df`,"df['c'] = np.where(df['a'].isnull, df['b'], df['a'])",2736,61,3,40,0,58,0
42462530,How to replace the white space in a string in a pandas dataframe?,replace white spaces in dataframe `df` with '_',"df.replace(' ', '_', regex=True)",2874,64,3,63,0,58,0
