question_id,intent,rewritten_intent,snippet,idx,time_batch,cluster,gradual_batch,gradual_new,recurring_batch,rec_new
22676,download a file over HTTP,download a file `url` over HTTP and save to `file_name`,"u = urllib.request.urlopen(url)
f = open(file_name, 'wb')
meta = u.info()
file_size = int(meta.getheaders('Content-Length')[0])
print(('Downloading: %s Bytes: %s' % (file_name, file_size)))
file_size_dl = 0
block_sz = 8192
while True:
    buffer = u.read(block_sz)
    if (not buffer):
        break
    file_size_dl += len(buffer)
    f.write(buffer)
    status = ('%10d  [%3.2f%%]' % (file_size_dl, ((file_size_dl * 100.0) / file_size)))
    status = (status + (chr(8) * (len(status) + 1)))
    print(status, end=' ')
f.close()",18,0,9,53,1,43,0
209513,Convert hex string to int,"Convert hex string ""0xa"" to integer","int('0xa', 16)",92,0,5,35,0,43,0
319426,case insensitive string comparison,case insensitive string comparison between `string1` and `string2`,(string1.lower() == string2.lower()),144,0,0,7,0,43,0
455612,Limiting floats to two decimal points,limit float 13.949999999999999 to two decimal points,float('{0:.2f}'.format(13.95)),206,0,5,21,0,43,0
647515,How can I know python's path under windows?,get the path of Python executable under windows,os.path.dirname(sys.executable),261,0,9,47,1,43,0
716477,join list of lists in python,get each value from a list of lists `a` using itertools,print(list(itertools.chain.from_iterable(a))),296,0,7,20,1,43,0
761804,Trimming a string,"Trimming a string ""          Hello        """,'          Hello        '.strip(),321,0,8,0,0,43,0
817122,Delete digits in Python (Regex),delete digits at the end of string `s`,"re.sub('\\b\\d+\\b', '', s)",333,0,8,0,0,43,0
931092,Reverse a string,Reverse a string `a_string`,"def reversed_string(a_string):
    return a_string[::(-1)]",368,0,8,0,0,43,0
1082413,Sort a list of strings based on regular expression match or something similar,sort list `strings` in alphabetical order based on the letter after percent character `%` in each element,"strings.sort(key=lambda str: re.sub('.*%(.).*', '\\1', str))",413,1,0,62,0,43,0
1547733,How to sort this list in Python?,reverse sort list of dicts `l` by value for key `time`,"l = sorted(l, key=itemgetter('time'), reverse=True)",471,3,1,55,0,43,0
2040038,Sorting datetime objects while ignoring the year?,sort datetime objects `birthdays` by `month` and `day`,"birthdays.sort(key=lambda d: (d.month, d.day))",535,5,2,62,0,43,0
2331943,decode JSON,decode JSON string `u` to a dictionary,json.load(u),587,6,1,54,0,43,0
3685265,How to write a multidimensional array to a text file?,save numpy array `x` into text file 'test.txt',"np.savetxt('test.txt', x)",799,11,6,60,0,43,0
3895874,"Regex to match 'lol' to 'lolllll' and 'omg' to 'omggg', etc",Write a regex statement to match 'lol' to 'lolllll'.,"re.sub('l+', 'l', 'lollll')",835,12,0,57,0,43,0
4135344,generate pdf from markdown file,generate pdf file `output_filename` from markdown file `input_filename`,"with open(input_filename, 'r') as f:
    html_text = markdown(f.read(), output_format='html4')
pdfkit.from_string(html_text, output_filename)",884,13,9,38,1,43,0
4628618,Replace first occurence of string,replace only first occurence of string `TEST` from a string `longlongTESTstringTEST`,"'longlongTESTstringTEST'.replace('TEST', '?', 1)",956,15,0,23,0,43,0
4940032,Search for string in txt file,Search for string `blabla` in txt file 'example.txt',"datafile = file('example.txt')
found = False
for line in datafile:
    if (blabla in line):
        return True
return False",1021,17,0,2,0,43,0
5864485,How can I split this comma-delimited string in Python?,"print a string `s` by splitting with comma `,`","print(s.split(','))",1102,19,8,0,0,43,0
6275762,Escaping quotes in string,escaping quotes in string,"replace('""', '\\""')",1131,20,8,0,0,43,0
6510477,How can i list only the folders in zip archive in Python?,list folders in zip file 'file' that ends with '/',[x for x in file.namelist() if x.endswith('/')],1155,20,9,39,1,43,0
8171751,How do I convert tuple of tuples to list in one line (pythonic)?,"convert tuple of tuples `(('aa',), ('bb',), ('cc',))` to tuple","from functools import reduce
reduce(lambda a, b: a + b, (('aa',), ('bb',), ('cc',)))",1286,24,7,46,1,43,0
8214932,How to check if a value exists in a dictionary (python),check if string `one` exists in the values of dictionary `d`,'one' in list(d.values()),1298,24,1,55,0,43,0
10020591,How to resample a dataframe with different functions applied to each column?,"Resample dataframe `frame` to resolution of 1 hour `1H` for timeseries index, summing values in the column `radiation` averaging those in column `tamb`","frame.resample('1H').agg({'radiation': np.sum, 'tamb': np.mean})",1463,28,3,13,0,43,0
10194713,Sorting a defaultdict by value in python,reverse sort items in default dictionary `cityPopulation` by the third item in each key's list of values,"sorted(iter(cityPopulation.items()), key=lambda k_v: k_v[1][2], reverse=True)",1470,28,1,21,0,43,0
10194713,Sorting a defaultdict by value in python,sorting a defaultdict `d` by value,"sorted(list(d.items()), key=lambda k_v: k_v[1])",1473,29,1,46,0,43,0
10664430,Python convert long to date,Convert long int `myNumber` into date and time represented in the the string format '%Y-%m-%d %H:%M:%S',datetime.datetime.fromtimestamp(myNumber).strftime('%Y-%m-%d %H:%M:%S'),1513,30,2,6,0,43,0
11009155,how to split a string on the first instance of delimiter in python,"split string ""jvm.args= -Dappdynamics.com=true, -Dsomeotherparam=false,"" on the first occurrence of delimiter '='","""""""jvm.args= -Dappdynamics.com=true, -Dsomeotherparam=false,"""""".split('=', 1)",1541,30,8,0,0,43,0
11414596,"dropping a row in pandas with dates indexes, python",return dataframe `df` with last row dropped,df.ix[:-1],1578,31,3,5,0,43,0
11692613,Python - sum values in dictionary,get a sum of all values from key `gold` in a list of dictionary `example_list`,sum([item['gold'] for item in example_list]),1595,32,1,19,0,43,0
14262654,Numpy: Get random set of rows from 2D array,create a new 2 dimensional array containing two random rows from array `A`,"A[(np.random.randint(A.shape[0], size=2)), :]",1817,37,6,32,0,43,0
14299978,How to use lxml to find an element by text?,find the element that holds string 'TEXT A' in file `root`,"e = root.xpath('.//a[text()=""TEXT A""]')",1821,37,0,10,0,43,0
14961014,Removing items from unnamed lists in Python,Remove the string value `item` from a list of strings `my_sequence`,[item for item in my_sequence if item != 'item'],1879,39,8,18,0,43,0
15579649,python dict to numpy structured array,convert dict `result` to numpy structured array,"numpy.array([(key, val) for key, val in result.items()], dtype)",1936,40,6,3,0,43,0
15851568,how to get the last part of a string before a certain character?,Split a string `x` by last occurrence of character `-`,print(x.rpartition('-')[0]),1947,41,8,0,0,43,0
17021863,Re-read an open file Python,Put the curser at beginning of the file,file.seek(0),2016,42,9,30,1,43,0
18551752,Python - split sentence after words but with maximum of n characters in result,split string `text` into chunks of 16 characters each,"re.findall('.{,16}\\b', text)",2142,46,8,0,0,43,0
22799300,How to unpack a Series of tuples in Pandas?,unpack a series of tuples in pandas into a DataFrame with column names 'out-1' and 'out-2',"pd.DataFrame(out.tolist(), columns=['out-1', 'out-2'], index=out.index)",2364,51,3,1,0,43,0
39532974,Remove final characters from string recursively - What's the best way to do this?,remove letters from string `example_line` if the letter exist in list `bad_chars`,""""""""""""".join(dropwhile(lambda x: x in bad_chars, example_line[::-1]))[::-1]",2764,62,8,0,0,43,0
