question_id,intent,rewritten_intent,snippet,idx,time_batch,cluster,gradual_batch,gradual_new,recurring_batch,rec_new
275018,remove (chomp) a newline,remove newline in string 'Unix EOL\n' on the right side,'Unix EOL\n'.rstrip('\r\n'),122,0,8,0,0,32,0
415511,get current time,get current time,datetime.datetime.time(datetime.datetime.now()),188,0,2,4,0,32,0
663171,reversing a string,reverse a string `some_string`,some_string[::(-1)],267,0,8,0,0,32,0
761804,Trimming a string,"Trimming a string ""  Hello\n"" by space",'  Hello\n'.strip(' '),314,0,8,0,0,32,0
861190,Ordering a list of dictionaries in python,"Sort a list of dictionaries `mylist` by keys ""weight"" and ""factor""","mylist.sort(key=operator.itemgetter('weight', 'factor'))",348,0,1,33,0,32,0
961632,Converting integer to string,convert `a` to string,str(a),383,1,8,0,0,32,0
1143379,Removing duplicates from list of lists in Python,remove duplicate elements from list 'L',"list(dict((x[0], x) for x in L).values())",419,2,7,46,1,32,0
3227624,Cross-platform addressing of the config file,get file '~/foo.ini',config_file = os.path.expanduser('~/foo.ini'),720,9,9,50,1,32,0
3704731,Replace non-ascii chars from a unicode string in Python,replace non-ascii chars from a unicode string u'm\xfasica',"unicodedata.normalize('NFKD', 'm\xfasica').encode('ascii', 'ignore')",800,11,8,0,0,32,0
3820312,Python: Write a list of tuples to a file,create a file 'filename' with each tuple in the list `mylist` written to a line,"open('filename', 'w').write('\n'.join('%s %s' % x for x in mylist))",820,12,9,51,1,32,0
3940128,reverse a list,reverse a list `array`,reversed(array),853,13,7,31,1,32,0
4363072,what would be the python code to add time to a specific timestamp?,Parse string '21/11/06 16:30' according to format '%d/%m/%y %H:%M',"datetime.strptime('21/11/06 16:30', '%d/%m/%y %H:%M')",925,15,2,49,0,32,0
4682088,Call Perl script from Python,invoke perl script './uireplace.pl' using perl interpeter '/usr/bin/perl' and send argument `var` to it,"subprocess.call(['/usr/bin/perl', './uireplace.pl', var])",969,16,9,25,1,32,0
6375343,Reading unicode elements into numpy array,load data containing `utf-8` from file `new.txt` into numpy array `arr`,"arr = numpy.fromiter(codecs.open('new.txt', encoding='utf-8'), dtype='<U2')",1138,20,6,3,0,32,0
7287996,Python: Get relative path from comparing two absolute paths,get relative path of path '/usr/var' regarding path '/usr/var/log/',"print(os.path.relpath('/usr/var/log/', '/usr/var'))",1222,22,9,17,1,32,0
7371935,Sort a string in lexicographic order python,sort string `s` in lexicographic order,"sorted(sorted(s), key=str.upper)",1231,22,0,11,0,32,0
8244915,How do you divide each element in a list by an int?,divide each element in list `myList` by integer `myInt`,myList[:] = [(x / myInt) for x in myList],1305,24,7,48,1,32,0
9743134,Python Regex Split Keeps Split Pattern Characters,split a string `Docs/src/Scripts/temp` by `/` keeping `/` in the result,"""""""Docs/src/Scripts/temp"""""".replace('/', '/\x00/').split('\x00')",1442,28,8,0,0,32,0
9755538,How do I create a LIST of unique random numbers?,How do I create a LIST of unique random numbers?,"random.sample(list(range(100)), 10)",1445,28,7,63,1,32,0
10624937,Convert datetime object to a String of date only in Python,format datetime in `dt` as string in format `'%m/%d/%Y`,dt.strftime('%m/%d/%Y'),1511,30,2,3,0,32,0
11300383,How to find the count of a word in a string?,find the count of a word 'Hello' in a string `input_string`,input_string.count('Hello'),1559,31,0,18,0,32,0
13209288,Python split string based on regex,Split string `input` at every space followed by an upper-case letter,"re.split('[ ](?=[A-Z])', input)",1712,35,8,0,0,32,0
13793973,Easiest way to remove unicode representations from a string in python 3?,Print string `t` with proper unicode representations,print(t.decode('unicode_escape')),1777,36,8,0,0,32,0
14931769,get all combination of n binary value,get all combination of 3 binary values,"lst = list(itertools.product([0, 1], repeat=3))",1875,39,7,16,1,32,0
16114333,getting the opposite diagonal of a numpy array,get the opposite diagonal of a numpy array `array`,np.diag(np.rot90(array)),1966,41,6,36,0,32,0
16127862,"in Python, how to convert list of float numbers to string with certain format?",convert list of sublists `lst` of floats to a list of sublists `str_list` of strings of integers in scientific notation with 8 decimal points,str_list = [['{0:.8e}'.format(flt) for flt in sublist] for sublist in lst],1968,41,5,21,0,32,0
17618981,How to sort pandas data frame using values from several columns?,sort pandas data frame `df` using values from columns `c1` and `c2` in ascending order,"df.sort(['c1', 'c2'], ascending=[True, True])",2072,44,3,28,0,32,0
18454570,How can i subtract two strings in python?,"remove substring 'bag,' from a string 'lamp, bag, mirror'","print('lamp, bag, mirror'.replace('bag,', ''))",2131,45,8,0,0,32,0
21887754,numpy concatenate two arrays vertically,numpy concatenate two arrays `a` and `b` along the second axis,"print(concatenate((a, b), axis=1))",2333,51,6,23,0,32,0
24082784,pandas dataframe groupby datetime month,Group a pandas data frame by monthly frequenct `M` using groupby,df.groupby(pd.TimeGrouper(freq='M')),2400,52,3,35,0,32,0
24642040,Using Python Requests to send file and JSON in single request,send multipart encoded file `files` to url `url` with headers `headers` and metadata `data`,"r = requests.post(url, files=files, headers=headers, data=data)",2407,53,9,58,1,32,0
26155985,Is there a way to refer to the entire matched expression in re.sub without the use of a group?,place '\' infront of each non-letter char in string `line`,"print(re.sub('[_%^$]', '\\\\\\g<0>', line))",2439,53,8,0,0,32,0
27896214,"Reading tab-delimited file with Pandas - works on Windows, but not on Mac",reading tab-delimited csv file `filename` with pandas on mac,"pandas.read_csv(filename, sep='\t', lineterminator='\r')",2476,54,3,59,0,32,0
31958637,BeautifulSoup - search by text inside a tag,BeautifulSoup search string 'Elsie' inside tag 'a',"soup.find_all('a', string='Elsie')",2612,58,0,22,0,32,0
35561743,python comprehension loop for dictionary,count `True` values associated with key 'one' in dictionary `tadas`,sum(item['one'] for item in list(tadas.values())),2696,60,1,22,0,32,0
37125495,How to get the N maximum values per row in a numpy ndarray?,get the maximum 2 values per row in array `A`,"A[:, -2:]",2723,61,6,28,0,32,0
39602824,pandas: replace string with another string,Replace each value in column 'prod_type' of dataframe `df` with string 'responsive',df['prod_type'] = 'responsive',2768,62,3,58,0,32,0
40498088,"List comprehension - converting strings in one list, to integers in another",get list of sums of neighboring integers in string `example`,"[sum(map(int, s)) for s in example.split()]",2802,63,7,54,1,32,0
42142756,How can I change a specific row label in a Pandas dataframe?,rename `last` row index label in dataframe `df` to `a`,df = df.rename(index={last: 'a'}),2860,64,3,6,0,32,0
