question_id,intent,rewritten_intent,snippet,idx,time_batch,cluster,gradual_batch,gradual_new,recurring_batch,rec_new
22676,download a file over HTTP,download a file `url` over HTTP,r = requests.get(url),20,0,9,55,1,64,0
42950,Get Last Day of the Month,Get Last Day of the first month in year 2000,"(datetime.date(2000, 2, 1) - datetime.timedelta(days=1))",26,0,2,40,0,64,0
89228,Calling an external command,"Calling an external command ""some_command with args""",stream = os.popen('some_command with args'),61,0,9,12,1,64,0
356483,Python regex findall numbers and dots,python regex  to find all numbers and dots from 'text',"re.findall('Test([\\d.]*\\d+)', text)",153,0,0,25,0,64,0
1747817,Create a dictionary with list comprehension,Create a dictionary `d` from list `iterable`,"d = {key: value for (key, value) in iterable}",497,4,1,4,0,64,0
2212433,Counting the Number of keywords in a dictionary in python,get number of keys in dictionary `yourdict`,len(list(yourdict.keys())),572,5,1,44,0,64,0
2755950,How to use regular expression in lxml xpath?,Get all `a` tags where the text starts with value `some text` using regex,"doc.xpath(""//a[starts-with(text(),'some text')]"")",650,7,0,61,0,64,0
3294889,Iterating over dictionaries using for loops,Iterating key and items over dictionary `d`,"for (letter, number) in list(d.items()):
    pass",735,10,1,56,0,64,0
3457673,"Elegant way to create a dictionary of pairs, from a list of tuples?",create a dictionary of pairs from a list of tuples `myListOfTuples`,dict(x[1:] for x in reversed(myListOfTuples)),767,10,1,15,0,64,0
4357787,python reverse tokens in a string,"Reverse the order of words, delimited by `.`, in string `s`","""""""."""""".join(s.split('.')[::-1])",922,14,8,0,0,64,0
4484690,How to filter a dictionary in Python?,Filter a dictionary `d` to remove keys with value None and replace other values with 'updated',"dict((k, 'updated') for k, v in d.items() if v is None)",939,15,1,3,0,64,0
4588628,Find indices of elements equal to zero from numpy array,Find indices of elements equal to zero from numpy array `x`,numpy.where((x == 0))[0],952,15,6,51,0,64,0
5245058,Python: Filter lines from a text file which contain a particular word,filter lines from a text file 'textfile' which contain a word 'apple',[line for line in open('textfile') if 'apple' in line],1049,18,0,10,0,64,0
7555335,How to convert a string from CP-1251 to UTF-8?,How to convert a string from CP-1251 to UTF-8?,d.decode('cp1251').encode('utf8'),1240,23,8,0,0,64,0
8916302,selecting across multiple columns with python pandas?,select all rows from pandas DataFrame 'df' where the value in column 'A' is greater than 1 or less than -1 in column 'B'.,df[(df['A'] > 1) | (df['B'] < -1)],1372,26,3,60,0,64,0
9573244,Most elegant way to check if the string is empty,check if string `my_string` is empty,"if (not my_string):
    pass",1428,27,0,5,0,64,0
12280143,How to move to one folder back in python,Change the current directory one level up,os.chdir('..'),1633,33,9,64,1,64,0
12492137,Python sum of ASCII values of all characters in a string,python sum of ascii values of all characters in a string `string`,"sum(map(ord, string))",1652,33,8,0,0,64,0
12604909,Pandas: how to change all the values of a column?,"pandas: change all the values of a column 'Date' into ""int(str(x)[-4:])""",df['Date'] = df['Date'].apply(lambda x: int(str(x)[-4:])),1661,33,3,45,0,64,0
13905936,converting integer to list in python,converting integer `num` to list,[int(x) for x in str(num)],1790,37,5,34,0,64,0
14358567,Finding consecutive segments in a pandas data frame,find consecutive segments from a column 'A' in a pandas data frame 'df',df.reset_index().groupby('A')['index'].apply(np.array),1826,38,3,9,0,64,0
14950260,Convert unicode string dictionary into dictionary in python,"convert unicode string u""{'code1':1,'code2':1}"" into dictionary","d = ast.literal_eval(""{'code1':1,'code2':1}"")",1877,39,1,58,0,64,0
15455388,Dict of dicts of dicts to DataFrame,Create a pandas dataframe of values from a dictionary `d` which contains dictionaries of dictionaries,"pd.concat(map(pd.DataFrame, iter(d.values())), keys=list(d.keys())).stack().unstack(0)",1926,40,1,38,0,64,0
17141558,How to sort a dataFrame in python pandas by two or more columns?,"sort a pandas data frame by column `a` in ascending, and by column `b` in descending order","df.sort(['a', 'b'], ascending=[True, False])",2037,43,3,8,0,64,0
17407691,Python regex to match multiple times,Get multiple matched strings using regex pattern `(?:review: )?(http://url.com/(\\d+))\\s?`,"pattern = re.compile('(?:review: )?(http://url.com/(\\d+))\\s?', re.IGNORECASE)",2054,43,0,3,0,64,0
17438906,Combining rows in pandas,combining rows in pandas by adding their values,df.groupby(df.index).sum(),2058,44,3,5,0,64,0
18723580,"python: rstrip one exact string, respecting order",strip the string `.txt` from anywhere in the string `Boat.txt.txt`,"""""""Boat.txt.txt"""""".replace('.txt', '')",2158,46,8,0,0,64,0
18990069,how to get tuples from lists using list comprehension in python,create tuples containing elements that are at the same index of list `lst` and list `lst2`,"[(i, j) for i, j in zip(lst, lst2)]",2173,47,7,19,1,64,0
19121722,Build Dictionary in Python Loop - List and Dictionary Comprehensions,build dictionary with keys of dictionary `_container` as keys and values of returned value of function `_value` with correlating key as parameter,{_key: _value(_key) for _key in _container},2182,47,1,28,0,64,0
20056548,printing double quotes around a variable,Print a string `word` with string format,"print('""{}""'.format(word))",2239,48,8,0,0,64,0
20546419,Shuffle columns of an array with Numpy,shuffle columns of an numpy array 'r',np.random.shuffle(np.transpose(r)),2269,49,6,39,0,64,0
20573459,Getting the date of 7 days ago from current date in python,get the date 7 days before the current date,(datetime.datetime.now() - datetime.timedelta(days=7)).date(),2270,49,2,26,0,64,0
23354124,"How can I ""unpivot"" specific columns from a pandas DataFrame?",unpivot first 2 columns into new columns 'year' and 'value' from a pandas dataframe `x`,"pd.melt(x, id_vars=['farm', 'fruit'], var_name='year', value_name='value')",2377,52,3,5,0,64,0
24841306,Python - Sum 4D Array,get a sum of 4d array `M`,M.sum(axis=0).sum(axis=0),2411,53,6,33,0,64,0
28134319,Fastest way to remove first and last lines from a Python string,remove first and last lines of string `s`,s[s.find('\n') + 1:s.rfind('\n')],2482,54,8,0,0,64,0
29903025,Count most frequent 100 words from sentences in Dataframe Pandas,count most frequent 100 words in column 'text' of dataframe `df`,Counter(' '.join(df['text']).split()).most_common(100),2536,56,3,41,0,64,0
31818050,round number to nearest integer,round number 3.0005 up to 3 decimal places,"round(3.0005, 3)",2607,58,5,42,0,64,0
34148637,Sorting JSON in python by a specific value,sort json `ips_data` by a key 'data_two',"sorted_list_of_keyvalues = sorted(list(ips_data.items()), key=item[1]['data_two'])",2656,59,1,26,0,64,0
37855490,adding new key inside a new key and assigning value in python dictionary,add dictionary `{'class': {'section': 5}}` to key 'Test' of dictionary `dic`,dic['Test'].update({'class': {'section': 5}}),2728,61,1,38,0,64,0
