question_id,intent,rewritten_intent,snippet,idx,time_batch,cluster,gradual_batch,gradual_new,recurring_batch,rec_new
53513,check if a list is empty,check if list `li` is empty,"if (len(li) == 0):
    pass",36,0,7,26,1,14,0
275018,remove (chomp) a newline,remove newline in string `s` on the right side,s.rstrip(),123,0,8,0,0,14,0
415511,get current time,get current time in pretty format,"strftime('%Y-%m-%d %H:%M:%S', gmtime())",185,0,2,34,0,14,0
698223,How can I parse a time string containing milliseconds in it with python?,How can I parse a time string containing milliseconds in it with python?,"time.strptime('30/03/09 16:31:32.123', '%d/%m/%y %H:%M:%S.%f')",291,0,2,62,0,14,0
961632,Converting integer to string,convert `i` to string,str(i),385,1,8,0,0,14,0
973473,Getting a list of all subdirectories in the current directory,get a list of all subdirectories in the directory `directory`,[x[0] for x in os.walk(directory)],389,1,9,30,1,14,0
1094717,Convert a string to integer with decimal in Python,convert a string `s` containing a decimal to an integer,int(Decimal(s)),416,1,5,54,0,14,0
1207457,Convert a Unicode string to a string,Convert a Unicode string `title` to a 'ascii' string,"unicodedata.normalize('NFKD', title).encode('ascii', 'ignore')",430,2,8,0,0,14,0
1883604,Reading utf-8 characters from a gzip file in python,Open gzip-compressed file encoded as utf-8 'file.gz' in text mode,"gzip.open('file.gz', 'rt', encoding='utf-8')",517,4,9,35,1,14,0
2354166,How do you modify sys.path in Google App Engine (Python)?,Insert directory 'apps' into directory `__file__`,"sys.path.insert(1, os.path.join(os.path.dirname(__file__), 'apps'))",591,6,9,45,1,14,0
2354166,How do you modify sys.path in Google App Engine (Python)?,modify sys.path for python module `subdir`,"sys.path.append(os.path.join(os.path.dirname(__file__), 'subdir'))",592,6,9,38,1,14,0
2556108,rreplace - How to replace the last occurence of an expression in a string?,replace the last occurence of an expression '</div>' with '</bad>' in a string `s`,"re.sub('(.*)</div>', '\\1</bad>', s)",616,7,8,0,0,14,0
3278850,"Doc, rtf and txt reader in python",read the contents of the file 'file.txt' into `txt`,txt = open('file.txt').read(),732,10,9,26,1,14,0
4060221,How to reliably open a file in the same directory as a Python script,open a file 'bundled-resource.jpg' in the same directory as a python script,"f = open(os.path.join(__location__, 'bundled-resource.jpg'))",874,13,9,47,1,14,0
4296249,How do I convert a hex triplet to an RGB tuple and back?,convert hex triplet string `rgbstr` to rgb tuple,"struct.unpack('BBB', rgbstr.decode('hex'))",912,14,5,6,0,14,0
4706499,append to a file,append to file 'test1' content 'koko',"with open('test1', 'ab') as f:
    pass",979,16,9,19,1,14,0
5137497,Find current directory,Find name of current directory,dir_path = os.path.dirname(os.path.realpath(__file__)),1036,17,9,44,1,14,0
5399112,How do I url encode in Python?,replace special characters in url 'http://spam.com/go/' using the '%xx' escape,urllib.parse.quote('http://spam.com/go/'),1065,18,8,0,0,14,0
5404665,Accessing elements of python dictionary,access value associated with key 'American' of key 'Apple' from dictionary `dict`,dict['Apple']['American'],1067,18,1,46,0,14,0
5618878,convert list to string,concatenating values in `list1` to a string,str1 = ''.join(list1),1081,19,7,40,1,14,0
7961363,Removing duplicates in lists,Removing duplicates in list `abracadabra`,list(OrderedDict.fromkeys('abracadabra')),1272,23,7,34,1,14,0
8687018,Python string replace two things at once?,replace each 'a' with 'b' and each 'b' with 'a' in the string 'obama' in a single pass.,"""""""obama"""""".replace('a', '%temp%').replace('b', 'a').replace('%temp%', 'b')",1348,25,8,0,0,14,0
9040939,How to find all possible sequences of elements in a list?,"find all possible sequences of elements in a list `[2, 3, 4]`","map(list, permutations([2, 3, 4]))",1385,26,7,35,1,14,0
11339210,How to get integer values from a string in Python?,get multiple integer values from a string 'string1',"map(int, re.findall('\\d+', string1))",1564,31,5,41,0,14,0
11816315,How to rename all folders?,rename file `dir` to `dir` + '!',"os.rename(dir, dir + '!')",1608,32,9,26,1,14,0
13324554,Python: Want to use a string as a slice specifier,create a slice object using string `string_slice`,slice(*[(int(i.strip()) if i else None) for i in string_slice.split(':')]),1729,35,8,0,0,14,0
13411544,Delete column from pandas DataFrame,"delete 1st, 2nd and 4th columns from dataframe `df`","df.drop(df.columns[[0, 1, 3]], axis=1)",1742,35,3,31,0,14,0
13840379,How can I multiply all items in a list together with Python?,"multiply all items in a list `[1, 2, 3, 4, 5, 6]` together","from functools import reduce
reduce(lambda x, y: x * y, [1, 2, 3, 4, 5, 6])",1781,36,7,37,1,14,0
14111705,Displaying a grayscale Image,display a grayscale image from array of pixels `imageArray`,"imshow(imageArray, cmap='Greys_r')",1806,37,6,23,0,14,0
14766194,testing whether a Numpy array contains a given row,"Check whether a numpy array `a` contains a given row `[1, 2]`","any(np.equal(a, [1, 2]).all(1))",1864,39,6,62,0,14,0
17608210,sorting a list in python,Sort a list of strings 'words' such that items starting with 's' come first.,"sorted(words, key=lambda x: 'a' + x if x.startswith('s') else 'b' + x)",2071,44,7,26,1,14,0
18391059,python - How to format variable number of arguments into a string?,how to format a list of arguments `my_args` into a string,"'Hello %s' % ', '.join(my_args)",2126,45,8,0,0,14,0
20585920,How to add multiple values to a dictionary key in python?,"for a dictionary `a`, set default value for key `somekey` as list and append value `bob`  in that key","a.setdefault('somekey', []).append('bob')",2272,49,1,37,0,14,0
26367812,Appending to list in Python dictionary,"append `date` to list value of `key` in dictionary `dates_dict`, or create key `key` with value `date` in a list if it does not exist","dates_dict.setdefault(key, []).append(date)",2441,53,1,14,0,14,0
27868020,How to subset a data frame using Pandas based on a group criteria?,select records of dataframe `df` where the sum of column 'X' for each value in column 'User' is 0,df.groupby('User')['X'].filter(lambda x: x.sum() == 0),2473,54,3,2,0,14,0
30693804,Python: trying to lower a string and remove non-alphanumeric characters aside from space,remove all non-alphanumeric characters except space from a string `text` and lower it,"re.sub('(?!\\s)[\\W_]', '', text).lower().strip()",2561,56,8,0,0,14,0
30747705,Parsing string containing Unicode character names,Produce a string that is suitable as Unicode literal from string 'M\\N{AMPERSAND}M\\N{APOSTROPHE}s','M\\N{AMPERSAND}M\\N{APOSTROPHE}s'.encode().decode('unicode-escape'),2563,57,8,0,0,14,0
34015615,Python reversing an UTF-8 string,reverse a UTF-8 string 'a',b = a.decode('utf8')[::-1].encode('utf8'),2653,59,8,0,0,14,0
40144769,How to select the last column of dataframe,select the last column of dataframe `df`,df[df.columns[-1]],2787,62,3,1,0,14,0
