question_id,intent,rewritten_intent,snippet,idx,time_batch,cluster,gradual_batch,gradual_new,recurring_batch,rec_new
82831,check whether a file exists,check whether a file `fname` exists,os.path.isfile(fname),48,0,9,63,1,3,0
187455,Counting array elements in Python,count the number of elements in array `myArray`,len(myArray),85,0,6,59,0,3,0
379906,Parse String to Float or Int,parse string `a` to float,float(a),172,0,5,11,0,3,0
2225564,Get a filtered list of files in a directory,create a list `files` containing all files in directory '.' that starts with numbers between 0 and 9 and ends with the extension '.jpg',"files = [f for f in os.listdir('.') if re.match('[0-9]+.*\\.jpg', f)]",574,6,9,58,1,3,0
2655956,filtering elements from list of lists in Python?,create a list containing elements of list `a` if the sum of the element is greater than 10,[item for item in a if sum(item) > 10],642,7,7,49,1,3,0
2742784,Python: How to round 123 to 100 instead of 100.0?,round 123 to 100,"int(round(123, -2))",648,7,5,5,0,3,0
2984751,Django filter by hour,django filter by hour,Entry.objects.filter(pub_date__contains='08:00'),690,8,2,20,0,3,0
3431825,Generating an MD5 checksum of a file,Generate MD5 checksum of file in the path `full_path` in hashlib,"print(hashlib.md5(open(full_path, 'rb').read()).hexdigest())",762,10,9,62,1,3,0
3486384,Output first 100 characters in a string,output first 100 characters in a string `my_string`,print(my_string[0:100]),774,11,8,0,0,3,0
3501382,Checking whether a variable is an integer,check if `x` is an integer,"isinstance(x, int)",778,11,5,58,0,3,0
3608411,Python: How can I find all files with a particular extension?,find all files with extension '.c' in directory `folder`,results += [each for each in os.listdir(folder) if each.endswith('.c')],795,11,9,25,1,3,0
3662142,How to remove tags from a string in python using regular expressions? (NOT in HTML),remove tags from a string `mystring`,"re.sub('<[^>]*>', '', mystring)",796,11,8,0,0,3,0
4843173,How to check if type of a variable is string?,check if type of a variable `s` is string,"isinstance(s, str)",1000,16,0,24,0,3,0
6323296,Python remove anything that is not a letter or number,replace everything that is not an alphabet or a digit with '' in 's'.,"re.sub('[\\W_]+', '', s)",1136,20,8,0,0,3,0
6900955,python convert list to dictionary,"build a dictionary containing the conversion of each list in list `[['two', 2], ['one', 1]]` to a key/value pair as its items","dict([['two', 2], ['one', 1]])",1186,21,1,60,0,3,0
9590965,Convert an IP string to a number and vice versa,convert a number 2130706433 to ip string,"socket.inet_ntoa(struct.pack('!L', 2130706433))",1431,27,5,21,0,3,0
10115967,What's the most memory efficient way to generate the combinations of a set in python?,"generate the combinations of 3 from a set `{1, 2, 3, 4}`","print(list(itertools.combinations({1, 2, 3, 4}, 3)))",1468,28,7,38,1,3,0
10541640,Convert date format python,Represent DateTime object '10/05/2012' with format '%d/%m/%Y' into format '%Y-%m-%d',"datetime.datetime.strptime('10/05/2012', '%d/%m/%Y').strftime('%Y-%m-%d')",1498,29,2,37,0,3,0
11764260,How to find the minimum value in a numpy matrix?,find the minimum value in a numpy array `arr` excluding 0,arr[arr != 0].min(),1603,32,6,34,0,3,0
13163145,Multiplying Rows and Columns of Python Sparse Matrix by elements in an Array,multiply the columns of sparse matrix `m` by array `a` then multiply the rows of the resulting matrix by array `a`,"numpy.dot(numpy.dot(a, m), a)",1709,35,6,30,0,3,0
13902805,List of all unique characters in a string?,get list of all unique characters in a string 'aaabcabccd',list(set('aaabcabccd')),1787,37,0,13,0,3,0
14507794,Python Pandas - How to flatten a hierarchical index in columns,Collapse hierarchical column index to level 0 in dataframe `df`,df.columns = df.columns.get_level_values(0),1837,38,3,9,0,3,0
15390374,Python 3: How do I get a string literal representation of a byte string?,get a utf-8 string literal representation of byte string `x`,"""""""x = {}"""""".format(x.decode('utf8')).encode('utf8')",1918,40,8,0,0,3,0
18524642,Convert list of lists to list of integers,combine elements of each list in list `L` into digits of a single integer,[''.join(str(d) for d in x) for x in L],2139,46,7,37,1,3,0
18897261,pandas plot dataframe barplot with colors by category,make a barplot of data in column `group` of dataframe `df` colour-coded according to list `color`,"df['group'].plot(kind='bar', color=['r', 'g', 'b', 'r', 'g', 'b', 'r'])",2169,46,3,60,0,3,0
20735384,Regex Python adding characters after a certain word,add character '@' after word 'get' in string `text`,"text = re.sub('(\\bget\\b)', '\\1@', text)",2278,49,8,0,0,3,0
20796355,change current working directory in python,change current working directory,os.chdir('.\\chapter3'),2281,49,9,27,1,3,0
21822054,How to force os.system() to use bash instead of shell,Run a command `echo hello world` in bash instead of shell,"os.system('/bin/bash -c ""echo hello world""')",2328,50,9,37,1,3,0
22712292,How to use `numpy.savez` in a loop for save more than one array?,"Save array at index 0, index 1 and index 8 of array `np` to tmp file `tmp`","np.savez(tmp, *[getarray[0], getarray[1], getarray[8]])",2360,51,6,36,0,3,0
27975069,How to filter rows containing a string pattern from a Pandas dataframe,filter rows containing key word `ball` in column `ids`,df[df['ids'].str.contains('ball')],2481,54,0,36,0,3,0
28773683,Combine two Pandas dataframes with the same index,Combine two Pandas dataframes with the same index,"pandas.concat([df1, df2], axis=1)",2501,55,3,52,0,3,0
31371879,Split by suffix with Python regular expression,split string `s` by words that ends with 'd',"re.findall('\\b(\\w+)d\\b', s)",2580,57,8,0,0,3,0
31818050,round number to nearest integer,round number 1.0005 up to 3 decimal places,"round(1.0005, 3)",2599,57,5,33,0,3,0
34696853,Convert list of strings to int,convert strings in list-of-lists `lst` to ints,[[int(x) for x in sublist] for sublist in lst],2673,59,7,27,1,3,0
37878946,Indexing one array by another in numpy,create a NumPy array containing elements of array `A` as pointed to by index in array `B`,"A[np.arange(A.shape[0])[:, (None)], B]",2729,61,6,28,0,3,0
38379453,How to read only part of a list of strings in python,get a list of substrings consisting of the first 5 characters of every string in list `buckets`,[s[:5] for s in buckets],2741,61,0,14,0,3,0
39821166,How to reverse the elements in a sublist?,"given list `to_reverse`, reverse the all sublists and the list itself",[sublist[::-1] for sublist in to_reverse[::-1]],2776,62,7,24,1,3,0
41067960,How to convert a list of multiple integers into a single integer?,Concatenate elements of a list 'x' of multiple integers to a single integer,"sum(d * 10 ** i for i, d in enumerate(x[::-1]))",2823,63,7,49,1,3,0
41133414,Strip random characters from url,"strip everything up to and including the character `&` from url `url`, strip the character `=` from the remaining string and concatenate `.html` to the end","url.split('&')[-1].replace('=', '') + '.html'",2827,63,8,0,0,3,0
