question_id,intent,rewritten_intent,snippet,idx,time_batch,cluster,gradual_batch,gradual_new,recurring_batch,rec_new
455612,Limiting floats to two decimal points,print float `a` with two decimal points,print(('%.2f' % a)),204,0,5,6,0,36,0
509742,Change directory to the directory of a Python script,change directory to the directory of a python script,os.chdir(os.path.dirname(__file__)),213,0,9,26,1,36,0
663171,substring a string,select a substring of `s` beginning at `beginning` of length `LENGTH`,s = s[beginning:(beginning + LENGTH)],268,0,0,36,0,36,0
674764,string find,find the index of sub string 's' in string `str` starting from index 11 and ending at index 14,"str.find('s', 11, 14)",282,0,0,14,0,36,0
2597166,Make dictionary from list with python,create a dictionary by adding each two adjacent elements in tuple `x` as key/value pair to it,"dict(x[i:i + 2] for i in range(0, len(x), 2))",623,7,1,4,0,36,0
2721782,How to convert a Date string to a DateTime object?,convert a date string `s` to a datetime object,"datetime.datetime.strptime(s, '%Y-%m-%dT%H:%M:%SZ')",647,7,2,17,0,36,0
3207219,list all files of a directory,list all files of a directory `mypath`,"f = []
for (dirpath, dirnames, filenames) in walk(mypath):
    f.extend(filenames)
    break",715,9,9,38,1,36,0
3294889,Iterating over dictionaries using for loops,Iterating key and items over dictionary `d`,"for (k, v) in list(d.items()):
    pass",737,10,1,4,0,36,0
3320406,How to check if a path is absolute path or relative path in cross platform way with Python?,check if path `my_path` is an absolute path,os.path.isabs(my_path),746,10,9,32,1,36,0
3494906,How do I merge a list of dicts into a single dict?,merge a list of dictionaries in list `L` into a single dict,"{k: v for d in L for k, v in list(d.items())}",777,11,1,8,0,36,0
3940128,reverse a list,reverse a list `L`,L[::(-1)],852,13,7,24,1,36,0
3984539,Python: use regular expression to remove the white space from all lines,remove white spaces from all the lines using a regular expression in string 'a\n b\n c',"re.sub('(?m)^\\s+', '', 'a\n b\n c')",862,13,8,0,0,36,0
4301069,Any way to properly pretty-print ordered dictionaries in Python?,pretty-print ordered dictionary `o`,pprint(dict(list(o.items()))),914,14,1,8,0,36,0
4800419,Sorting or Finding Max Value by the second element in a nested list. Python,Find the list in a list of lists `alkaline_earth_values` with the max value of the second element.,"max(alkaline_earth_values, key=lambda x: x[1])",990,16,7,21,1,36,0
5871168,How can I subtract or add 100 years to a datetime field in the database in Django?,Update datetime field in `MyModel` to be the existing `timestamp` plus 100 years,MyModel.objects.update(timestamp=F('timestamp') + timedelta(days=36524.25)),1105,19,2,24,0,36,0
6280978,how to uniqify a list of dict in python,how to uniqify a list of dict in python,[dict(y) for y in set(tuple(x.items()) for x in d)],1133,20,1,39,0,36,0
6429638,How to split a string into integers in Python?,split a string `42 0` by white spaces.,"""""""42 0"""""".split()",1149,20,8,0,0,36,0
6714826,How can I determine the byte length of a utf-8 encoded string in Python?,Determine the byte length of a utf-8 encoded string `s`,return len(s.encode('utf-8')),1173,21,8,0,0,36,0
8970524,Python regex search AND split,regex search and split string 'aaa bbb ccc ddd eee fff' by delimiter '(d(d)d)',"re.split('(d(d)d)', 'aaa bbb ccc ddd eee fff', 1)",1378,26,0,11,0,36,0
11174790,Convert unicode string to byte string,convert unicode string '\xd0\xbc\xd0\xb0\xd1\x80\xd0\xba\xd0\xb0' to byte string,'\xd0\xbc\xd0\xb0\xd1\x80\xd0\xba\xd0\xb0'.encode('latin-1'),1550,31,8,0,0,36,0
11479392,What does a for loop within a list do in Python?,Get a list `myList` from 1 to 10,myList = [i for i in range(10)],1581,31,7,59,1,36,0
14401047,Numpy - Averaging multiple columns of a 2D array,average each two columns of array `data`,"data.reshape(-1, j).mean(axis=1).reshape(data.shape[0], -1)",1827,38,6,6,0,36,0
15043326,getting string between 2 characters in python,getting the string between 2 '$' characters in '$sin (x)$ is an function of x',"re.findall('\\$(.*?)\\$', '$sin (x)$ is an function of x')",1886,39,8,0,0,36,0
15158599,Removing entries from a dictionary based on values,remove false entries from a dictionary `hand`,"{k: v for k, v in list(hand.items()) if v}",1898,39,1,41,0,36,0
16196712,wait for shell command to complete,wait for shell command `p` evoked by  subprocess.Popen to complete,p.wait(),1976,41,9,42,1,36,0
18649884,Python list comprehension for loops,Get a list from two strings `12345` and `ab` with values as each character concatenated,[(x + y) for x in '12345' for y in 'ab'],2148,46,8,0,0,36,0
19334374,Python - converting a string of numbers into a list of int,Convert a string of numbers 'example_string' separated by comma into a list of numbers,"[int(s) for s in example_string.split(',')]",2191,47,5,10,0,36,0
19819863,Converting hex to int in python,convert hex '\xff' to integer,ord('\xff'),2227,48,5,42,0,36,0
21771133,finding non-numeric rows in dataframe in pandas?,replace values of dataframe `df` with True if numeric,"df.applymap(lambda x: isinstance(x, (int, float)))",2316,50,3,20,0,36,0
21787496,converting epoch time with milliseconds to datetime,convert epoch time represented as milliseconds `s` to string using format '%Y-%m-%d %H:%M:%S.%f',datetime.datetime.fromtimestamp(s).strftime('%Y-%m-%d %H:%M:%S.%f'),2318,50,2,38,0,36,0
24958010,get key by value in dictionary with same value in python?,get keys with same value in dictionary `d`,"print([key for key, value in d.items() if value == 1])",2413,53,1,46,0,36,0
25991612,Python / Remove special character from string,Python / Remove special character from string,"re.sub('[^a-zA-Z0-9-_*.]', '', my_string)",2433,53,8,0,0,36,0
27587127,How to convert datetime.date.today() to UTC time?,return a DateTime object with the current UTC date,today = datetime.datetime.utcnow().date(),2465,54,2,19,0,36,0
29360607,How does this function to remove duplicate characters from a string in python work?,create a set from string `s` to remove duplicate characters,print(' '.join(set(s))),2512,55,8,0,0,36,0
30026815,Add Multiple Columns to Pandas Dataframe from Function,"add multiple columns `hour`, `weekday`, `weeknum` to pandas data frame `df` from lambda function `lambdafunc`","df[['hour', 'weekday', 'weeknum']] = df.apply(lambdafunc, axis=1)",2541,56,3,40,0,36,0
31143732,How to create range of numbers in Python like in MATLAB,Create numpy array of `5` numbers starting from `1` with interval of `3`,"print(np.linspace(1, 3, num=5))",2573,57,6,19,0,36,0
31767173,How do I vectorize this loop in numpy?,find the index of the maximum value in the array `arr` where the boolean condition in array `cond` is true,"np.ma.array(np.tile(arr, 2).reshape(2, 3), mask=~cond).argmax(axis=1)",2593,57,6,33,0,36,0
38147259,How to work with surrogate pairs in Python?,Print a emoji from a string `\\ud83d\\ude4f` having surrogate pairs,"""""""\\ud83d\\ude4f"""""".encode('utf-16', 'surrogatepass').decode('utf-16')",2732,61,8,0,0,36,0
40384599,Sorting a list of tuples by the addition of second and third element of the tuple,sort a list of tuples `a` by the sum of second and third element of each tuple,"sorted(a, key=lambda x: (sum(x[1:3]), x[0]), reverse=True)",2798,63,7,55,1,36,0
