question_id,intent,rewritten_intent,snippet,idx,time_batch,cluster,gradual_batch,gradual_new,recurring_batch,rec_new
209840,Map two lists into a dictionary in Python,map two lists `keys` and `values` into a dictionary,"dict([(k, v) for k, v in zip(keys, values)])",94,0,1,4,0,22,0
227459,"get the <a href=""http://en.wikipedia.org/wiki/ASCII"" rel=""nofollow noreferrer"">ASCII</a> value of a character as an int",get the ASCII value of a character as an int,ord(),97,0,5,42,0,22,0
303200,How do I remove/delete a folder that is not empty with Python?,remove directory tree '/folder_name',shutil.rmtree('/folder_name'),135,0,9,64,1,22,0
1602934,Check if a given key already exists in a dictionary,Check if a given key 'key1' exists in dictionary `dict`,"if ('key1' in dict):
    pass",480,3,1,29,0,22,0
1800187,replace values in an array,replace NaN values in array `a` with zeros,"b = np.where(np.isnan(a), 0, a)",506,4,6,47,0,22,0
1823058,print number with commas as thousands separators,print number 1255000 as thousands separators,"locale.setlocale(locale.LC_ALL, 'en_US')
locale.format('%d', 1255000, grouping=True)",512,4,5,4,0,22,0
2077897,Substitute multiple whitespace with single whitespace in Python,substitute multiple whitespace with single whitespace in string `mystring`,""""""" """""".join(mystring.split())",549,5,8,0,0,22,0
2424412,What is the easiest way to convert list with str into list with int?,convert list of strings `str_list` into list of integers,[int(i) for i in str_list],604,6,5,11,0,22,0
3262437,Finding missing values in a numpy array,get the non-masked values of array `m`,m[~m.mask],724,9,6,7,0,22,0
3505831,in python how do I convert a single digit number into a double digits string?,pads string '5' on the left with 1 zero,print('{0}'.format('5'.zfill(2))),780,11,5,11,0,22,0
3718657,How to properly determine current script directory in Python?,get current script directory,os.path.dirname(os.path.abspath(__file__)),801,11,9,56,1,22,0
3809265,numpy matrix multiplication,scalar multiply matrix `a` by `b`,(a.T * b).T,818,12,6,11,0,22,0
4481724,Convert a list of characters into a string,"convert a list of characters `['a', 'b', 'c', 'd']` into a string",""""""""""""".join(['a', 'b', 'c', 'd'])",937,15,8,0,0,22,0
5137497,Find current directory,Find current directory,cwd = os.getcwd(),1038,17,9,64,1,22,0
6494508,"How do you pick ""x"" number of unique numbers from a list in Python?",Get `3` unique items from a list,"random.sample(list(range(1, 16)), 3)",1153,20,7,60,1,22,0
6504200,How to decode unicode raw literals to readable string?,decode unicode string `s` into a readable unicode literal,s.decode('unicode_escape'),1154,20,8,0,0,22,0
7271482,python getting a list of value from list of dict,generate a list containing values associated with the key 'value' of each dictionary inside list `list_of_dicts`,[x['value'] for x in list_of_dicts],1217,22,1,37,0,22,0
9001509,sort a dictionary by key,sort a dictionary `d` by key,"OrderedDict(sorted(list(d.items()), key=(lambda t: t[0])))",1381,26,1,64,0,22,0
9210525,convert hex to decimal,"convert hex string ""FFFF"" to decimal","int('FFFF', 16)",1396,27,5,26,0,22,0
9637838,Convert string date to timestamp in Python,convert string '01/12/2011' to an integer timestamp,"int(datetime.datetime.strptime('01/12/2011', '%d/%m/%Y').strftime('%s'))",1436,28,2,10,0,22,0
10972410,pandas: combine two columns in a DataFrame,combine two columns `foo` and `bar` in a pandas data frame,"pandas.concat([df['foo'].dropna(), df['bar'].dropna()]).reindex_like(df)",1534,30,3,30,0,22,0
12300912,transpose dictionary (extract all the values for one key from a list of dictionaries),extract all the values with keys 'x' and 'y' from a list of dictionaries `d` to list of tuples,"[(x['x'], x['y']) for x in d]",1634,33,1,49,0,22,0
12440342,Best way to get the nth element of each tuple from a list of tuples in Python,get the first element of each tuple from a list of tuples `G`,[x[0] for x in G],1649,33,7,32,1,22,0
12589481,Python Pandas: Multiple aggregations of the same column,apply two different aggregating functions `mean` and `sum` to the same column `dummy` in pandas data frame `df`,"df.groupby('dummy').agg({'returns': [np.mean, np.sum]})",1660,33,3,13,0,22,0
12681945,Reversing bits of Python integer,revers correlating bits of integer `n`,"int('{:08b}'.format(n)[::-1], 2)",1664,33,5,27,0,22,0
13636592,How to sort a Pandas DataFrame according to multiple criteria?,sort a pandas data frame by column `Peak` in ascending and `Weeks` in descending order,"df.sort(['Peak', 'Weeks'], ascending=[True, False], inplace=True)",1765,36,3,5,0,22,0
17552997,How to update a subset of a MultiIndexed pandas DataFrame,add a column 'day' with value 'sat' to dataframe `df`,"df.xs('sat', level='day', drop_level=False)",2065,44,3,26,0,22,0
17846545,Python: comprehension to compose two dictionaries,Compose keys from dictionary `d1` with respective values in dictionary `d2`,"result = {k: d2.get(v) for k, v in list(d1.items())}",2087,44,1,4,0,22,0
19100540,Rounding entries in a Pandas DafaFrame,"round off entries in dataframe `df` column `Alabama_exp` to two decimal places, and entries in column `Credit_exp` to three decimal places","df.round({'Alabama_exp': 2, 'Credit_exp': 3})",2180,47,3,12,0,22,0
19546911,How to get a 16bit Unsigned integer in python,Convert integer `number` into an unassigned integer,"struct.unpack('H', struct.pack('h', number))",2202,47,5,25,0,22,0
21212706,Python Convert String Literal to Float,split string `s` into float values and write sum to `total`,"total = sum(float(item) for item in s.split(','))",2301,50,5,12,0,22,0
21800169,Python Pandas: Get index of rows which column matches certain value,get index of rows in dataframe `df` which column 'BoolCol' matches value True,df[df['BoolCol']].index.tolist(),2320,50,3,8,0,22,0
21804935,How to use the mv command in Python with subprocess,execute a mv command `mv /home/somedir/subdir/* somedir/` in subprocess,"subprocess.call('mv /home/somedir/subdir/* somedir/', shell=True)",2324,50,9,62,1,22,0
26266362,How to count the Nan values in the column in Panda Data frame,Get the number of NaN values in each column of dataframe `df`,df.isnull().sum(),2440,53,3,58,0,22,0
31950612,find last occurence of multiple characters in a string in Python,get the largest index of the last occurrence of characters '([{' in string `test_string`,max(test_string.rfind(i) for i in '([{'),2610,58,0,20,0,22,0
32996293,Comparing values in two lists in Python,create a list which indicates whether each element in `x` and `y` is identical,[(x[i] == y[i]) for i in range(len(x))],2639,58,7,53,1,22,0
35622945,"Regex, find pattern only in middle of string","regex, find ""n""s only in the middle of string `s`","re.findall('n(?<=[^n]n)n+(?=[^n])(?i)', s)",2697,60,0,49,0,22,0
36661837,How to retrieve only arabic texts from a string using regular expression?,retrieve arabic texts from string `my_string`,"print(re.findall('[\\u0600-\\u06FF]+', my_string))",2715,60,0,60,0,22,0
40221516,How do I join two dataframes based on values in selected columns?,join two dataframes based on values in selected columns,"pd.merge(a, b, on=['A', 'B'], how='outer')",2792,62,3,59,0,22,0
