question_id,intent,rewritten_intent,snippet,idx,time_batch,cluster,gradual_batch,gradual_new,recurring_batch,rec_new
89228,Calling an external command,"Calling an external command ""echo Hello World""","print(subprocess.Popen('echo Hello World', shell=True, stdout=subprocess.PIPE).stdout.read())",62,0,9,27,1,38,0
163542,pass a string into subprocess.Popen,set the stdin of the process 'grep f' to be 'one\ntwo\nthree\nfour\nfive\nsix\n',"p = subprocess.Popen(['grep', 'f'], stdout=subprocess.PIPE, stdin=subprocess.PIPE)
p.stdin.write('one\ntwo\nthree\nfour\nfive\nsix\n')
p.communicate()[0]
p.stdin.close()",75,0,9,41,1,38,0
444591,convert a string of bytes into an int (python),convert string of bytes `y\xcc\xa6\xbb` into an int,"struct.unpack('<L', 'y\xcc\xa6\xbb')[0]",198,0,5,20,0,38,0
464736,Python regular expressions - how to capture multiple groups from a wildcard expression?,split string 'abcdefg' into a list of characters,"re.findall('\\w', 'abcdefg')",207,0,8,0,0,38,0
845058,get line count,get line count of file `filename`,"def bufcount(filename):
    f = open(filename)
    lines = 0
    buf_size = (1024 * 1024)
    read_f = f.read
    buf = read_f(buf_size)
    while buf:
        lines += buf.count('\n')
        buf = read_f(buf_size)
    return lines",342,0,9,47,1,38,0
1185524,trim whitespace (including tabs),trim characters ' \t\n\r' in `s`,s = s.strip(' \t\n\r'),424,2,8,0,0,38,0
1602934,Check if a given key already exists in a dictionary,Check if key 'key1' in `dict`,('key1' in dict),478,3,1,25,0,38,0
1920145,How to find duplicate elements in array using for loop in Python?,Get all the keys from dictionary `y` whose value is `1`,[i for i in y if y[i] == 1],523,4,1,15,0,38,0
2990121,loop through a Python list by twos,loop through 0 to 10 with step 2,"for i in range(0, 10, 2):
    pass",692,9,5,32,0,38,0
3108042,Get max key in dictionary,get max key in dictionary `MyCount`,"max(list(MyCount.keys()), key=int)",705,9,1,38,0,38,0
3494906,How do I merge a list of dicts into a single dict?,Convert list of dictionaries `L` into a flat dictionary,dict(pair for d in L for pair in list(d.items())),776,11,1,21,0,38,0
3961581,"In Python, how to display current time in readable format",display current time in readable format,"time.strftime('%l:%M%p %z on %b %d, %Y')",857,13,2,7,0,38,0
4358701,Renaming multiple files in python,remove 20 symbols in front of '.' in string 'unique12345678901234567890.mkv',"re.sub('.{20}(.mkv)', '\\1', 'unique12345678901234567890.mkv')",923,14,8,0,0,38,0
4710067,Deleting a specific line in a file (python),Open a file `yourfile.txt` in write mode,"f = open('yourfile.txt', 'w')",982,16,9,29,1,38,0
5183533,How to make List from Numpy Matrix in Python,Convert the first row of numpy matrix `a` to a list,numpy.array(a)[0].tolist(),1044,18,6,8,0,38,0
5453026,String to list in Python,split string 'QH QD JC KD JS' into a list on white spaces,"""""""QH QD JC KD JS"""""".split()",1069,18,8,0,0,38,0
5508352,Indexing numpy array with another numpy array,Get index of numpy array `a` with another numpy array `b`,a[tuple(b)],1075,18,6,7,0,38,0
6539881,Python: Converting from ISO-8859-1/latin1 to UTF-8,convert string `apple` from iso-8859-1/latin1 to utf-8,apple.decode('iso-8859-1').encode('utf8'),1157,20,8,0,0,38,0
6612769,"Is there a more elegant way for unpacking keys and values of a dictionary into two lists, without losing consistence?",unpack keys and values of a dictionary `d` into two lists,"keys, values = zip(*list(d.items()))",1162,21,1,8,0,38,0
6996603,Delete a file or folder,delete an empty directory,os.rmdir(),1191,21,9,54,1,38,0
7271385,How do I combine two lists into a dictionary in Python?,"combine two lists `[1, 2, 3, 4]` and `['a', 'b', 'c', 'd']` into a dictionary","dict(zip([1, 2, 3, 4], ['a', 'b', 'c', 'd']))",1213,22,1,13,0,38,0
8735312,How to change folder names in python?,"Rename a folder `Joe Blow` to `Blow, Joe`","os.rename('Joe Blow', 'Blow, Joe')",1357,26,9,42,1,38,0
9323749,Python: Check if one dictionary is a subset of another larger dictionary,check if dictionary `subset` is a subset of dictionary `superset`,all(item in list(superset.items()) for item in list(subset.items())),1406,27,1,5,0,38,0
9554544,"Python, running command line tools in parallel",run command 'command -flags arguments &' on command line tools as separate processes,"subprocess.call('command -flags arguments &', shell=True)",1424,27,9,42,1,38,0
13291539,convert double to float in Python,convert double 0.00582811585976 to float,"struct.unpack('f', struct.pack('f', 0.00582811585976))",1726,35,5,3,0,38,0
13781828,Replace a string in list of lists,Truncate `\r\n` from each string in a list of string `example`,"example = [x.replace('\r\n', '') for x in example]",1775,36,8,0,0,38,0
13945749,String Formatting in Python 3,"format string ""({0.goals} goals, ${0.penalties})""","""""""({0.goals} goals, ${0.penalties})"""""".format(self)",1792,37,8,0,0,38,0
14247586,Python Pandas How to select rows with one or more nulls from a DataFrame without listing columns explicitly?,get data of columns with Null values in dataframe `df`,df[pd.isnull(df).any(axis=1)],1816,37,3,1,0,38,0
16866261,Detecting non-ascii characters in unicode string,"Strip all non-ASCII characters from a unicode string, `\xa3\u20ac\xa3\u20ac`","print(set(re.sub('[\x00-\x7f]', '', '\xa3\u20ac\xa3\u20ac')))",2008,42,8,0,0,38,0
17038426,splitting a string based on tab in the file,split a string `yas` based on tab '\t',"re.split('\\t+', yas.rstrip('\t'))",2018,43,8,0,0,38,0
18137341,applying functions to groups in pandas dataframe,apply function `log2` to the grouped values by 'type' in dataframe `df`,df.groupby('type').apply(lambda x: np.mean(np.log2(x['v']))),2108,45,3,5,0,38,0
30747705,Parsing string containing Unicode character names,Parse a unicode string `M\\N{AMPERSAND}M\\N{APOSTROPHE}s`,'M\\N{AMPERSAND}M\\N{APOSTROPHE}s'.decode('unicode-escape'),2564,57,8,0,0,38,0
32533944,Preserving Column Order - Python Pandas and Column Concat,Convert CSV file `Result.csv` to Pandas dataframe using separator ' ',"df.to_csv('Result.csv', index=False, sep=' ')",2626,58,3,8,0,38,0
32838802,numpy with python: convert 3d array to 2d,convert a 3d array `img` of dimensions 4x2x3 to a 2d array   of dimensions 3x8,"img.transpose(2, 0, 1).reshape(3, -1)",2634,58,6,19,0,38,0
34023918,Make new column in Panda dataframe by adding values from other columns,make new column 'C' in panda dataframe by adding values from other columns 'A' and 'B',df['C'] = df['A'] + df['B'],2654,59,3,4,0,38,0
34410358,Splitting a string based on a certain set of words,split string 'happy_hats_for_cats' using string '_for_',"re.split('_for_', 'happy_hats_for_cats')",2663,59,8,0,0,38,0
34962104,Pandas: How can I use the apply() function for a single column?,Pandas: How can I use the apply() function for a single column?,df['a'] = df['a'].apply(lambda x: x + 1),2679,59,3,50,0,38,0
35427814,Get the number of all keys in a dictionary of dictionaries in Python,get the number of all keys in the nested dictionary `dict_list`,len(dict_test) + sum(len(v) for v in dict_test.values()),2695,60,1,39,0,38,0
35883459,Creating a list of dictionaries in python,Creating a list of dictionaries in python,"[{'A': 1, 'C': 4, 'B': 2, 'D': 4}, {'A': 1, 'C': 4, 'B': 1, 'D': 5}]",2703,60,1,2,0,38,0
