question_id,intent,rewritten_intent,snippet,idx,time_batch,cluster,gradual_batch,gradual_new,recurring_batch,rec_new
674764,string find,find the index of sub string 'a' in string `str`,str.find('a'),278,0,0,60,0,7,0
899103,Writing a list to a file with Python,writing items in list `thelist` to file `thefile`,"for item in thelist:
    thefile.write(('%s\n' % item))",352,0,9,22,1,7,0
2094176,split a string in python,split a string `a` with new line character,a.split('\n')[:-1],550,5,8,0,0,7,0
2606976,How to replace empty string with zero in comma-separated string?,"split string `s` into a list of strings based on ',' then replace empty strings with zero",""""""","""""".join(x or '0' for x in s.split(','))",632,7,8,3,0,7,0
2769061,How to erase the file contents of text file in Python?,How to erase the file contents of text file in Python?,"open('file.txt', 'w').close()",657,8,9,26,1,7,0
3207219,list all files of a directory,list all files of a directory `mypath`,"onlyfiles = [f for f in listdir(mypath) if isfile(join(mypath, f))]",717,9,9,43,1,7,0
4289331,Python: Extract numbers from a string,Python: Extract numbers from a string,"[int(s) for s in re.findall('\\b\\d+\\b', ""he33llo 42 I'm a 32 string 30"")]",910,14,5,58,0,7,0
4324790,Removing control characters from a string in python,removing control characters from a string `s`,return ''.join(ch for ch in s if unicodedata.category(ch)[0] != 'C'),919,14,8,0,0,7,0
5844672,Delete an element from a dictionary,"Delete an element ""hello"" from a dictionary `lol`",lol.pop('hello'),1096,19,1,48,0,7,0
6532881,How to make a copy of a 2D array in Python?,make a row-by-row copy `y` of array `x`,y = [row[:] for row in x],1156,20,6,27,0,7,0
9210525,convert hex to decimal,convert hex string 'deadbeef' to decimal,"int('deadbeef', 16)",1398,27,5,34,0,7,0
10194713,Sorting a defaultdict by value in python,Sort dictionary `u` in ascending order based on second elements of its values,"sorted(list(u.items()), key=lambda v: v[1])",1472,29,1,17,0,7,0
11573817,How to download a file via FTP with Python ftplib,How to download a file via FTP with Python ftplib,"ftp.retrbinary('RETR %s' % filename, file.write)",1585,31,9,43,1,7,0
12376863,Adding calculated column(s) to a dataframe in pandas,use operations like max/min within a row to a dataframe 'd' in pandas,"d.apply(lambda row: min([row['A'], row['B']]) - row['C'], axis=1)",1645,33,3,64,0,7,0
13462365,Python 2.7 Counting number of dictionary items with given value,count the number of values in `d` dictionary that are predicate to function `some_condition`,sum(1 for x in list(d.values()) if some_condition(x)),1746,36,1,4,0,7,0
13557937,How to convert decimal to binary list in python,convert decimal `8` to binary list,[int(x) for x in bin(8)[2:]],1756,36,5,39,0,7,0
14043934,time offset,subtract 1 hour and 10 minutes from time object `t`,"(t - datetime.timedelta(hours=1, minutes=10))",1802,37,2,7,0,7,0
14182339,Matching multiple regex patterns with the alternation operator?,match regex '\\((.*?)\\)|(\\w)' with string '(zyx)bc',"re.findall('\\((.*?)\\)|(\\w)', '(zyx)bc')",1814,37,0,12,0,7,0
14737222,How to split a word into letters in Python,"Split string `Hello` into a string of letters seperated by `,`",""""""","""""".join('Hello')",1854,38,8,0,0,7,0
16176996,Keep only date part when using pandas.to_datetime,get date from dataframe `df` column 'dates' to column 'just_date',df['just_date'] = df['dates'].dt.date,1973,41,3,37,0,7,0
17057544,Python - Extract folder path from file path,extract folder path from file path,os.path.dirname(os.path.abspath(existGDBPath)),2022,43,9,35,1,7,0
17166601,Summing across rows of Pandas Dataframe,Summing across rows of Pandas Dataframe,"df.groupby(['stock', 'same1', 'same2'])['positions'].sum().reset_index()",2042,43,3,48,0,7,0
17424182,Extracting all rows from pandas Dataframe that have certain value in a specific column,extract all rows from dataframe `data` where the value of column 'Value' is True,data[data['Value'] == True],2055,43,3,50,0,7,0
17679089,Pandas DataFrame Groupby two columns and get counts,get count of rows in each series grouped by column 'col5' and column 'col2' of dataframe `df`,"df.groupby(['col5', 'col2']).size().groupby(level=1).max()",2075,44,3,35,0,7,0
17815945,Convert generator object to a dictionary,convert generator object to a dictionary,"dict((i, i * 2) for i in range(10))",2085,44,1,63,0,7,0
18312447,How can I split a string into tokens?,split string 'x+13.5*10x-4e1' into tokens,"print([i for i in re.split('([\\d.]+|\\W+)', 'x+13.5*10x-4e1') if i])",2120,45,5,55,0,7,0
20180210,Python how to combine two matrices in numpy,concat two matrices `A` and `B` in numpy,"np.vstack((A, B))",2248,48,6,26,0,7,0
20400135,Simple way to append a pandas series with same index,append a pandas series `b` to the series `a` and get a continuous index,a.append(b).reset_index(drop=True),2259,49,3,29,0,7,0
23855976,Middle point of each pair of an numpy.array,calculate the mean of each element in array `x` with the element previous to it,(x[1:] + x[:-1]) / 2,2391,52,6,2,0,7,0
24189150,Pandas writing dataframe to other postgresql schema,write records in dataframe `df` to table 'test' in schema 'a_schema',"df.to_sql('test', engine, schema='a_schema')",2401,52,3,7,0,7,0
26443308,Find last occurrence of character,"Find last occurrence of character '}' in string ""abcd}def}""",'abcd}def}'.rfind('}'),2443,53,0,27,0,7,0
26720916,Faster way to rank rows in subgroups in pandas dataframe,"Get rank of rows from highest to lowest of dataframe `df`, grouped by value in column `group`, according to value in column `value`",df.groupby('group')['value'].rank(ascending=False),2447,54,3,35,0,7,0
26727314,Multiple files for one argument in argparse Python 2.7,argparse associate zero or more arguments with flag 'file',"parser.add_argument('file', nargs='*')",2449,54,9,16,1,7,0
27175400,How to find the index of a value in 2d array in Python?,find all the indexes in a Numpy 2D array where the value is 1,zip(*np.where(a == 1)),2458,54,6,48,0,7,0
31465002,Python regex findall alternation behavior,"find all digits in string '6,7)' and put them to a list","re.findall('\\d|\\d,\\d\\)', '6,7)')",2584,57,5,25,0,7,0
34338341,Regex for getting all digits in a string after a character,get all digits in a string `s` after a '[' character,"re.findall('\\d+(?=[^[]+$)', s)",2661,59,0,51,0,7,0
35945473,How to reverse a dictionary in Python?,reverse the keys and values in a dictionary `myDictionary`,{i[1]: i[0] for i in list(myDictionary.items())},2704,60,1,35,0,7,0
42211584,How do I compare values in a dictionary?,get the maximum of 'salary' and 'bonus' values in a dictionary,"print(max(d, key=lambda x: (d[x]['salary'], d[x]['bonus'])))",2864,64,1,8,0,7,0
42353686,How to use map to lowercase strings in a dictionary?,lowercase string values with key 'content' in a list of dictionaries `messages`,[{'content': x['content'].lower()} for x in messages],2867,64,1,5,0,7,0
