question_id,intent,rewritten_intent,snippet,idx,time_batch,cluster,gradual_batch,gradual_new,recurring_batch,rec_new
72899,How do I sort a list of dictionaries by values of the dictionary in Python?,Sort a list of dictionaries `list_to_be_sorted` by the value of the dictionary key `name`,"newlist = sorted(list_to_be_sorted, key=lambda k: k['name'])",41,0,1,39,0,39,0
89228,Calling an external command,"Calling an external command ""echo Hello World""","return_code = subprocess.call('echo Hello World', shell=True)",63,0,9,14,1,39,0
237079,get file creation & modification date/times in,get modified time of file `file`,time.ctime(os.path.getmtime(file)),107,0,9,61,1,39,0
275018,remove (chomp) a newline,"remove newline in string ""Hello\n\n\n"" on the right side",'Hello\n\n\n'.rstrip('\n'),126,0,8,0,0,39,0
510357,read a single character from the user,read a single character from stdin,sys.stdin.read(1),219,0,8,0,0,39,0
517355,String formatting in Python,Display `1 2 3` as a list of string,"print('[{0}, {1}, {2}]'.format(1, 2, 3))",221,0,5,37,0,39,0
546321,calculate the date six months from the current date,calculate the date six months from the current date,print((datetime.date.today() + datetime.timedelta(((6 * 365) / 12))).isoformat()),231,0,2,42,0,39,0
577234,"Python ""extend"" for a dictionary",extend dictionary `a` with key/value pairs of dictionary `b`,a.update(b),236,0,1,36,0,39,0
761804,Trimming a string,"Trimming a string ""Bob has a cat""",'Bob has a cat'.strip(),311,0,8,0,0,39,0
974678,How to create single Python dict from a list of dicts by summing values with common keys?,create a flat dictionary by summing values associated with similar keys in each dictionary of list `dictlist`,"dict((key, sum(d[key] for d in dictList)) for key in dictList[0])",390,1,1,3,0,39,0
2783079,How do I convert a unicode to a string at the Python level?,convert a unicode 'Andr\xc3\xa9' to a string,""""""""""""".join(chr(ord(c)) for c in 'Andr\xc3\xa9').decode('utf8')",659,8,8,0,0,39,0
2806611,What's the best way to aggregate the boolean values of a Python dictionary?,check if all boolean values in a python dictionary `dict` are true,all(dict.values()),669,8,1,53,0,39,0
3276180,Extracting date from a string in Python,extract date from a string 'monkey 20/01/1980 love banana',"dparser.parse('monkey 20/01/1980 love banana', fuzzy=True)",726,9,2,21,0,39,0
3476732,How to loop backwards in python?,iterate backwards from 10 to 0,"range(10, 0, -1)",773,11,5,2,0,39,0
4112265,How to zip lists in a list,"zip lists `[1, 2], [3, 4], [5, 6]` in a list","zip(*[[1, 2], [3, 4], [5, 6]])",879,13,7,57,1,39,0
4267019,Double-decoding unicode in python,encode `u'X\xc3\xbcY\xc3\x9f'` as unicode and decode with utf-8,'X\xc3\xbcY\xc3\x9f'.encode('raw_unicode_escape').decode('utf-8'),904,14,8,0,0,39,0
4928274,Iterate through PyMongo Cursor as key-value pair,get a dictionary `records` of key-value pairs in PyMongo cursor `cursor`,"records = dict((record['_id'], record) for record in cursor)",1018,17,1,7,0,39,0
5280178,How do I load a file into the python console?,load a file `file.py` into the python console,"exec(compile(open('file.py').read(), 'file.py', 'exec'))",1053,18,9,61,1,39,0
6633678,Finding words after keyword in python,finding words in string `s` after keyword 'name',"re.search('name (.*)', s)",1167,21,0,1,0,39,0
6696027,split elements of a list in python,Split each string in list `myList` on the tab character,myList = [i.split('\t')[0] for i in myList],1171,21,8,0,0,39,0
8740353,How to convert a string data to a JSON object in python?,convert a urllib unquoted string `unescaped` to a json data `json_data`,json_data = json.loads(unescaped),1358,26,8,0,0,39,0
10618586,hex string to character in python,Convert a hex string `437c2123 ` according to ascii value.,"""""""437c2123"""""".decode('hex')",1510,30,5,12,0,39,0
11066874,beautifulsoup can't find href in file using regular expression,find href value that has string 'follow?page' inside it,"print(soup.find('a', href=re.compile('.*follow\\?page.*')))",1546,30,0,38,0,39,0
11277432,How to remove a key from a python dictionary?,remove a key 'key' from a dictionary `my_dict`,"my_dict.pop('key', None)",1557,31,1,12,0,39,0
12096252,use a list of values to select rows from a pandas dataframe,"use a list of values `[3,6]` to select rows from a pandas dataframe `df`'s column 'A'","df[df['A'].isin([3, 6])]",1624,32,3,1,0,39,0
13076560,Get the indexes of truthy elements of a boolean list as a list/tuple,get indexes of all true boolean values from a list `bool_list`,"[i for i, elem in enumerate(bool_list, 1) if elem]",1696,34,7,17,1,39,0
14661051,Convert Python dictionary to JSON array,convert python dictionary `your_data` to json array,"json.dumps(your_data, ensure_ascii=False)",1846,38,1,27,0,39,0
16249440,Changing file permission in python,changing permission of file `path` to `stat.S_IRUSR | stat.S_IRGRP | stat.S_IROTH`,"os.chmod(path, stat.S_IRUSR | stat.S_IRGRP | stat.S_IROTH)",1979,42,9,18,1,39,0
16296643,Convert tuple to list,Convert tuple `t` to list,list(t),1980,42,7,28,1,39,0
17888152,Parse string to int when string contains a number + extra characters,parse string `s` to int when string contains a number,int(''.join(c for c in s if c.isdigit())),2089,44,0,42,0,39,0
18730044,Converting two lists into a matrix,"converting two lists `[1, 2, 3]` and `[4, 5, 6]` into a matrix","np.column_stack(([1, 2, 3], [4, 5, 6]))",2160,46,6,6,0,39,0
19156472,Sorting numpy array on multiple columns in Python,"Sort a structured numpy array 'df' on multiple columns 'year', 'month' and 'day'.","df.sort(['year', 'month', 'day'])",2184,47,3,6,0,39,0
21800169,Python Pandas: Get index of rows which column matches certain value,Create a list containing the indexes of rows where the value of column 'BoolCol' in dataframe `df` are equal to True,df.iloc[np.flatnonzero(df['BoolCol'])],2322,50,3,35,0,39,0
22187233,How to delete all instances of a character in a string in python?,How to delete all instances of a character in a string in python?,""""""""""""".join([char for char in 'it is icy' if char != 'i'])",2341,51,8,0,0,39,0
25040875,Get a list of values from a list of dictionaries in python,get a list of values with key 'key' from a list of dictionaries `l`,[d['key'] for d in l if 'key' in d],2415,53,1,56,0,39,0
40076861,How to merge two DataFrames into single matching the column values,merge a pandas data frame `distancesDF` and column `dates` in pandas data frame `datesDF` into single,"pd.concat([distancesDF, datesDF.dates], axis=1)",2783,62,3,12,0,39,0
40924332,Splitting a list in a Pandas cell into multiple columns,split a list in first column  into multiple columns keeping other columns as well in pandas data frame,"pd.concat([df[0].apply(pd.Series), df[1]], axis=1)",2819,63,3,1,0,39,0
42098487,How to split 1D array into 2D array in NumPy by splitting the array at the last element?,split 1d array `a` into 2d array at the last element,"np.split(a, [-1])",2858,64,6,46,0,39,0
42352887,Finding The Biggest Key In A Python Dictionary,get a list of keys of dictionary `things` sorted by the value of nested dictionary key 'weight',"sorted(list(things.keys()), key=lambda x: things[x]['weight'], reverse=True)",2866,64,1,8,0,39,0
