question_id,intent,rewritten_intent,snippet,idx,time_batch,cluster,gradual_batch,gradual_new,recurring_batch,rec_new
237079,get file creation & modification date/times in,get creation time of file `file`,time.ctime(os.path.getctime(file)),104,0,9,26,1,33,0
319426,case insensitive string comparison,case insensitive comparison of strings `string1` and `string2`,"if (string1.lower() == string2.lower()):
    print('The strings are the same (case insensitive)')
else:
    print('The strings are not the same (case insensitive)')",146,0,0,10,0,33,0
533398,"In python 2.4, how can I execute external commands with csh instead of bash?",execute command 'echo $0' in Z shell,"os.system(""zsh -c 'echo $0'"")",228,0,9,36,1,33,0
546321,How do I calculate the date six months from the current date,get the date 6 months from today,six_months = (date.today() + relativedelta(months=(+ 6))),230,0,2,31,0,33,0
627435,remove an element from a list by index,remove the element in list `a` at index `index`,a.pop(index),251,0,7,45,1,33,0
674509,"How do I iterate over a Python dictionary, ordered by values?","iterate over a python dictionary, ordered by values","sorted(list(dictionary.items()), key=lambda x: x[1])",271,0,1,41,0,33,0
674519,How can I convert a Python dictionary to a list of tuples?,convert dictionary of pairs `d` to a list of tuples,"[(v, k) for k, v in d.items()]",277,0,1,6,0,33,0
761804,Trimming a string,"trim string "" Hello """,' Hello '.strip(),320,0,8,0,0,33,0
1027714,How to execute a file within the python interpreter?,execute file 'filename.py',"exec(compile(open('filename.py').read(), 'filename.py', 'exec'))",403,1,9,35,1,33,0
2918362,writing string to a file on a new line everytime?,writing string 'text to write\n' to file `f`,f.write('text to write\n'),682,8,9,46,1,33,0
3294889,Iterating over dictionaries using for loops,Iterating key and items over dictionary `d`,"for (letter, number) in list(d.items()):
    pass",736,10,1,54,0,33,0
3780403,Python: Sum string lengths,sum the length of all strings in a list `strings`,length = sum(len(s) for s in strings),814,12,7,47,1,33,0
4338032,replacing all regex matches in single line,"match string 'this is my string' with regex '\\b(this|string)\\b'
then replace it with regex '<markup>\\1</markup>'","re.sub('\\b(this|string)\\b', '<markup>\\1</markup>', 'this is my string')",920,14,0,44,0,33,0
4703390,How to extract a floating number from a string,extract floating number from string 'Current Level: 13.4 db.',"re.findall('\\d+\\.\\d+', 'Current Level: 13.4 db.')",976,16,5,33,0,33,0
4915920,How to delete an item in a list if it exists?,delete an item `thing` in a list `some_list` if it exists,cleaned_list = [x for x in some_list if x is not thing],1015,17,7,34,1,33,0
5285181,IO Error while storing data in pickle,open a file `/home/user/test/wsservice/data.pkl` in binary write mode,"output = open('/home/user/test/wsservice/data.pkl', 'wb')",1054,18,9,23,1,33,0
6633523,How can I convert a string with dot and comma into a float number in Python,convert a string `my_string` with dot and comma into a float number `my_float`,"my_float = float(my_string.replace(',', ''))",1165,21,5,60,0,33,0
6797984,convert string to lowercase,convert utf-8 string `s` to lowercase,s.decode('utf-8').lower(),1179,21,8,0,0,33,0
8303993,Elegant way to transform a list of dict into a dict of dicts,convert a list of dictionaries `listofdict into a dictionary of dictionaries,"dict((d['name'], d) for d in listofdict)",1316,25,1,9,0,33,0
9505526,Split string into strings of repeating elements,split string `s` into strings of repeating elements,"print([a for a, b in re.findall('((\\w)\\2*)', s)])",1418,27,8,0,0,33,0
9507819,Can I have a non-greedy regex with dotall?,match regex pattern 'a*?bc*?' on string 'aabcc' with DOTALL enabled,"re.findall('a*?bc*?', 'aabcc', re.DOTALL)",1419,27,0,49,0,33,0
9841303,Removing duplicate characters from a string,"removing duplicate characters from a string variable ""foo""",""""""""""""".join(set(foo))",1452,28,8,0,0,33,0
12723751,Replacing instances of a character in a string,Replace `;` with `:` in a string `line`,"line = line.replace(';', ':')",1667,34,8,0,0,33,0
12772057,how to format date in ISO using python?,Format a date object `str_data` into iso fomrat,"datetime.datetime.strptime(str_date, '%m/%d/%Y').date().isoformat()",1671,34,2,29,0,33,0
14043080,"Using Python's datetime module, can I get the year that UTC-11 is currently in?","using python's datetime module, get the year that utc-11 is currently in",(datetime.datetime.utcnow() - datetime.timedelta(hours=11)).year,1799,37,2,31,0,33,0
14571103,Capturing emoticons using regular expression in python,match the pattern '[:;][)(](?![)(])' to the string `str`,"re.match('[:;][)(](?![)(])', str)",1842,38,0,11,0,33,0
14637696,Length of longest word in a list,length of longest element in list `words`,"len(max(words, key=len))",1844,38,7,36,1,33,0
15940280,How to get UTC time in Python?,get current utc time,datetime.utcnow(),1956,41,2,1,0,33,0
16566069,Url decode UTF-8 in Python,decode url `url` with utf8 and print it,print(urllib.parse.unquote(url).decode('utf8')),1994,42,8,0,0,33,0
17117912,Python Accessing Values in A List of Dictionaries,create a list of tuples with the values of keys 'Name' and 'Age' from each dictionary `d` in the list `thisismylist`,"[(d['Name'], d['Age']) for d in thisismylist]",2032,43,1,37,0,33,0
18816297,How can I get the index value of a list comprehension?,Get the index value in list `p_list` using enumerate in list comprehension,"{p.id: {'id': p.id, 'position': ind} for ind, p in enumerate(p_list)}",2164,46,7,21,1,33,0
20183069,How to sort multidimensional array by column?,sort a multidimensional array `a` by column with index 1,"sorted(a, key=lambda x: x[1])",2250,48,6,49,0,33,0
27060098,Replacing few values in a pandas dataframe column with another value,replacing 'ABC' and 'AB' values in column 'BrandName' of dataframe `df` with 'A',"df['BrandName'].replace(['ABC', 'AB'], 'A')",2455,54,3,2,0,33,0
29035168,How to use a dot in Python format strings?,Print a dictionary `{'user': {'name': 'Markus'}}` with string formatting,"""""""Hello {user[name]}"""""".format(**{'user': {'name': 'Markus'}})",2507,55,1,4,0,33,0
31247198,"Python, Pandas : write content of DataFrame into text File",write the data of dataframe `df` into text file `np.txt`,"np.savetxt('c:\\data\\np.txt', df.values, fmt='%d')",2575,57,3,65,0,33,0
33435418,How to find the difference between 3 lists that may have duplicate numbers,"Get the difference between two lists `[1, 2, 2, 2, 3]` and `[1, 2]` that may have duplicate values","Counter([1, 2, 2, 2, 3]) - Counter([1, 2])",2646,59,7,57,1,33,0
37497559,Python Pandas Identify Duplicated rows with Additional Column,identify duplicated rows in columns 'PplNum' and 'RoomNum' with additional column in dataframe `df`,"df.groupby(['PplNum', 'RoomNum']).cumcount() + 1",2724,61,3,54,0,33,0
38331568,Return the column name(s) for a specific value in a pandas dataframe,return the column for value 38.15 in dataframe `df`,"df.ix[:, (df.loc[0] == 38.15)].columns",2740,61,3,6,0,33,0
42012589,Pandas: aggregate based on filter on another column,group dataframe `df` by columns 'Month' and 'Fruit',"df.groupby(['Month', 'Fruit']).sum().unstack(level=0)",2856,64,3,12,0,33,0
