question_id,intent,rewritten_intent,snippet,idx,time_batch,cluster,gradual_batch,gradual_new,recurring_batch,rec_new
208894,How to base64 encode a PDF file in Python,encode a pdf file `pdf_reference.pdf` with `base64` encoding,"a = open('pdf_reference.pdf', 'rb').read().encode('base64')",88,0,9,33,1,24,0
258746,Slicing URL with Python,"Slice `url` with '&' as delimiter  to get  ""http://www.domainname.com/page?CONTENT_ITEM_ID=1234"" from url ""http://www.domainname.com/page?CONTENT_ITEM_ID=1234&param2&param3
""",url.split('&'),114,0,8,0,0,24,0
306400,randomly select an item from a list,randomly select an item from list `foo`,random.choice(foo),136,0,7,30,1,24,0
364519,iterate over a dictionary in sorted order,iterate over a dictionary `d` in sorted order,it = iter(sorted(d.items())),159,0,1,10,0,24,0
364621,get item's position in a list,get the position of item `element` in list `testlist`,print(testlist.index(element)),164,0,7,32,1,24,0
940822,"Regular expression syntax for ""match nothing""?",create a regular expression object with a pattern that will match nothing,re.compile('a^'),376,0,0,50,0,24,0
977491,Comparing two .txt files using difflib in Python,compare contents  at filehandles `file1` and `file2` using difflib,"difflib.SequenceMatcher(None, file1.read(), file2.read())",391,1,9,49,1,24,0
1101508,How to parse dates with -0400 timezone string in python?,parse date string '2009/05/13 19:19:30 -0400' using format '%Y/%m/%d %H:%M:%S %z',"datetime.strptime('2009/05/13 19:19:30 -0400', '%Y/%m/%d %H:%M:%S %z')",418,2,2,39,0,24,0
2231663,Slicing a list into a list of sub-lists,Slicing a list into a list of sub-lists,"[input[i:i + n] for i in range(0, len(input), n)]",577,6,7,56,1,24,0
2911754,How to upload binary file with ftplib in Python?,upload binary file `myfile.txt` with ftplib,"ftp.storbinary('STOR myfile.txt', open('myfile.txt', 'rb'))",680,8,9,43,1,24,0
2918362,writing string to a file on a new line everytime?,Write a string `My String` to a file `file` including new line character,file.write('My String\n'),683,8,9,48,1,24,0
3559559,How to delete a character from a string using python?,How to delete a character from a string using python?,"newstr = oldstr.replace('M', '')",791,11,8,35,0,24,0
3595685,start python script as background process from within a python script,Open a background process 'background-process' with arguments 'arguments',"subprocess.Popen(['background-process', 'arguments'])",794,11,9,63,1,24,0
3925614,How do you read a file into a list in Python?,read a file 'C:/name/MyDocuments/numbers' into a list `data`,"data = [line.strip() for line in open('C:/name/MyDocuments/numbers', 'r')]",840,12,9,27,1,24,0
3989016,How to find all positions of the maximum value in a list?,get index of the first biggest element in list `a`,a.index(max(a)),863,13,7,15,1,24,0
4664850,Find all occurrences of a substring in Python,find all occurrences of a substring in a string,"[m.start() for m in re.finditer('test', 'test test test test')]",966,16,0,2,0,24,0
5558418,list of dicts to/from dict of lists,group a list of dicts `LD` into one dict by key,"print(dict(zip(LD[0], zip(*[list(d.values()) for d in LD]))))",1077,18,1,29,0,24,0
5891453,Is there a Python Library that contains a list of all the ascii characters?,Create a list containing all ascii characters as its elements,[chr(i) for i in range(127)],1107,19,8,0,0,24,0
7253803,How to get everything after last slash in a URL?,get everything after last slash in a url stored in variable 'url',"url.rsplit('/', 1)[-1]",1208,22,8,0,0,24,0
7717380,how to convert 2d list to 2d numpy array?,Convert array `a` to numpy array,a = np.array(a),1252,23,6,2,0,24,0
9236926,Concatenating two one-dimensional NumPy arrays,Concatenating two one-dimensional NumPy arrays 'a' and 'b'.,"numpy.concatenate([a, b])",1400,27,6,25,0,24,0
9560207,How to count values in a certain range in a Numpy array?,get count of values in numpy array `a` that are between values `25` and `100`,((25 < a) & (a < 100)).sum(),1425,27,6,10,0,24,0
10586778,test a boolean expression in a Python string,evaluate the expression '20<30',eval('20<30'),1507,29,5,47,0,24,0
11331982,How to remove any URL within a string in Python,remove any url within string `text`,"text = re.sub('^https?:\\/\\/.*[\\r\\n]*', '', text, flags=re.MULTILINE)",1562,31,8,0,0,24,0
11791568,What is the most pythonic way to exclude elements of a list that start with a specific character?,What is the most pythonic way to exclude elements of a list that start with a specific character?,[x for x in my_list if not x.startswith('#')],1604,32,7,42,1,24,0
12985456,Replace all non-alphanumeric characters in a string,Replace all non-alphanumeric characters in a string,"re.sub('[^0-9a-zA-Z]+', '*', 'h^&ell`.,|o w]{+orld')",1688,34,8,0,0,24,0
13999850,How to specify date format when using pandas.to_csv?,write dataframe `df` to csv file `filename` with dates formatted as yearmonthday  `%Y%m%d`,"df.to_csv(filename, date_format='%Y%m%d')",1796,37,3,3,0,24,0
14925239,Python: How to get attribute of attribute of an object with getattr?,Evaluate a nested dictionary `myobject.id.number` to get `number` if `myobject` is present with getattr,"getattr(getattr(myobject, 'id', None), 'number', None)",1871,39,1,9,0,24,0
16330838,Python split a string using regex,Python split a string using regex,"re.findall('(.+?):(.+?)\\b ?', text)",1983,42,0,9,0,24,0
17734779,how do I sort a python list of dictionaries given a list of ids with the desired order?,sort a python list of dictionaries `users` by a given list `order` of ids 'id' with the desired order,users.sort(key=lambda x: order.index(x['id'])),2080,44,1,63,0,24,0
19156472,Sorting numpy array on multiple columns in Python,"sort array `order_array` based on column 'year', 'month' and 'day'","order_array.sort(order=['year', 'month', 'day'])",2185,47,6,62,0,24,0
19894365,Running R script from python,running r script '/pathto/MyrScript.r' from python,"subprocess.call(['/usr/bin/Rscript', '--vanilla', '/pathto/MyrScript.r'])",2229,48,9,61,1,24,0
21206395,write to csv from DataFrame python pandas,Write column 'sum' of DataFrame `a` to csv file 'test.csv',"a.to_csv('test.csv', cols=['sum'])",2300,50,3,9,0,24,0
25148611,How do I extract all the values of a specific key from a list of dictionaries?,extract all the values of a specific key named 'values' from a list of dictionaries,results = [item['value'] for item in test_data],2418,53,1,3,0,24,0
28207743,Convert string to numpy array,convert a string 'mystr' to numpy array of integer values,"print(np.array(list(mystr), dtype=int))",2486,55,6,36,0,24,0
30651487,Print a variable selected by a random number,get a random item from list `choices`,random_choice = random.choice(choices),2559,56,7,16,1,24,0
30843103,How to get the index of an integer from a list if the list contains a boolean?,get the index of an integer `1` from a list `lst` if the list also contains boolean items,"next(i for i, x in enumerate(lst) if not isinstance(x, bool) and x == 1)",2568,57,7,61,1,24,0
30994370,How can I add a comment to a YAML file in Python,Write a comment `# Data for Class A\n` to a file object `f`,f.write('# Data for Class A\n'),2570,57,9,29,1,24,0
32191029,Getting the indices of several elements in a NumPy array at once,Get the indices in array `b` of each element appearing in array `a`,"np.in1d(b, a).nonzero()[0]",2615,58,6,15,0,24,0
