question_id,intent,rewritten_intent,snippet,idx,time_batch
20970279,"how to do a left,right and mid of a string in a pandas dataframe",get the middle two characters of a string 'state' in a pandas dataframe `df`,df['state'].apply(lambda x: x[len(x) / 2 - 1:len(x) / 2 + 1]),2290,50
20986631,How can I scroll a web page using selenium webdriver in python?,scroll to the bottom of a web page using selenium webdriver,"driver.execute_script('window.scrollTo(0, Y)')",2291,50
20986631,How can I scroll a web page using selenium webdriver in python?,scroll a to the bottom of a web page using selenium webdriver,"driver.execute_script('window.scrollTo(0, document.body.scrollHeight);')",2292,50
21018612,How to download to a specific directory with Python?,download to a directory '/path/to/dir/filename.ext' from source 'http://example.com/file.ext',"urllib.request.urlretrieve('http://example.com/file.ext', '/path/to/dir/filename.ext')",2293,50
21022865,Pandas: Elementwise multiplication of two dataframes,create a dataframe containing the multiplication of element-wise in dataframe `df` and dataframe `df2` using index name and column labels of dataframe `df`,"pd.DataFrame(df.values * df2.values, columns=df.columns, index=df.index)",2294,50
21104592,JSON to pandas DataFrame,read json `elevations` to pandas dataframe `df`,pd.read_json(elevations),2295,50
21129020,"How to fix: ""UnicodeDecodeError: 'ascii' codec can't decode byte""",set the default encoding to 'utf-8',sys.setdefaultencoding('utf8'),2296,50
21164910,Delete Column in Pandas based on Condition,delete all columns in  DataFrame `df` that do not hold a non-zero value in its records,"df.loc[:, ((df != 0).any(axis=0))]",2297,50
21188504,python pandas: apply a function with arguments to a series. Update,"Add 100 to each element of column ""x"" in dataframe `a`","a['x'].apply(lambda x, y: x + y, args=(100,))",2298,50
21205074,How to split a string at line breaks in python?,split a string `s` at line breaks `\r\n`,"[map(int, x.split('\t')) for x in s.rstrip().split('\r\n')]",2299,50
21206395,write to csv from DataFrame python pandas,Write column 'sum' of DataFrame `a` to csv file 'test.csv',"a.to_csv('test.csv', cols=['sum'])",2300,50
21212706,Python Convert String Literal to Float,split string `s` into float values and write sum to `total`,"total = sum(float(item) for item in s.split(','))",2301,50
21261330,Splitting string and removing whitespace Python,"Split string with comma (,) and remove whitespace from a string 'my_string'","[item.strip() for item in my_string.split(',')]",2302,50
21317384,Pandas/Python: How to concatenate two dataframes without duplicates?,concatenate dataframe `df1` with `df2` whilst removing duplicates,"pandas.concat([df1, df2]).drop_duplicates().reset_index(drop=True)",2303,50
21350605,python selenium click on button,python selenium click on button '.button.c_button.s_button',driver.find_element_by_css_selector('.button.c_button.s_button').click(),2304,50
21350605,python selenium click on button,python selenium click on button,driver.find_element_by_css_selector('.button .c_button .s_button').click(),2305,50
21360028,NumPy List Comprehension Syntax,Get a list comprehension in list of lists `X`,[[X[i][j] for j in range(len(X[i]))] for i in range(len(X))],2306,50
21361604,Specific sort a list of numbers separated by dots,sort a list `L` by number after second '.',"print(sorted(L, key=lambda x: int(x.split('.')[2])))",2307,50
21414159,login to a site using python and opening the login site in the browser,open the login site 'http://somesite.com/adminpanel/index.php' in the browser,webbrowser.open('http://somesite.com/adminpanel/index.php'),2308,50
21519203,"Plotting a list of (x, y) coordinates in python matplotlib",Make a scatter plot using unpacked values of list `li`,plt.scatter(*zip(*li)),2309,50
21558999,Pandas: How can I remove duplicate rows from DataFrame and calculate their frequency?,remove duplicate rows from dataframe `df1` and calculate their frequency,"df1.groupby(['key', 'year']).size().reset_index()",2310,50
21562986,numpy matrix vector multiplication,multiply array `a` and array `b`respective elements then sum each row of the new array,"np.einsum('ji,i->j', a, b)",2311,50
21618351,Format time string in Python 3.3,format current date to pattern '{%Y-%m-%d %H:%M:%S}',time.strftime('{%Y-%m-%d %H:%M:%S}'),2312,50
21669374,convert string to hex in python,convert string 'a' to hex,hex(ord('a')),2313,50
21684346,How to display a pdf that has been downloaded in python,display a pdf  file that has been downloaded as `my_pdf.pdf`,webbrowser.open('file:///my_pdf.pdf'),2314,50
21691126,Find and click an item from 'onclick' partial value,"find element by css selector ""input[onclick*='1 Bedroom Deluxe']""","driver.find_element_by_css_selector(""input[onclick*='1 Bedroom Deluxe']"")",2315,50
21771133,finding non-numeric rows in dataframe in pandas?,replace values of dataframe `df` with True if numeric,"df.applymap(lambda x: isinstance(x, (int, float)))",2316,50
21778118,Counting the number of non-NaN elements in a numpy ndarray matrix in Python,count the number of non-nan elements in a numpy ndarray matrix `data`,np.count_nonzero(~np.isnan(data)),2317,50
21787496,converting epoch time with milliseconds to datetime,convert epoch time represented as milliseconds `s` to string using format '%Y-%m-%d %H:%M:%S.%f',datetime.datetime.fromtimestamp(s).strftime('%Y-%m-%d %H:%M:%S.%f'),2318,50
21787496,converting epoch time with milliseconds to datetime,parse milliseconds epoch time '1236472051807' to format '%Y-%m-%d %H:%M:%S',"time.strftime('%Y-%m-%d %H:%M:%S', time.gmtime(1236472051807 / 1000.0))",2319,50
21800169,Python Pandas: Get index of rows which column matches certain value,get index of rows in dataframe `df` which column 'BoolCol' matches value True,df[df['BoolCol']].index.tolist(),2320,50
21800169,Python Pandas: Get index of rows which column matches certain value,get list of indexes of rows where column 'BoolCol' values match True,df[df['BoolCol'] == True].index.tolist(),2321,50
21800169,Python Pandas: Get index of rows which column matches certain value,Create a list containing the indexes of rows where the value of column 'BoolCol' in dataframe `df` are equal to True,df.iloc[np.flatnonzero(df['BoolCol'])],2322,50
21800169,Python Pandas: Get index of rows which column matches certain value,get index of rows in column 'BoolCol',df.loc[df['BoolCol']],2323,50
21804935,How to use the mv command in Python with subprocess,execute a mv command `mv /home/somedir/subdir/* somedir/` in subprocess,"subprocess.call('mv /home/somedir/subdir/* somedir/', shell=True)",2324,50
21804935,How to use the mv command in Python with subprocess,How to use the mv command in Python with subprocess,"subprocess.call('mv /home/somedir/subdir/* somedir/', shell=True)",2325,50
21805490,Python Regex - checking for a capital letter with a lowercase after,python regex - check for a capital letter with a following lowercase in string `string`,"re.sub('^[A-Z0-9]*(?![a-z])', '', string)",2326,50
21822054,How to force os.system() to use bash instead of shell,force bash interpreter '/bin/bash' to be used instead of shell,"os.system('GREPDB=""echo 123""; /bin/bash -c ""$GREPDB""')",2327,50
21822054,How to force os.system() to use bash instead of shell,Run a command `echo hello world` in bash instead of shell,"os.system('/bin/bash -c ""echo hello world""')",2328,50
