question_id,intent,rewritten_intent,snippet,idx,time_batch
41463763,Merge 2 dataframes with same values in a column,merge 2 dataframes `df1` and `df2` with same values in a column 'revenue' with and index 'date',df2['revenue'] = df2.CET.map(df1.set_index('date')['revenue']),2836,64
41469647,Outer product of each column of a 2D array to form a 3D array - NumPy,outer product of each column of a 2d `X` array to form a 3d array `X`,"np.einsum('ij,kj->jik', X, X)",2837,64
41513324,Python Pandas: drop rows of a timeserie based on time range,Drop the rows in pandas timeseries `df` from the row containing index `start_remove` to the row containing index `end_remove`,df.loc[(df.index < start_remove) | (df.index > end_remove)],2838,64
41513324,Python Pandas: drop rows of a timeserie based on time range,drop rows of dataframe `df` whose index is smaller than the value of `start_remove` or bigger than the value of`end_remove`,df.query('index < @start_remove or index > @end_remove'),2839,64
41552839,How can I convert literal escape sequences in a string to the corresponding bytes?,"encode string ""\\xc3\\x85あ"" to bytes","""""""\\xc3\\x85あ"""""".encode('utf-8')",2840,64
41552839,How can I convert literal escape sequences in a string to the corresponding bytes?,"convert and escape string ""\\xc3\\x85あ"" to UTF-8 code","""""""\\xc3\\x85あ"""""".encode('utf-8').decode('unicode_escape')",2841,64
41572822,How to swap a group of column headings with their values in Pandas,Sort the values of the dataframe `df` and align the columns accordingly based on the obtained indices after np.argsort.,"pd.DataFrame(df.columns[np.argsort(df.values)], df.index, np.unique(df.values))",2842,64
41648246,Efficient computation of the least-squares algorithm in NumPy,solve for the least squares' solution of matrices `a` and `b`,"np.linalg.solve(np.dot(a.T, a), np.dot(a.T, b))",2843,64
41727442,How to get a list of all integer points in an n-dimensional cube using python?,get a list of all integer points in a `dim` dimensional hypercube with coordinates from `-x` to `y` for all dimensions,"list(itertools.product(list(range(-x, y)), repeat=dim))",2844,64
41807864,Regex matching 5-digit substrings not enclosed with digits,regex matching 5-digit substrings not enclosed with digits in `s`,"re.findall('(?<!\\d)\\d{5}(?!\\d)', s)",2845,64
41821112,How can I sum the product of two list items using for loop in python?,get the sum of the products of each pair of corresponding elements in lists `a` and `b`,"sum(x * y for x, y in zip(a, b))",2846,64
41821112,How can I sum the product of two list items using for loop in python?,sum the products of each two elements at the same index of list `a` and list `b`,"list(x * y for x, y in list(zip(a, b)))",2847,64
41821112,How can I sum the product of two list items using for loop in python?,sum the product of each two items at the same index of list `a` and list `b`,"sum(i * j for i, j in zip(a, b))",2848,64
41821112,How can I sum the product of two list items using for loop in python?,sum the product of elements of two lists named `a` and `b`,"sum(x * y for x, y in list(zip(a, b)))",2849,64
41861705,Merging two pandas dataframes,"Create new DataFrame object by merging columns ""key"" of  dataframes `split_df` and `csv_df` and rename the columns from dataframes `split_df` and `csv_df` with suffix `_left` and `_right` respectively","pd.merge(split_df, csv_df, on=['key'], suffixes=('_left', '_right'))",2850,64
41894454,How to custom sort an alphanumeric list?,custom sort an alphanumeric list `l`,"sorted(l, key=lambda x: x.replace('0', 'Z'))",2851,64
41923858,Mapping a string into a list of pairs,create a list containing each two adjacent letters in string `word` as its elements,"[(x + y) for x, y in zip(word, word[1:])]",2852,64
41923858,Mapping a string into a list of pairs,Get a list of pairs from a string `word` using lambda function,"list(map(lambda x, y: x + y, word[:-1], word[1:]))",2853,64
41923906,Align numpy array according to another array,align values in array `b` to the order of corresponding values in array `a`,"a[np.in1d(a, b)]",2854,64
41946927,Getting pandas dataframe from list of nested dictionaries,create a pandas data frame from list of nested dictionaries `my_list`,"pd.concat([pd.DataFrame(l) for l in my_list], axis=1).T",2855,64
42012589,Pandas: aggregate based on filter on another column,group dataframe `df` by columns 'Month' and 'Fruit',"df.groupby(['Month', 'Fruit']).sum().unstack(level=0)",2856,64
42060144,Conditionally fill a column of a pandas df with values of a different df,Merge column  'word' in dataframe `df2` with column 'word' on dataframe `df1`,"df1.merge(df2, how='left', on='word')",2857,64
42098487,How to split 1D array into 2D array in NumPy by splitting the array at the last element?,split 1d array `a` into 2d array at the last element,"np.split(a, [-1])",2858,64
42100344,How to convert efficiently a dataframe column of string type into datetime in Python?,"convert a dataframe `df`'s column `ID` into datetime, after removing the first and last 3 letters",pd.to_datetime(df.ID.str[1:-3]),2859,64
42142756,How can I change a specific row label in a Pandas dataframe?,rename `last` row index label in dataframe `df` to `a`,df = df.rename(index={last: 'a'}),2860,64
42172204,Replace value in any column in pandas dataframe,"replace value '-' in any column of pandas dataframe to ""NaN""","df.replace('-', 'NaN')",2861,64
42178481,How to count the number of a specific character at the end of a string ignoring duplicates?,count the number of trailing question marks in string `my_text`,len(my_text) - len(my_text.rstrip('?')),2862,64
42180455,How to get only div with id ending with a certain value in Beautiful Soup?,BeautifulSoup select 'div' elements with an id attribute value ending with sub-string '_answer' in HTML parsed string `soup`,soup.select('div[id$=_answer]'),2863,64
42211584,How do I compare values in a dictionary?,get the maximum of 'salary' and 'bonus' values in a dictionary,"print(max(d, key=lambda x: (d[x]['salary'], d[x]['bonus'])))",2864,64
42260840,Python - Remove dictionary from list if key is equal to value,remove dictionary from list `a` if the value associated with its key 'link' is in list `b`,a = [x for x in a if x['link'] not in b],2865,64
42352887,Finding The Biggest Key In A Python Dictionary,get a list of keys of dictionary `things` sorted by the value of nested dictionary key 'weight',"sorted(list(things.keys()), key=lambda x: things[x]['weight'], reverse=True)",2866,64
42353686,How to use map to lowercase strings in a dictionary?,lowercase string values with key 'content' in a list of dictionaries `messages`,[{'content': x['content'].lower()} for x in messages],2867,64
42364593,Python - Move elements in a list of dictionaries to the end of the list,move dictionaries in list `lst` to the end of the list if value of key 'language' in each dictionary is not equal to 'en',"sorted(lst, key=lambda x: x['language'] != 'en')",2868,64
42364992,Python - Insert numbers in string between quotes,Enclose numbers in quotes in a string `This is number 1 and this is number 22`,"re.sub('(\\d+)', '""\\1""', 'This is number 1 and this is number 22')",2869,64
42387471,How to add a colorbar for a hist2d plot,add a colorbar to plot `plt` using image `im` on axes `ax`,"plt.colorbar(im, ax=ax)",2870,64
42394627,python How do you sort list by occurrence with out removing elements from the list?,sort list `lst` based on each element's number of occurrences,"sorted(lst, key=lambda x: (-1 * c[x], lst.index(x)))",2871,64
42442428,Python - Choose a dictionary in list which key is closer to a global value,get a dictionary in list `dicts` which key 'ratio' is closer to a global value 1.77672955975,"min(dicts, key=lambda x: (abs(1.77672955975 - x['ratio']), -x['pixels']))",2872,64
42458734,"How do I convert all strings (like ""Fault"") and into a unique float?",factorize all string values in dataframe `s` into floats,(s.factorize()[0] + 1).astype('float'),2873,64
42462530,How to replace the white space in a string in a pandas dataframe?,replace white spaces in dataframe `df` with '_',"df.replace(' ', '_', regex=True)",2874,64
