question_id,intent,rewritten_intent,snippet,idx,time_batch
1476,express binary literals,convert binary string '11111111' to integer,"int('11111111', 2)",0,0
1476,express binary literals,convert 21 to binary string,bin(21),1,0
1476,express binary literals,convert binary string '0b0010101010' to integer,"int('0b0010101010', 2)",2,0
1476,express binary literals,convert binary string '010101' to integer,"int('010101', 2)",3,0
1476,express binary literals,convert binary string '01010101111' to integer,"int('01010101111', 2)",4,0
1476,express binary literals,convert 173 to binary string,bin(173),5,0
1854,What OS am I running on,get os name,"import platform
platform.system()",6,0
1854,What OS am I running on,get os version,"import platform
platform.release()",7,0
1854,What OS am I running on,get the name of the OS,print(os.name),8,0
3061,Calling a function of a module from a string with the function's name in Python,calling a function named 'myfunction' in the module,globals()['myfunction'](),9,0
19339,inverse of zip,unzip list `original`,"result = ([a for (a, b) in original], [b for (a, b) in original])",10,0
19339,inverse of zip,"unzip list `[('a', 1), ('b', 2), ('c', 3), ('d', 4), ('e', )]` and fill empty results with None","map(None, *[('a', 1), ('b', 2), ('c', 3), ('d', 4), ('e',)])",11,0
19339,inverse of zip,"unzip list `[('a', 1), ('b', 2), ('c', 3), ('d', 4), ('e', )]`","zip(*[('a', 1), ('b', 2), ('c', 3), ('d', 4), ('e',)])",12,0
19339,inverse of zip,unzip list `original` and return a generator,"result = ((a for (a, b) in original), (b for (a, b) in original))",13,0
19339,inverse of zip,"unzip the list `[('a', 1), ('b', 2), ('c', 3), ('d', 4)]`","zip(*[('a', 1), ('b', 2), ('c', 3), ('d', 4)])",14,0
19339,inverse of zip,"unzip the list `[('a', 1), ('b', 2), ('c', 3), ('d', 4)]`","zip(*[('a', 1), ('b', 2), ('c', 3), ('d', 4)])",15,0
22676,download a file over HTTP,"download a file `url` over HTTP and save to ""10MB""","response = requests.get(url, stream=True)
with open('10MB', 'wb') as handle:
    for data in tqdm(response.iter_content()):
        handle.write(data)",16,0
22676,download a file over HTTP,download a file 'http://www.example.com/' over HTTP,"response = urllib.request.urlopen('http://www.example.com/')
html = response.read()",17,0
22676,download a file over HTTP,download a file `url` over HTTP and save to `file_name`,"u = urllib.request.urlopen(url)
f = open(file_name, 'wb')
meta = u.info()
file_size = int(meta.getheaders('Content-Length')[0])
print(('Downloading: %s Bytes: %s' % (file_name, file_size)))
file_size_dl = 0
block_sz = 8192
while True:
    buffer = u.read(block_sz)
    if (not buffer):
        break
    file_size_dl += len(buffer)
    f.write(buffer)
    status = ('%10d  [%3.2f%%]' % (file_size_dl, ((file_size_dl * 100.0) / file_size)))
    status = (status + (chr(8) * (len(status) + 1)))
    print(status, end=' ')
f.close()",18,0
22676,download a file over HTTP,"download a file ""http://www.example.com/songs/mp3.mp3"" over HTTP and save to ""mp3.mp3""","urllib.request.urlretrieve('http://www.example.com/songs/mp3.mp3', 'mp3.mp3')",19,0
22676,download a file over HTTP,download a file `url` over HTTP,r = requests.get(url),20,0
36139,How do I sort a list of strings in Python?,sort a list of strings `list`,list.sort(),21,0
36139,How do I sort a list of strings in Python?,sort a list of strings 'mylist'.,mylist.sort(),22,0
36139,How do I sort a list of strings in Python?,sort list `mylist` alphabetically,mylist.sort(key=lambda x: x.lower()),23,0
36139,How do I sort a list of strings in Python?,sort list `mylist` in alphabetical order,mylist.sort(key=str.lower),24,0
38987,How to merge two Python dictionaries in a single expression?,merge dictionaries form array `dicts` in a single expression,"dict((k, v) for d in dicts for k, v in list(d.items()))",25,0
42950,Get Last Day of the Month,Get Last Day of the first month in year 2000,"(datetime.date(2000, 2, 1) - datetime.timedelta(days=1))",26,0
42950,Get Last Day of the Month,Get Last Day of the second month in 2002,"calendar.monthrange(2008, 2)",27,0
42950,Get Last Day of the Month,Get Last Day of the month `month` in year `year`,"calendar.monthrange(year, month)[1]",28,0
42950,Get Last Day of the Month,Get Last Day of the second month in 2100,"calendar.monthrange(2100, 2)",29,0
42950,Get Last Day of the Month,Get Last Day of the first month in 2002,"calendar.monthrange(2002, 1)",30,0
42950,Get Last Day of the Month,Get Last Day of the second month in year 2012,"monthrange(2012, 2)",31,0
44778,How would you make a comma-separated string from a list?,make a comma-separated string from a list `myList`,"myList = ','.join(map(str, myList))",32,0
44778,How would you make a comma-separated string from a list?,"Join elements of list `l` with a comma `,`",""""""","""""".join(l)",33,0
51520,How to get an absolute file path in Python,get an absolute file path of file 'mydir/myfile.txt',os.path.abspath('mydir/myfile.txt'),34,0
53513,check if a list is empty,check if list `seq` is empty,"if (not seq):
    pass",35,0
53513,check if a list is empty,check if list `li` is empty,"if (len(li) == 0):
    pass",36,0
53513,check if a list is empty,check if list `a` is empty,"if (not a):
    pass",37,0
59825,How to retrieve an element from a set without removing it?,retrieve an element from a set `s` without removing it,e = next(iter(s)),38,0
70797,user input and commandline arguments,"print ""Please enter something: "" to console, and read user input to `var`",var = input('Please enter something: '),39,0
72899,How do I sort a list of dictionaries by values of the dictionary in Python?,sort a list of dictionaries `l` by values in key `name` in descending order,"newlist = sorted(l, key=itemgetter('name'), reverse=True)",40,0
72899,How do I sort a list of dictionaries by values of the dictionary in Python?,Sort a list of dictionaries `list_to_be_sorted` by the value of the dictionary key `name`,"newlist = sorted(list_to_be_sorted, key=lambda k: k['name'])",41,0
72899,How do I sort a list of dictionaries by values of the dictionary in Python?,How do I sort a list of dictionaries by values of the dictionary in Python?,list_of_dicts.sort(key=operator.itemgetter('name')),42,0
72899,How do I sort a list of dictionaries by values of the dictionary in Python?,How do I sort a list of dictionaries by values of the dictionary in Python?,list_of_dicts.sort(key=operator.itemgetter('age')),43,0
73663,Terminating a Python script,terminate the program,sys.exit(),44,0
73663,Terminating a Python script,"Terminating a Python script with error message ""some error message""",sys.exit('some error message'),45,0
73663,Terminating a Python script,terminate the program,quit(),46,0
82831,check whether a file exists,"check whether file ""/path/to/file"" exists","my_file = Path('/path/to/file')
if my_file.is_file():
    pass",47,0
82831,check whether a file exists,check whether a file `fname` exists,os.path.isfile(fname),48,0
82831,check whether a file exists,"check whether a path ""/etc"" exists",print(os.path.exists('/etc')),49,0
82831,check whether a file exists,check whether file `file_path` exists,os.path.exists(file_path),50,0
82831,check whether a file exists,"check whether a file ""/does/not/exist"" exists",print(os.path.isfile('/does/not/exist')),51,0
82831,check whether a file exists,"check whether a file ""/etc/password.txt"" exists",print(os.path.isfile('/etc/password.txt')),52,0
82831,check whether a file exists,"check whether a file ""/etc"" exists",print(os.path.isfile('/etc')),53,0
82831,check whether a file exists,"check whether a path ""/etc/password.txt"" exists",print(os.path.exists('/etc/password.txt')),54,0
82831,check whether a file exists,"check whether a path ""/does/not/exist"" exists",print(os.path.exists('/does/not/exist')),55,0
89228,Calling an external command,"Calling an external command ""ls -l""","call(['ls', '-l'])",56,0
89228,Calling an external command,"Calling an external command ""ls -l""",from subprocess import call,57,0
89228,Calling an external command,"Calling an external command ""some_command with args""",os.system('some_command with args'),58,0
89228,Calling an external command,"Calling an external command ""ls""","p = subprocess.Popen('ls', shell=True, stdout=subprocess.PIPE, stderr=subprocess.STDOUT)
for line in p.stdout.readlines():
    print(line, end=' ')
retval = p.wait()",59,0
89228,Calling an external command,"Calling an external command ""echo Hello World""",print(os.popen('echo Hello World').read()),60,0
89228,Calling an external command,"Calling an external command ""some_command with args""",stream = os.popen('some_command with args'),61,0
89228,Calling an external command,"Calling an external command ""echo Hello World""","print(subprocess.Popen('echo Hello World', shell=True, stdout=subprocess.PIPE).stdout.read())",62,0
89228,Calling an external command,"Calling an external command ""echo Hello World""","return_code = subprocess.call('echo Hello World', shell=True)",63,0
89228,Calling an external command,"Calling an external command ""some_command < input_file | another_command > output_file""",os.system('some_command < input_file | another_command > output_file'),64,0
104420,How to generate all permutations of a list in Python,"generate all permutations of list `[1, 2, 3]` and list `[4, 5, 6]`","print(list(itertools.product([1, 2, 3], [4, 5, 6])))",65,0
104420,How to generate all permutations of a list in Python,"generate all permutations of a list `[1, 2, 3]`","itertools.permutations([1, 2, 3])",66,0
113534,Is there a function in Python to split a string without ignoring the spaces?,split a string `mystring` considering the spaces ' ',"mystring.replace(' ', '! !').split('!')",67,0
113655,Is there a function in python to split a word into a list?,split string `Word to Split` into a list of characters,list('Word to Split'),68,0
118516,How do I read an Excel file into Python using xlrd? Can it read newer Office formats?,read an excel file 'ComponentReport-DJI.xls',"open('ComponentReport-DJI.xls', 'rb').read(200)",69,0
120656,Directory listing,list all files in directory `path`,os.listdir(path),70,0
120656,Directory listing,"list all files in directory "".""","for (dirname, dirnames, filenames) in os.walk('.'):
    for subdirname in dirnames:
        print(os.path.join(dirname, subdirname))
    for filename in filenames:
        pass",71,0
123198,copy a file,copy a file from `src` to `dst`,"copyfile(src, dst)",72,0
123198,copy a file,"copy file ""/dir/file.ext"" to ""/new/dir/newname.ext""","shutil.copy2('/dir/file.ext', '/new/dir/newname.ext')",73,0
123198,copy a file,copy file '/dir/file.ext' to '/new/dir',"shutil.copy2('/dir/file.ext', '/new/dir')",74,0
163542,pass a string into subprocess.Popen,set the stdin of the process 'grep f' to be 'one\ntwo\nthree\nfour\nfive\nsix\n',"p = subprocess.Popen(['grep', 'f'], stdout=subprocess.PIPE, stdin=subprocess.PIPE)
p.stdin.write('one\ntwo\nthree\nfour\nfive\nsix\n')
p.communicate()[0]
p.stdin.close()",75,0
163542,pass a string into subprocess.Popen,set the stdin of the process 'grep f' to be b'one\ntwo\nthree\nfour\nfive\nsix\n',"p = Popen(['grep', 'f'], stdout=PIPE, stdin=PIPE, stderr=STDOUT)
grep_stdout = p.communicate(input='one\ntwo\nthree\nfour\nfive\nsix\n')[0]",76,0
172439,How do I split a multi-line string into multiple lines?,split a multi-line string `inputString` into separate strings,inputString.split('\n'),77,0
172439,How do I split a multi-line string into multiple lines?,Split a multi-line string ` a \n b \r\n c ` by new line character `\n`,' a \n b \r\n c '.split('\n'),78,0
176918,Finding the index of an item given a list containing it in Python,"finding the index of an item 'foo' given a list `['foo', 'bar', 'baz']` containing it","[i for i, j in enumerate(['foo', 'bar', 'baz']) if j == 'foo']",79,0
179369,How do I abort the execution of a Python script?,terminate the script using status value 0,sys.exit(0),80,0
179369,How do I abort the execution of a Python script?,abort the execution of the script using message 'aa! errors!',sys.exit('aa! errors!'),81,0
179369,How do I abort the execution of a Python script?,abort the execution of a python script,sys.exit(),82,0
180606,How do I convert a list of ascii values to a string in python?,convert a list `L` of ascii values to a string,""""""""""""".join(chr(i) for i in L)",83,0
186857,"Splitting a semicolon-separated string to a dictionary, in Python",split a string `s` by ';' and convert to a dictionary,dict(item.split('=') for item in s.split(';')),84,0
187455,Counting array elements in Python,count the number of elements in array `myArray`,len(myArray),85,0
199059,I'm looking for a pythonic way to insert a space before capital letters,insert spaces before capital letters in string `text`,"re.sub('([a-z](?=[A-Z])|[A-Z](?=[A-Z][a-z]))', '\\1 ', text)",86,0
200738,How can I unpack binary hex formatted data in Python?,encode string `data` as `hex`,data.encode('hex'),87,0
208894,How to base64 encode a PDF file in Python,encode a pdf file `pdf_reference.pdf` with `base64` encoding,"a = open('pdf_reference.pdf', 'rb').read().encode('base64')",88,0
209513,Convert hex string to int,Convert hex string `s` to integer,"int(s, 16)",89,0
209513,Convert hex string to int,"Convert hex string ""deadbeef"" to integer","int('deadbeef', 16)",90,0
209513,Convert hex string to int,"Convert hex string ""a"" to integer","int('a', 16)",91,0
209513,Convert hex string to int,"Convert hex string ""0xa"" to integer","int('0xa', 16)",92,0
209513,Convert hex string to int,Convert hex string `hexString` to int,"int(hexString, 16)",93,0
209840,Map two lists into a dictionary in Python,map two lists `keys` and `values` into a dictionary,"dict([(k, v) for k, v in zip(keys, values)])",94,0
209840,Map two lists into a dictionary in Python,map two lists `keys` and `values` into a dictionary,"dict((k, v) for k, v in zip(keys, values))",95,0
209840,Map two lists into a dictionary in Python,map two lists `keys` and `values` into a dictionary,"new_dict = {k: v for k, v in zip(keys, values)}",96,0
227459,"get the <a href=""http://en.wikipedia.org/wiki/ASCII"" rel=""nofollow noreferrer"">ASCII</a> value of a character as an int",get the ASCII value of a character as an int,ord(),97,0
227459,"get the <a href=""http://en.wikipedia.org/wiki/ASCII"" rel=""nofollow noreferrer"">ASCII</a> value of a character as an int",get the ASCII value of a character 'a' as an int,ord('a'),98,0
227459,"get the <a href=""http://en.wikipedia.org/wiki/ASCII"" rel=""nofollow noreferrer"">ASCII</a> value of a character as an int",get the ASCII value of a character u'あ' as an int,ord('\u3042'),99,0
234512,Splitting strings in python,split a string 's' by space while ignoring spaces within square braces and quotes.,"re.findall('\\[[^\\]]*\\]|""[^""]*""|\\S+', s)",100,0
237079,get file creation & modification date/times in,get modified time of file `file`,print(('last modified: %s' % time.ctime(os.path.getmtime(file)))),101,0
237079,get file creation & modification date/times in,get modification time of file `path`,os.path.getmtime(path),102,0
237079,get file creation & modification date/times in,get modification time of file `filename`,t = os.path.getmtime(filename),103,0
237079,get file creation & modification date/times in,get creation time of file `file`,time.ctime(os.path.getctime(file)),104,0
237079,get file creation & modification date/times in,get the creation time of file `path_to_file`,return os.path.getctime(path_to_file),105,0
237079,get file creation & modification date/times in,get the creation time of file `file`,print(('created: %s' % time.ctime(os.path.getctime(file)))),106,0
237079,get file creation & modification date/times in,get modified time of file `file`,time.ctime(os.path.getmtime(file)),107,0
247724,How can I launch an instance of an application using Python?,How can I launch an instance of an application using Python?,os.system('start excel.exe <path/to/file>'),108,0
247770,Retrieving python module path,get the path of module `a_module`,print(a_module.__file__),109,0
247770,Retrieving python module path,get the path of the current python module,print(os.getcwd()),110,0
247770,Retrieving python module path,get the path of the python module `amodule`,path = os.path.abspath(amodule.__file__),111,0
251464,How to get a function name as a string in Python?,get a name of function `my_function` as a string,my_function.__name__,112,0
251464,How to get a function name as a string in Python?,How to get a function name as a string in Python?,my_function.__name__,113,0
258746,Slicing URL with Python,"Slice `url` with '&' as delimiter  to get  ""http://www.domainname.com/page?CONTENT_ITEM_ID=1234"" from url ""http://www.domainname.com/page?CONTENT_ITEM_ID=1234&param2&param3
""",url.split('&'),114,0
265960,Best way to strip punctuation from a string in Python,Strip punctuation from string `s`,"s.translate(None, string.punctuation)",115,0
273192,check if a directory exists and create it if necessary,check if directory `directory ` exists and create it if necessary,"if (not os.path.exists(directory)):
    os.makedirs(directory)",116,0
273192,check if a directory exists and create it if necessary,check if a directory `path` exists and create it if necessary,"try:
    os.makedirs(path)
except OSError:
    if (not os.path.isdir(path)):
        raise",117,0
273192,check if a directory exists and create it if necessary,check if a directory `path` exists and create it if necessary,distutils.dir_util.mkpath(path),118,0
273192,check if a directory exists and create it if necessary,check if a directory `path` exists and create it if necessary,"try:
    os.makedirs(path)
except OSError as exception:
    if (exception.errno != errno.EEXIST):
        raise",119,0
275018,remove (chomp) a newline,remove newline in string 'Mac EOL\r','Mac EOL\r'.rstrip('\r\n'),120,0
275018,remove (chomp) a newline,remove newline in string 'Windows EOL\r\n' on the right side,'Windows EOL\r\n'.rstrip('\r\n'),121,0
275018,remove (chomp) a newline,remove newline in string 'Unix EOL\n' on the right side,'Unix EOL\n'.rstrip('\r\n'),122,0
275018,remove (chomp) a newline,remove newline in string `s` on the right side,s.rstrip(),123,0
275018,remove (chomp) a newline,remove newline in string `s`,s.strip(),124,0
275018,remove (chomp) a newline,remove trailing newline in string 'test string \n\n','test string \n\n'.rstrip('\n'),125,0
275018,remove (chomp) a newline,"remove newline in string ""Hello\n\n\n"" on the right side",'Hello\n\n\n'.rstrip('\n'),126,0
275018,remove (chomp) a newline,"remove trailing newline in string ""test string\n""",'test string\n'.rstrip(),127,0
275018,remove (chomp) a newline,remove newline in string `s` on the left side,s.lstrip(),128,0
276052,get current CPU and RAM usage,get current CPU and RAM usage,"psutil.cpu_percent()
psutil.virtual_memory()",129,0
276052,get current CPU and RAM usage,print cpu and memory usage,"print((psutil.cpu_percent()))
print((psutil.virtual_memory()))",130,0
276052,get current CPU and RAM usage,get current RAM usage of current program,"pid = os.getpid()
py = psutil.Process(pid)
memoryUse = (py.memory_info()[0] / (2.0 ** 30))",131,0
299446,How do I change directory back to my original working directory with Python?,change working directory to the directory `owd`,os.chdir(owd),132,0
300445,How to unquote a urlencoded unicode string in python?,unquote a urlencoded unicode string '%0a',urllib.parse.unquote('%0a'),133,0
300445,How to unquote a urlencoded unicode string in python?,decode url `url` from UTF-16 code to UTF-8 code,urllib.parse.unquote(url).decode('utf8'),134,0
303200,How do I remove/delete a folder that is not empty with Python?,remove directory tree '/folder_name',shutil.rmtree('/folder_name'),135,0
306400,randomly select an item from a list,randomly select an item from list `foo`,random.choice(foo),136,0
307305,Play a Sound with Python,play the wav file 'sound.wav',"winsound.PlaySound('sound.wav', winsound.SND_FILENAME)",137,0
311627,print date in a regular format,print current date and time in a regular format,datetime.datetime.now().strftime('%Y-%m-%d %H:%M'),138,0
311627,print date in a regular format,print current date and time in a regular format,time.strftime('%Y-%m-%d %H:%M'),139,0
312443,How do you split a list into evenly sized chunks?,split a list `l` into evenly sized chunks `n`,"[l[i:i + n] for i in range(0, len(l), n)]",140,0
312443,How do you split a list into evenly sized chunks?,split list `l` into `n` sized lists,"[l[i:i + n] for i in range(0, len(l), n)]",141,0
317413,Get Element value with minidom with Python,get value of first child of xml node `name`,name[0].firstChild.nodeValue,142,0
319426,case insensitive string comparison,case insensitive string comparison between `first` and `second`,(first.lower() == second.lower()),143,0
319426,case insensitive string comparison,case insensitive string comparison between `string1` and `string2`,(string1.lower() == string2.lower()),144,0
319426,case insensitive string comparison,case insensitive string comparison between `string1` and `string2`,"if (string1.lower() == string2.lower()):
    pass",145,0
319426,case insensitive string comparison,case insensitive comparison of strings `string1` and `string2`,"if (string1.lower() == string2.lower()):
    print('The strings are the same (case insensitive)')
else:
    print('The strings are not the same (case insensitive)')",146,0
319426,case insensitive string comparison,case insensitive comparison between strings `first` and `second`,(first.upper() == second.upper()),147,0
329886,"In Python, is there a concise way to use a list comprehension with multiple iterators?",Get a list of tuples with multiple iterators using list comprehension,"[(i, j) for i in range(1, 3) for j in range(1, 5)]",148,0
348196,Creating a list of objects in Python,Create list `instancelist` containing 29 objects of type MyClass,instancelist = [MyClass() for i in range(29)],149,0
354038,check if a string is a number,function to check if a string is a number,isdigit(),150,0
354038,check if a string is a number (float),check if string `a` is an integer,a.isdigit(),151,0
354038,check if a string is a number,check if string `b` is a number,b.isdigit(),152,0
356483,Python regex findall numbers and dots,python regex  to find all numbers and dots from 'text',"re.findall('Test([\\d.]*\\d+)', text)",153,0
356483,Python regex findall numbers and dots,Find all numbers and dots from a string `text` using regex,"re.findall('Test([0-9.]*[0-9]+)', text)",154,0
364519,iterate over a dictionary in sorted order,iterate over a dictionary `foo` in sorted order,"for (k, v) in sorted(foo.items()):
    pass",155,0
364519,iterate over a dictionary in sorted order,iterate over a dictionary `foo` sorted by the key,"for k in sorted(foo.keys()):
    pass",156,0
364519,iterate over a dictionary in sorted order,iterate over a dictionary `dict` in sorted order,return sorted(dict.items()),157,0
364519,iterate over a dictionary in sorted order,iterate over a dictionary `d` in sorted order,"for (key, value) in sorted(d.items()):
    pass",158,0
364519,iterate over a dictionary in sorted order,iterate over a dictionary `d` in sorted order,it = iter(sorted(d.items())),159,0
364519,iterate over a dictionary in sorted order,iterate over a dictionary `dict` in sorted order,return iter(sorted(dict.items())),160,0
364621,get item's position in a list,get the position of item 1 in `testlist`,"[i for (i, x) in enumerate(testlist) if (x == 1)]",161,0
364621,get item's position in a list,get the position of item 1 in `testlist`,"for i in (i for (i, x) in enumerate(testlist) if (x == 1)):
    pass",162,0
364621,get item's position in a list,get the position of item 1 in `testlist`,"gen = (i for (i, x) in enumerate(testlist) if (x == 1))
for i in gen:
    pass",163,0
364621,get item's position in a list,get the position of item `element` in list `testlist`,print(testlist.index(element)),164,0
364621,get item's position in a list,get the position of item 1 in `testlist`,"for i in [i for (i, x) in enumerate(testlist) if (x == 1)]:
    pass",165,0
364621,get item's position in a list,get the position of item 1 in `testlist`,"[i for (i, x) in enumerate(testlist) if (x == 1)]",166,0
364621,get item's position in a list,get the position of item `element` in list `testlist`,"try:
    print(testlist.index(element))
except ValueError:
    pass",167,0
367155,Splitting a string into words and punctuation,split a unicode string `text` into a list of words and punctuation characters with a regex,"re.findall('\\w+|[^\\w\\s]', text, re.UNICODE)",168,0
372102,UTF in Python Regex,create a regular expression object with the pattern '\xe2\x80\x93',re.compile('\xe2\x80\x93'),169,0
373194,Python regex for MD5 hash,find all matches of regex pattern '([a-fA-F\\d]{32})' in string `data`,"re.findall('([a-fA-F\\d]{32})', data)",170,0
373459,split string on a number of different characters,"split string 'a b.c' on space "" "" and dot character "".""","re.split('[ .]', 'a b.c')",171,0
379906,Parse String to Float or Int,parse string `a` to float,float(a),172,0
379906,Parse String to Float or Int,Parse String `s` to Float or Int,"try:
    return int(s)
except ValueError:
    return float(s)",173,0
402504,determine the variable type,determine the type of variable `v`,type(v),174,0
402504,determine the variable type,determine the type of variable `v`,type(v),175,0
402504,determine the variable type,get the type of variable `variable_name`,print(type(variable_name)),176,0
402504,determine the variable type,determine the type of variable `v`,type(v),177,0
402504,determine the variable type,get the type of `i`,type(i),178,0
402504,determine the variable type,determine the type of variable `v`,type(v),179,0
403421,"How to sort a list of objects , based on an attribute of the objects?",sort a list of objects `ut` in reverse order by their `count` property,"ut.sort(key=lambda x: x.count, reverse=True)",180,0
403421,"How to sort a list of objects , based on an attribute of the objects?",reverse list `ut` based on the `count` attribute of each object,"ut.sort(key=lambda x: x.count, reverse=True)",181,0
403421,"How to sort a list of objects , based on an attribute of the objects?","sort a list of objects `ut`, based on a function `cmpfun` in descending order","ut.sort(key=cmpfun, reverse=True)",182,0
406121,Flattening a shallow list in Python,flatten list `list_of_menuitems`,[image for menuitem in list_of_menuitems for image in menuitem],183,0
415511,get current time,get current time in string format,str(datetime.now()),184,0
415511,get current time,get current time in pretty format,"strftime('%Y-%m-%d %H:%M:%S', gmtime())",185,0
415511,get current time,get current time,datetime.datetime.now().time(),186,0
415511,get current time,get current date and time,datetime.datetime.now(),187,0
415511,get current time,get current time,datetime.datetime.time(datetime.datetime.now()),188,0
432842,get the logical xor of two variables,get logical xor of `a` and `b`,(bool(a) ^ bool(b)),189,0
432842,get the logical xor of two variables,get the logical xor of two variables `str1` and `str2`,return (bool(str1) ^ bool(str2)),190,0
432842,get the logical xor of two variables,get logical xor of `a` and `b`,"xor(bool(a), bool(b))",191,0
432842,get the logical xor of two variables,get logical xor of `a` and `b`,((a and (not b)) or ((not a) and b)),192,0
432842,get the logical xor of two variables,get logical xor of `a` and `b`,(bool(a) != bool(b)),193,0
436599,Python Split String,truncate string `s` up to character ':',"s.split(':', 1)[1]",194,0
438684,How to convert a list of longs into a comma separated string in python,convert list `list_of_ints` into a comma separated string,""""""","""""".join([str(i) for i in list_of_ints])",195,0
439115,random Decimal in python,generate random Decimal,decimal.Decimal(random.randrange(10000)) / 100,196,0
444058,python - readable list of objects,display attribute `attr` for each object `obj` in list `my_list_of_objs`,print([obj.attr for obj in my_list_of_objs]),197,0
444591,convert a string of bytes into an int (python),convert string of bytes `y\xcc\xa6\xbb` into an int,"struct.unpack('<L', 'y\xcc\xa6\xbb')[0]",198,0
455612,Limiting floats to two decimal points,limit float 13.949999999999999 to two decimal points,'{0:.2f}'.format(13.95),199,0
455612,Limiting floats to two decimal points,limit float 3.14159 to two decimal points,('%.2f' % 3.14159),200,0
455612,Limiting floats to two decimal points,limit float 13.9499999 to two decimal points,('%.2f' % 13.9499999),201,0
455612,Limiting floats to two decimal points,print float `a` with two decimal points,"print(('%.2f' % round(a, 2)))",202,0
455612,Limiting floats to two decimal points,print float `a` with two decimal points,"print(('{0:.2f}'.format(round(a, 2))))",203,0
455612,Limiting floats to two decimal points,print float `a` with two decimal points,print(('%.2f' % a)),204,0
455612,Limiting floats to two decimal points,print float `a` with two decimal points,print(('{0:.2f}'.format(a))),205,0
455612,Limiting floats to two decimal points,limit float 13.949999999999999 to two decimal points,float('{0:.2f}'.format(13.95)),206,0
464736,Python regular expressions - how to capture multiple groups from a wildcard expression?,split string 'abcdefg' into a list of characters,"re.findall('\\w', 'abcdefg')",207,0
466345,Converting string into datetime,"parse string ""Jun 1 2005  1:33PM"" into datetime by format ""%b %d %Y %I:%M%p""","datetime.strptime('Jun 1 2005  1:33PM', '%b %d %Y %I:%M%p')",208,0
466345,Converting string into datetime,"parse string ""Aug 28 1999 12:00AM"" into datetime",parser.parse('Aug 28 1999 12:00AM'),209,0
493386,print in Python without newline or space,"print ""."" without newline",sys.stdout.write('.'),210,0
498106,How do I compile a Visual Studio project from the command-line?,compile Visual Studio project `project.sln` from the command line through python,os.system('msbuild project.sln /p:Configuration=Debug'),211,0
508657,Multidimensional array in Python,Create multidimensional array `matrix` with 3 rows and 2 columns in python,"matrix = [[a, b], [c, d], [e, f]]",212,0
509742,Change directory to the directory of a Python script,change directory to the directory of a python script,os.chdir(os.path.dirname(__file__)),213,0
510348,make a time delay,make a 60 seconds time delay,time.sleep(60),214,0
510348,make a time delay,make a 0.1 seconds time delay,time.sleep(0.1),215,0
510348,make a time delay,make a 60 seconds time delay,time.sleep(60),216,0
510348,make a time delay,"delay for ""5"" seconds",time.sleep(5),217,0
510348,make a time delay,make a 0.1 seconds time delay,sleep(0.1),218,0
510357,read a single character from the user,read a single character from stdin,sys.stdin.read(1),219,0
517355,String formatting in Python,"print '[1, 2, 3]'","print('[%s, %s, %s]' % (1, 2, 3))",220,0
517355,String formatting in Python,Display `1 2 3` as a list of string,"print('[{0}, {1}, {2}]'.format(1, 2, 3))",221,0
518021,Getting the length of an array,Get the length of list `my_list`,len(my_list),222,0
518021,Getting the length of an array,Getting the length of array `l`,len(l),223,0
518021,Getting the length of an array,Getting the length of `my_tuple`,len(my_tuple),224,0
518021,Getting the length of an array,Getting the length of array `s`,len(s),225,0
518021,Getting the length of an array,Getting the length of `my_string`,len(my_string),226,0
521502,How to get the concrete class name as a string?,How to get the concrete class name as a string?,instance.__class__.__name__,227,0
533398,"In python 2.4, how can I execute external commands with csh instead of bash?",execute command 'echo $0' in Z shell,"os.system(""zsh -c 'echo $0'"")",228,0
533398,"In python 2.4, how can I execute external commands with csh instead of bash?",execute external commands/script `your_own_script` with csh instead of bash,os.system('tcsh your_own_script'),229,0
546321,How do I calculate the date six months from the current date,get the date 6 months from today,six_months = (date.today() + relativedelta(months=(+ 6))),230,0
546321,calculate the date six months from the current date,calculate the date six months from the current date,print((datetime.date.today() + datetime.timedelta(((6 * 365) / 12))).isoformat()),231,0
546321,How do I calculate the date six months from the current date,get the date 2 months from today,"(date(2010, 12, 31) + relativedelta(months=(+ 2)))",232,0
546321,How do I calculate the date six months from the current date,get the date 1 month from today,"(date(2010, 12, 31) + relativedelta(months=(+ 1)))",233,0
574236,How to determine number of files on a drive with Python?,determine number of files on a drive with python,os.statvfs('/').f_files - os.statvfs('/').f_ffree,234,0
575819,Sorting dictionary keys in python,create a list containing keys of dictionary `d` and sort it alphabetically,"sorted(d, key=d.get)",235,0
577234,"Python ""extend"" for a dictionary",extend dictionary `a` with key/value pairs of dictionary `b`,a.update(b),236,0
579856,What's the Pythonic way to combine two sequences into a dictionary?,combine two sequences into a dictionary,"dict(zip(keys, values))",237,0
583557,What is the best way to print a table with delimiters in Python,print a 2 dimensional list `tab` as a table with delimiters,print('\n'.join('\t'.join(str(col) for col in row) for row in tab)),238,0
587345,Python regular expression matching a multiline block of text,create a regular expression that matches the pattern '^(.+)(?:\\n|\\r\\n?)((?:(?:\\n|\\r\\n?).+)+)' over multiple lines of text,"re.compile('^(.+)(?:\\n|\\r\\n?)((?:(?:\\n|\\r\\n?).+)+)', re.MULTILINE)",239,0
587345,Python regular expression matching a multiline block of text,"regular expression ""^(.+)\\n((?:\\n.+)+)"" matching a multiline block of text","re.compile('^(.+)\\n((?:\\n.+)+)', re.MULTILINE)",240,0
587647,How to increment a value with leading zeroes?,increment a value with leading zeroes in a number `x`,str(int(x) + 1).zfill(len(x)),241,0
598398,Searching a list of objects in Python,"get elements from list `myList`, that have a field `n` value 30",[x for x in myList if x.n == 30],242,0
610883,know if an object has an attribute,get the value of attribute 'property' of object `a` with default value 'default value',"getattr(a, 'property', 'default value')",243,0
610883,know if an object has an attribute,check if object `a` has property 'property',"if hasattr(a, 'property'):
    pass",244,0
610883,know if an object has an attribute,check if object `a` has property 'property',"if hasattr(a, 'property'):
    pass",245,0
613183,Sort a Python dictionary by value,Sort dictionary `d` by value in descending order,"sorted(d, key=d.get, reverse=True)",246,0
613183,Sort a Python dictionary by value,Sort dictionary `dict1` by value in ascending order,"sorted(dict1, key=dict1.get)",247,0
613183,Sort a Python dictionary by value,Sort dictionary `x` by value in ascending order,"sorted(list(x.items()), key=operator.itemgetter(1))",248,0
613183,Sort a Python dictionary by value,Sort dictionary `d` by value in ascending order,"sorted(list(d.items()), key=(lambda x: x[1]))",249,0
627435,remove an element from a list by index,remove the last element in list `a`,del a[(-1)],250,0
627435,remove an element from a list by index,remove the element in list `a` at index `index`,a.pop(index),251,0
627435,remove an element from a list by index,remove the element in list `a` at index `index`,del a[index],252,0
627435,remove an element from a list by index,remove the last element in list `a`,a.pop(),253,0
627435,remove an element from a list by index,remove the element in list `a` with index 1,a.pop(1),254,0
638048,How do I sum the first value in each tuple in a list of tuples in Python?,How do I sum the first value in each tuple in a list of tuples in Python?,sum([pair[0] for pair in list_of_pairs]),255,0
638360,Python - How to calculate equal parts of two dictionaries?,get set intersection between dictionaries `d1` and `d2`,"dict((x, set(y) & set(d1.get(x, ()))) for x, y in d2.items())",256,0
640001,How can I remove text within parentheses with a regex?,remove parentheses and text within it in string `filename`,"re.sub('\\([^)]*\\)', '', filename)",257,0
642154,convert strings into integers,"convert string ""1"" into integer",int('1'),258,0
642154,convert strings into integers,convert items in `T1` to integers,"T2 = [map(int, x) for x in T1]",259,0
642154,convert strings into integers,function to convert strings into integers,int(),260,0
647515,How can I know python's path under windows?,get the path of Python executable under windows,os.path.dirname(sys.executable),261,0
652291,sorting a list of dictionary values by date in python,sort a list of dictionary values by 'date' in reverse order,"list.sort(key=lambda item: item['date'], reverse=True)",262,0
663171,substring a string,get a new string including the first two characters of string `x`,x[:2],263,0
663171,substring a string,get a new string including all but the last character of string `x`,x[:(-2)],264,0
663171,substring a string,get a new string with the 3rd to the second-to-last characters of string `x`,x[2:(-2)],265,0
663171,get a new string from the 3rd character to the end of the string,get a new string from the 3rd character to the end of the string `x`,x[2:],266,0
663171,reversing a string,reverse a string `some_string`,some_string[::(-1)],267,0
663171,substring a string,select a substring of `s` beginning at `beginning` of length `LENGTH`,s = s[beginning:(beginning + LENGTH)],268,0
663171,selecting alternate characters,"select alternate characters of ""H-e-l-l-o- -W-o-r-l-d""",'H-e-l-l-o- -W-o-r-l-d'[::2],269,0
663171,substring a string,get a new string including the last two characters of string `x`,x[(-2):],270,0
674509,"How do I iterate over a Python dictionary, ordered by values?","iterate over a python dictionary, ordered by values","sorted(list(dictionary.items()), key=lambda x: x[1])",271,0
674509,"How do I iterate over a Python dictionary, ordered by values?",sort dictionary `dictionary` in ascending order by its values,"sorted(list(dictionary.items()), key=operator.itemgetter(1))",272,0
674509,"How do I iterate over a Python dictionary, ordered by values?",Iterate over dictionary `d` in ascending order of values,"sorted(iter(d.items()), key=lambda x: x[1])",273,0
674519,How can I convert a Python dictionary to a list of tuples?,convert python 2 dictionary `a` to a list of tuples where the value is the first tuple element and the key is the second tuple element,"[(v, k) for k, v in a.items()]",274,0
674519,How can I convert a Python dictionary to a list of tuples?,convert a python dictionary `d` to a list of tuples,"[(v, k) for k, v in list(d.items())]",275,0
674519,How can I convert a Python dictionary to a list of tuples?,convert a python dictionary 'a' to a list of tuples,"[(k, v) for k, v in a.items()]",276,0
674519,How can I convert a Python dictionary to a list of tuples?,convert dictionary of pairs `d` to a list of tuples,"[(v, k) for k, v in d.items()]",277,0
674764,string find,find the index of sub string 'a' in string `str`,str.find('a'),278,0
674764,string find,find the index of sub string 'df' in string 'sdfasdf','sdfasdf'.index('df'),279,0
674764,string find,find the index of sub string 's' in string `str` starting from index 16,"str.find('s', 16)",280,0
674764,string find,find the index of sub string 's' in string `str` starting from index 15,"str.find('s', 15)",281,0
674764,string find,find the index of sub string 's' in string `str` starting from index 11 and ending at index 14,"str.find('s', 11, 14)",282,0
674764,string find,find the index of sub string 'World' in `x`,x.find('World'),283,0
674764,string find,find the index of sub string 'cc' in string 'sdfasdf','sdfasdf'.index('cc'),284,0
674764,string find,find the index of sub string 's' in string `str` starting from index 11,"str.find('s', 11)",285,0
674764,string find,find the index of sub string 'g' in string `str`,str.find('g'),286,0
674764,string find,find the index of sub string 'Aloha' in `x`,x.find('Aloha'),287,0
677656,How to extract from a list of objects a list of specific attribute?,extract attribute `my_attr` from each object in list `my_list`,[o.my_attr for o in my_list],288,0
678236,How to get the filename without the extension from a path in Python?,get the filename without the extension from file 'hemanth.txt',print(os.path.splitext(os.path.basename('hemanth.txt'))[0]),289,0
687295,How do I do a not equal in Django queryset filtering?,Filter model 'Entry' where 'id' is not equal to 3 in Django,Entry.objects.filter(~Q(id=3)),290,0
698223,How can I parse a time string containing milliseconds in it with python?,How can I parse a time string containing milliseconds in it with python?,"time.strptime('30/03/09 16:31:32.123', '%d/%m/%y %H:%M:%S.%f')",291,0
701402,Best way to choose a random file from a directory,"choose a random file from the directory contents of the C drive, `C:\\`",random.choice(os.listdir('C:\\')),292,0
715417,Converting from a string to boolean in Python?,Convert string to boolean from defined set of strings,"s in ['true', '1', 't', 'y', 'yes', 'yeah', 'yup', 'certainly', 'uh-huh']",293,0
715550,Best way to encode tuples with json,"serialize dictionary `d` as a JSON formatted string with each key formatted to pattern '%d,%d'","simplejson.dumps(dict([('%d,%d' % k, v) for k, v in list(d.items())]))",294,0
716477,join list of lists in python,Convert nested list `x` into a flat list,[j for i in x for j in i],295,0
716477,join list of lists in python,get each value from a list of lists `a` using itertools,print(list(itertools.chain.from_iterable(a))),296,0
727507,How can I convert Unicode to uppercase to print it?,print unicode string `ex\xe1mple` in uppercase,print('ex\xe1mple'.upper()),297,0
730764,do a try-except without handling the exception,call `doSomething()` in a try-except without handling the exception,"try:
    doSomething()
except:
    pass",298,0
730764,do a try-except without handling the exception,call `doSomething()` in a try-except without handling the exception,"try:
    doSomething()
except Exception:
    pass",299,0
739993,get a list of locally installed Python modules,get a list of locally installed Python modules,help('modules'),300,0
740287,How to check if one of the following items is in a list?,check if any item from list `b` is in list `a`,print(any(x in a for x in b)),301,0
741877,How do I tell matplotlib that I am done with a plot?,Matplotlib clear the current axes.,plt.cla(),302,0
743806,Split string into a list,Split string `line` into a list by whitespace,line.split(),303,0
743806,Split string into a list,"split string `text` by "",""","text.split(',')",304,0
743806,Split string into a list,split string `text` by space,text.split(),305,0
748028,How to get output of exe in python script?,get output from process `p1`,p1.communicate()[0],306,0
748028,How to get output of exe in python script?,How to get output of exe in python script?,"output = subprocess.Popen(['mycmd', 'myarg'], stdout=PIPE).communicate()[0]",307,0
748491,How do I create a datetime in Python from milliseconds?,convert `ms` milliseconds to a datetime object,datetime.datetime.fromtimestamp(ms / 1000.0),308,0
753052,Strip HTML from strings in Python,strip html from strings,"re.sub('<[^<]+?>', '', text)",309,0
755857,Default value for field in Django model,Django set default value of field `b` equal to '0000000',"b = models.CharField(max_length=7, default='0000000', editable=False)",310,0
761804,Trimming a string,"Trimming a string ""Bob has a cat""",'Bob has a cat'.strip(),311,0
761804,Trimming a string,"left trimming ""\n\r"" from string `myString`",myString.lstrip('\n\r'),312,0
761804,Trimming a string,"right trimming ""\n\t"" from string `myString`",myString.rstrip('\n\t'),313,0
761804,Trimming a string,"Trimming a string ""  Hello\n"" by space",'  Hello\n'.strip(' '),314,0
761804,Trimming a string,"Trimming ""\n"" from string `myString`",myString.strip('\n'),315,0
761804,Trimming a string,Trimming a string `str`,str.strip(),316,0
761804,Trimming a string,"Trimming a string "" Hello""",' Hello'.strip(),317,0
761804,Trimming a string,"Trimming a string "" Hello """,' Hello '.strip(),318,0
761804,Trimming a string,trim string `myString `,myString.strip(),319,0
761804,Trimming a string,"trim string "" Hello """,' Hello '.strip(),320,0
761804,Trimming a string,"Trimming a string ""          Hello        """,'          Hello        '.strip(),321,0
764235,Dictionary to lowercase in Python,"Convert each key,value pair in a dictionary `{'My Key': 'My Value'}` to lowercase","dict((k.lower(), v.lower()) for k, v in {'My Key': 'My Value'}.items())",322,0
764235,Dictionary to lowercase in Python,lowercase keys and values in dictionary `{'My Key': 'My Value'}`,"{k.lower(): v.lower() for k, v in list({'My Key': 'My Value'}.items())}",323,0
764235,Dictionary to lowercase in Python,lowercase all keys and values in dictionary `{'My Key': 'My Value'}`,"dict((k.lower(), v) for k, v in {'My Key': 'My Value'}.items())",324,0
773814,Plot logarithmic axes with matplotlib in python,plot logarithmic axes with matplotlib,ax.set_yscale('log'),325,0
775296,Python MySQL Parameterized Queries,MySQL execute query 'SELECT * FROM foo WHERE bar = %s AND baz = %s' with parameters `param1` and `param2`,"c.execute('SELECT * FROM foo WHERE bar = %s AND baz = %s', (param1, param2))",326,0
783897,Truncating floats in Python,truncate float 1.923328437452 to 3 decimal places,"round(1.923328437452, 3)",327,0
794995,How to convert datetime to string in python in django,Jinja2 formate date `item.date` accorto pattern 'Y M d',{{(item.date | date): 'Y M d'}},328,0
798854,All combinations of a list of lists,create a list containing all cartesian products of elements in list `a`,list(itertools.product(*a)),329,0
804995,How to use subprocess when multiple arguments contain spaces?,Call a subprocess with arguments `c:\\Program Files\\VMware\\VMware Server\\vmware-cmd.bat` that may contain spaces,subprocess.Popen(['c:\\Program Files\\VMware\\VMware Server\\vmware-cmd.bat']),330,0
817087,Call a function with argument list in python,call a function with argument list `args`,func(*args),331,0
817122,Delete digits in Python (Regex),delete all digits in string `s` that are not directly attached to a word character,"re.sub('$\\d+\\W+|\\b\\d+\\b|\\W+\\d+$', '', s)",332,0
817122,Delete digits in Python (Regex),delete digits at the end of string `s`,"re.sub('\\b\\d+\\b', '', s)",333,0
817122,Delete digits in Python (Regex),Delete self-contained digits from string `s`,"s = re.sub('^\\d+\\s|\\s\\d+\\s|\\s\\d+$', ' ', s)",334,0
818949,How to convert strings numbers to integers in a list?,create list `changed_list ` containing elements of list `original_list` whilst converting strings containing digits to integers,changed_list = [(int(f) if f.isdigit() else f) for f in original_list],335,0
826284,How do I convert a string 2 bytes long to an integer in python,unpack first and second bytes of byte string `pS` into integer,"struct.unpack('h', pS[0:2])",336,0
843277,check if a variable exists,check if a global variable `myVar` exists,('myVar' in globals()),337,0
843277,check if a variable exists,check if a local variable `myVar` exists,('myVar' in locals()),338,0
843277,check if a variable exists,check if a local variable 'myVar' exists,"if ('myVar' in locals()):
    pass",339,0
843277,check if a variable exists,check if a global variable 'myVar' exists,"if ('myVar' in globals()):
    pass",340,0
843277,check if a variable exists,check if object `obj` has attribute 'attr_name',"hasattr(obj, 'attr_name')",341,0
845058,get line count,get line count of file `filename`,"def bufcount(filename):
    f = open(filename)
    lines = 0
    buf_size = (1024 * 1024)
    read_f = f.read
    buf = read_f(buf_size)
    while buf:
        lines += buf.count('\n')
        buf = read_f(buf_size)
    return lines",342,0
845058,get line count,get line count of file 'myfile.txt',sum((1 for line in open('myfile.txt'))),343,0
849674,Simple threading in Python 2.6 using thread.start_new_thread(),start a new thread for `myfunction` with parameters 'MyStringHere' and 1,"thread.start_new_thread(myfunction, ('MyStringHere', 1))",344,0
849674,Simple threading in Python 2.6 using thread.start_new_thread(),start a new thread for `myfunction` with parameters 'MyStringHere' and 1,"thread.start_new_thread(myfunction, ('MyStringHere', 1))",345,0
852055,Build a GQL query (for Google App Engine) that has a condition on ReferenceProperty,Google App Engine execute GQL query 'SELECT * FROM Schedule WHERE station = $1' with parameter `foo.key()`,"db.GqlQuery('SELECT * FROM Schedule WHERE station = $1', foo.key())",346,0
861190,Ordering a list of dictionaries in python,ordering a list of dictionaries `mylist` by elements 'weight' and 'factor',"mylist.sort(key=lambda d: (d['weight'], d['factor']))",347,0
861190,Ordering a list of dictionaries in python,"Sort a list of dictionaries `mylist` by keys ""weight"" and ""factor""","mylist.sort(key=operator.itemgetter('weight', 'factor'))",348,0
867866,Convert unicode codepoint to UTF8 hex in python,convert Unicode codepoint to utf8 hex,"chr(int('fd9b', 16)).encode('utf-8')",349,0
875968,How to remove symbols from a string with Python?,remove symbols from a string `s`,"re.sub('[^\\w]', ' ', s)",350,0
899103,Writing a list to a file with Python,writing items in list `thelist` to file `thefile`,"for item in thelist:
    pass",351,0
899103,Writing a list to a file with Python,writing items in list `thelist` to file `thefile`,"for item in thelist:
    thefile.write(('%s\n' % item))",352,0
899103,Writing a list to a file with Python,writing items in list `itemlist` to file `outfile`,outfile.write('\n'.join(itemlist)),353,0
899103,Writing a list to a file with Python,serialize `itemlist` to file `outfile`,"pickle.dump(itemlist, outfile)",354,0
902408,How to use variables in SQL statement in Python?,"insert variables `(var1, var2, var3)` into sql statement 'INSERT INTO table VALUES (?, ?, ?)'","cursor.execute('INSERT INTO table VALUES (?, ?, ?)', (var1, var2, var3))",355,0
902408,How to use variables in SQL statement in Python?,"Execute a sql statement using variables `var1`, `var2` and `var3`","cursor.execute('INSERT INTO table VALUES (%s, %s, %s)', (var1, var2, var3))",356,0
902408,How to use variables in SQL statement in Python?,How to use variables in SQL statement in Python?,"cursor.execute('INSERT INTO table VALUES (%s, %s, %s)', (var1, var2, var3))",357,0
902761,Saving a Numpy array as an image,save a numpy array `image_array` as an image 'outfile.jpg',"scipy.misc.imsave('outfile.jpg', image_array)",358,0
903853,How do you extract a column from a multi-dimensional array?,Get all the second values from a list of lists `A`,[row[1] for row in A],359,0
903853,How do you extract a column from a multi-dimensional array?,extract first column from a multi-dimensional array `a`,[row[0] for row in a],360,0
930397,Getting the last element of a list,get the last element in list `alist`,alist[(-1)],361,0
930397,gets the nth-to-last element,gets the `n` th-to-last element in list `some_list`,some_list[(- n)],362,0
930397,Getting the last element of a list,get the last element in list `astr`,astr[(-1)],363,0
930397,Getting the last element of a list,Getting the last element of list `some_list`,some_list[(-1)],364,0
930397,Getting the last element of a list,Getting the second to last element of list `some_list`,some_list[(-2)],365,0
930865,how to sort by a computed value in django,sort objects in model `Profile` based on Theirs `reputation` attribute,"sorted(Profile.objects.all(), key=lambda p: p.reputation)",366,0
931092,Reverse a string,Reverse a string `s`,''.join(reversed(s)),367,0
931092,Reverse a string,Reverse a string `a_string`,"def reversed_string(a_string):
    return a_string[::(-1)]",368,0
931092,Reverse a string,Reverse a string `a_string`,a_string[::(-1)],369,0
931092,Reverse a string,"Reverse a string ""foo""",'foo'[::(-1)],370,0
931092,Reverse a string,Reverse a string 'hello world','hello world'[::(-1)],371,0
931092,Reverse a string,Reverse a string `string`,''.join(reversed(string)),372,0
931092,Reverse a string,Reverse list `s`,s[::(-1)],373,0
931092,Reverse a string,Reverse string 'foo',''.join(reversed('foo')),374,0
940822,"Regular expression syntax for ""match nothing""?",regular expression syntax for not to match anything,re.compile('.\\A|.\\A*|.\\A+'),375,0
940822,"Regular expression syntax for ""match nothing""?",create a regular expression object with a pattern that will match nothing,re.compile('a^'),376,0
940822,"Regular expression syntax for ""match nothing""?",regular expression match nothing,re.compile('$^'),377,0
943809,String manipulation in Cython,replace occurrences of two whitespaces or more with one whitespace ' ' in string `s`,"re.sub(' +', ' ', s)",378,0
