question_id,intent,rewritten_intent,snippet,idx,time_batch
37004138,How to eliminate all strings from a list,get all the elements except strings from the list 'lst'.,"[element for element in lst if not isinstance(element, str)]",2719,61
37004138,How to eliminate all strings from a list,eliminate all strings from list `lst`,"[element for element in lst if isinstance(element, int)]",2720,61
37080612,pandas DataFrame filter regex,get rows of dataframe `df` that match regex '(Hel|Just)',df.loc[df[0].str.contains('(Hel|Just)')],2721,61
37084812,How to remove decimal points in pandas,remove decimal points in pandas data frame using round,df.round(),2722,61
37125495,How to get the N maximum values per row in a numpy ndarray?,get the maximum 2 values per row in array `A`,"A[:, -2:]",2723,61
37497559,Python Pandas Identify Duplicated rows with Additional Column,identify duplicated rows in columns 'PplNum' and 'RoomNum' with additional column in dataframe `df`,"df.groupby(['PplNum', 'RoomNum']).cumcount() + 1",2724,61
37584492,Regular expression substitution in Python,remove all instances of parenthesesis containing text beginning with `as ` from string `line`,"line = re.sub('\\(+as .*?\\) ', '', line)",2725,61
37619348,Summing 2nd list items in a list of lists of lists,Get a list of lists with summing the values of the second element from each list of lists `data`,[[sum([x[1] for x in i])] for i in data],2726,61
37619348,Summing 2nd list items in a list of lists of lists,summing the second item in a list of lists of lists,[sum([x[1] for x in i]) for i in data],2727,61
37855490,adding new key inside a new key and assigning value in python dictionary,add dictionary `{'class': {'section': 5}}` to key 'Test' of dictionary `dic`,dic['Test'].update({'class': {'section': 5}}),2728,61
37878946,Indexing one array by another in numpy,create a NumPy array containing elements of array `A` as pointed to by index in array `B`,"A[np.arange(A.shape[0])[:, (None)], B]",2729,61
37934969,Creating a Pandas dataframe from elements of a dictionary,create a pandas dataframe `df` from elements of a dictionary `nvalues`,"df = pd.DataFrame.from_dict({k: v for k, v in list(nvalues.items()) if k != 'y3'})",2730,61
38081866,Is there a way to run powershell code in python,execute script 'script.ps1' using 'powershell.exe' shell,"os.system('powershell.exe', 'script.ps1')",2731,61
38147259,How to work with surrogate pairs in Python?,Print a emoji from a string `\\ud83d\\ude4f` having surrogate pairs,"""""""\\ud83d\\ude4f"""""".encode('utf-16', 'surrogatepass').decode('utf-16')",2732,61
38147447,How to remove square bracket from pandas dataframe,get element at index 0 of each list in column 'value' of dataframe `df`,df['value'] = df['value'].str.get(0),2733,61
38147447,How to remove square bracket from pandas dataframe,set data in column 'value' of dataframe `df` equal to first element of each list,df['value'] = df['value'].str[0],2734,61
38147447,How to remove square bracket from pandas dataframe,remove square bracket '[]' from pandas dataframe `df` column 'value',df['value'] = df['value'].str.strip('[]'),2735,61
38152389,Coalesce values from 2 columns into a single column in a pandas dataframe,combine values from column 'b' and column 'a' of dataframe `df`  into column 'c' of datafram `df`,"df['c'] = np.where(df['a'].isnull, df['b'], df['a'])",2736,61
38231591,Splitting dictionary/list inside a Pandas Column into Separate Columns,split dictionary/list inside a pandas column 'b' into separate columns in dataframe `df`,"pd.concat([df.drop('b', axis=1), pd.DataFrame(df['b'].tolist())], axis=1)",2737,61
38251245,Create a list of tuples with adjacent list elements if a condition is true,"create a list of tuples which contains number 9 and the number before it, for each occurrence of 9 in the list 'myList'","[(x, y) for x, y in zip(myList, myList[1:]) if y == 9]",2738,61
38273353,How to repeat individual characters in strings in Python,repeat every character for 7 times in string 'map',""""""""""""".join(map(lambda x: x * 7, 'map'))",2739,61
38331568,Return the column name(s) for a specific value in a pandas dataframe,return the column for value 38.15 in dataframe `df`,"df.ix[:, (df.loc[0] == 38.15)].columns",2740,61
38379453,How to read only part of a list of strings in python,get a list of substrings consisting of the first 5 characters of every string in list `buckets`,[s[:5] for s in buckets],2741,61
38388799,Sort A list of Strings Based on certain field,sort list `list_of_strings` based on second index of each string `s`,"sorted(list_of_strings, key=lambda s: s.split(',')[1])",2742,61
38426168,How to remove multiple columns that end with same text in Pandas?,get a dataframe `df2` that contains all the columns of dataframe `df` that do not end in `prefix`,"df2 = df.ix[:, (~df.columns.str.endswith('prefix'))]",2743,61
38457059,Pandas changing cell values based on another cell,change NaN values in dataframe `df` using preceding values in the frame,"df.fillna(method='ffill', inplace=True)",2744,61
38535931,Pandas: Delete rows based on multiple columns values,pandas: delete rows in dataframe `df` based on multiple columns values,"df.set_index(list('BC')).drop(tuples, errors='ignore').reset_index()",2745,61
38549915,Merging data frame columns of strings into one single column in Pandas,Merge all columns in dataframe `df` into one column,"df.apply(' '.join, axis=0)",2746,61
38704545,How to binarize the values in a pandas DataFrame?,binarize the values in columns of list `order` in a pandas data frame,"pd.concat([df, pd.get_dummies(df, '', '').astype(int)], axis=1)[order]",2747,61
38708621,How to calculate percentage of sparsity for a numpy array/matrix?,calculate ratio of sparsity in a numpy array `a`,np.isnan(a).sum() / np.prod(a.shape),2748,61
38831808,Reading hex to double-precision float python,unpack the binary data represented by the hexadecimal string '4081637ef7d0424a' to a float,"struct.unpack('d', binascii.unhexlify('4081637ef7d0424a'))",2749,61
38862349,Regex: How to match words without consecutive vowels?,Create a list containing words that contain vowel letter followed by the same vowel in file 'file.text',"[w for w in open('file.txt') if not re.search('[aeiou]{2}', w)]",2750,61
39112645,Save line in file to list,Retrieve each line from a file 'File.txt' as a list,[line.split() for line in open('File.txt')],2751,61
39129846,Sort list of mixed strings based on digits,sort list `l` based on its elements' digits,"sorted(l, key=lambda x: int(re.search('\\d+', x).group(0)))",2752,61
39159475,pandas: how to do multiple groupby-apply operations,"Use multiple groupby and agg operations `sum`, `count`, `std` for pandas data frame `df`","df.groupby(level=0).agg(['sum', 'count', 'std'])",2753,61
39187788,Find rows with non zero values in a subset of columns in pandas dataframe,find rows with non zero values in a subset of columns where `df.dtypes` is not equal to `object` in pandas dataframe,"df.loc[(df.loc[:, (df.dtypes != object)] != 0).any(1)]",2754,61
39268928,Python: how to get rid of spaces in str(dict)?,convert dictionary `dict` into a string formatted object,"'{' + ','.join('{0!r}:{1!r}'.format(*x) for x in list(dct.items())) + '}'",2755,61
39268928,Python: how to get rid of spaces in str(dict)?,"remove all spaces from a string converted from dictionary `{'a': 1, 'b': 'as df'}`","str({'a': 1, 'b': 'as df'}).replace(': ', ':').replace(', ', ',')",2756,61
39277638,Element-wise minimum of multiple vectors in numpy,get a numpy array that contains the element wise minimum of three 3x1 arrays,"np.array([np.arange(3), np.arange(2, -1, -1), np.ones((3,))]).min(axis=0)",2757,61
