question_id,intent,rewritten_intent,snippet,idx,time_batch,cluster,gradual_batch,gradual_new,recurring_batch,rec_new,sudden_batch,sudden_new
237079,get file creation & modification date/times in,get modification time of file `path`,os.path.getmtime(path),102,0,9,60,1,31,0,9,0
402504,determine the variable type,determine the type of variable `v`,type(v),174,0,4,16,1,46,1,9,0
403421,"How to sort a list of objects , based on an attribute of the objects?","sort a list of objects `ut`, based on a function `cmpfun` in descending order","ut.sort(key=cmpfun, reverse=True)",182,0,7,16,1,31,0,9,0
663171,reversing a string,reverse a string `some_string`,some_string[::(-1)],267,0,8,0,0,42,0,9,0
716477,join list of lists in python,get each value from a list of lists `a` using itertools,print(list(itertools.chain.from_iterable(a))),296,0,7,59,1,41,0,9,0
843277,check if a variable exists,check if a local variable 'myVar' exists,"if ('myVar' in locals()):
    pass",339,0,4,30,1,28,1,9,0
1185524,trim whitespace,trim whitespace in string `s`,s.strip(),421,2,8,0,0,9,0,9,0
1874194,Pythonic way to get the largest item in a list,find tuple in list of tuples `a_list` with the largest second element,"max(a_list, key=operator.itemgetter(1))",515,4,7,53,1,4,0,9,0
2051744,Reverse Y-Axis in PyPlot,reverse y-axis in pyplot,plt.gca().invert_yaxis(),538,5,4,11,1,46,1,9,0
2389846,Python Decimals format,format a string `num` using string formatting,"""""""{0:.3g}"""""".format(num)",595,6,5,11,0,23,0,9,0
3252590,Python: Finding a (string) key in a dictionary that contains a substring,Find all the items from a dictionary `D` if the key contains the string `Light`,"[(k, v) for k, v in D.items() if 'Light' in k]",722,9,1,31,0,19,0,9,0
3494906,How do I merge a list of dicts into a single dict?,merge a list of dictionaries in list `L` into a single dict,"{k: v for d in L for k, v in list(d.items())}",777,11,1,0,0,40,0,9,0
3728017,Sorting while preserving order in python,Sorting while preserving order in python,"sorted(enumerate(a), key=lambda x: x[1])",804,11,7,59,1,34,0,9,0
3877491,deleting rows in numpy array,Delete third row in a numpy array `x`,"x = numpy.delete(x, 2, axis=1)",828,12,6,27,0,2,0,9,0
3939361,Remove specific characters from a string,Remove characters in `b` from a string `a`,"a = a.replace(char, '')",845,12,8,0,0,43,0,9,0
5430470,retrieving list items from request.POST in django/python,Get a list values of a dictionary item `pass_id` from post requests in django,request.POST.getlist('pass_id'),1068,18,4,46,1,25,1,9,0
5486725,How to execute a command prompt command from python,execute a command in the command prompt to list directory contents of the c drive `c:\\',os.system('dir c:\\'),1070,18,9,36,1,52,0,9,0
7286365,Print a list in reverse order with range()?,reverse the list that contains 1 to 10,list(reversed(list(range(10)))),1219,22,7,30,1,22,0,9,0
8315209,Sending http headers with python,sending http headers to `client`,client.send('HTTP/1.0 200 OK\r\n'),1319,25,4,43,1,47,1,9,0
9210525,convert hex to decimal,"convert hex string ""FFFF"" to decimal","int('FFFF', 16)",1396,27,5,26,0,63,0,9,0
9746522,How can I use sum() function for a list in Python?,convert int values in list `numlist` to float,numlist = [float(x) for x in numlist],1443,28,5,58,0,5,0,9,0
10472907,How to convert dictionary into string,convert dictionary `adict` into string,""""""""""""".join('{}{}'.format(key, val) for key, val in list(adict.items()))",1491,29,1,40,0,30,0,9,0
11399384,Extract all keys from a list of dictionaries,create a set containing all keys' names from dictionary `LoD`,{k for d in LoD for k in list(d.keys())},1574,31,1,8,0,49,0,9,0
13628725,How to generate random numbers that are different?,generate 6 random numbers between 1 and 50,"random.sample(range(1, 50), 6)",1763,36,5,32,0,50,0,9,0
13999850,How to specify date format when using pandas.to_csv?,write dataframe `df` to csv file `filename` with dates formatted as yearmonthday  `%Y%m%d`,"df.to_csv(filename, date_format='%Y%m%d')",1796,37,3,3,0,24,0,9,0
15210485,python regex get first part of an email address,split string `s` by '@' and get the first element,s.split('@')[0],1901,40,8,0,0,6,0,9,0
15247628,How to find duplicate names using pandas?,find duplicate names in column 'name' of the dataframe `x`,x.set_index('name').index.get_duplicates(),1902,40,3,44,0,51,0,9,0
15851568,how to get the last part of a string before a certain character?,Split a string `x` by last occurrence of character `-`,print(x.rpartition('-')[0]),1947,41,8,0,0,5,0,9,0
16866261,Detecting non-ascii characters in unicode string,"Strip all non-ASCII characters from a unicode string, `\xa3\u20ac\xa3\u20ac`","print(set(re.sub('[\x00-\x7f]', '', '\xa3\u20ac\xa3\u20ac')))",2008,42,8,0,0,41,0,9,0
16868457,python sorting dictionary by length of values,sort a dictionary `d` by length of its values and print as string,"print(' '.join(sorted(d, key=lambda k: len(d[k]), reverse=True)))",2010,42,1,62,0,57,0,9,0
17109608,change figure size and figure format in matplotlib,change figure size to 3 by 4 in matplotlib,"plt.figure(figsize=(3, 4))",2031,43,4,37,1,25,1,9,0
18253210,Creating a numpy array of 3D coordinates from three 1D arrays,"creating a numpy array of 3d coordinates from three 1d arrays `x_p`, `y_p` and `z_p`","np.vstack(np.meshgrid(x_p, y_p, z_p)).reshape(3, -1).T",2116,45,6,36,0,9,0,9,0
19641579,Python convert tuple to string,"concatenate strings in tuple `('a', 'b', 'c', 'd', 'g', 'x', 'r', 'e')` into a single string",""""""""""""".join(('a', 'b', 'c', 'd', 'g', 'x', 'r', 'e'))",2214,48,8,0,0,9,0,9,0
22963263,Creating a zero-filled pandas data frame,create a dataframe `d` filled with zeros with indices from 0 to length of `data` and column names from `feature_list`,"d = pd.DataFrame(0, index=np.arange(len(data)), columns=feature_list)",2370,52,3,63,0,19,0,9,0
31818050,round number to nearest integer,round number `x` to nearest integer,int(round(x)),2596,57,5,33,0,3,0,9,0
32458541,Django can't find URL pattern,Confirm urls in Django properly,"url('^$', include('sms.urls')),",2622,58,4,61,1,10,1,9,0
35883459,Creating a list of dictionaries in python,"creating a list of dictionaries [{'A': 1, 'C': 4, 'B': 2, 'D': 4}, {'A': 1, 'C': 4, 'B': 1, 'D': 5}]","[{'A': 1, 'C': 4, 'B': 2, 'D': 4}, {'A': 1, 'C': 4, 'B': 1, 'D': 5}]",2702,60,1,2,0,38,0,9,0
41127441,"Why can you loop through an implicit tuple in a for loop, but not a comprehension in Python?",get a list each value `i` in the implicit tuple `range(3)`,list(i for i in range(3)),2826,63,7,52,1,5,0,9,0
42387471,How to add a colorbar for a hist2d plot,add a colorbar to plot `plt` using image `im` on axes `ax`,"plt.colorbar(im, ax=ax)",2870,64,4,44,1,48,1,9,0
