question_id,intent,rewritten_intent,snippet,idx,time_batch,cluster,gradual_batch,gradual_new,recurring_batch,rec_new,sudden_batch,sudden_new
1854,What OS am I running on,get os version,"import platform
platform.release()",7,0,4,61,1,11,1,61,0
275018,remove (chomp) a newline,"remove trailing newline in string ""test string\n""",'test string\n'.rstrip(),127,0,8,0,0,39,0,61,0
444591,convert a string of bytes into an int (python),convert string of bytes `y\xcc\xa6\xbb` into an int,"struct.unpack('<L', 'y\xcc\xa6\xbb')[0]",198,0,5,47,0,61,0,61,0
940822,"Regular expression syntax for ""match nothing""?",regular expression match nothing,re.compile('$^'),377,0,0,1,0,8,0,61,0
952914,Making a flat list out of list of lists,make a flat list from list of lists `sublist`,[item for sublist in l for item in sublist],379,1,7,50,1,56,0,61,0
1094717,Convert a string to integer with decimal in Python,convert a string `s` containing a decimal to an integer,int(Decimal(s)),416,1,5,10,0,16,0,61,0
1514553,declare an array,declare an array `variable`,variable = [],465,3,6,4,0,51,0,61,0
2372573,How do I remove whitespace from the end of a string in Python?,"remove white spaces from the end of string ""    xyz     ""","""""""    xyz     """""".rstrip()",593,6,8,11,0,44,0,61,0
3061761,Numpy array dimensions,get the dimensions of numpy array `a`,a.shape,698,9,6,49,0,6,0,61,0
3151146,Replace the single quote (') character from a string,"replace single quote character in string ""didn't"" with empty string ''","""""""didn't"""""".replace(""'"", '')",707,9,8,0,0,49,0,61,0
3227624,Cross-platform addressing of the config file,get file '~/foo.ini',config_file = os.path.expanduser('~/foo.ini'),720,9,9,43,1,40,0,61,0
4296249,How do I convert a hex triplet to an RGB tuple and back?,convert hex triplet string `rgbstr` to rgb tuple,"struct.unpack('BBB', rgbstr.decode('hex'))",912,14,5,23,0,57,0,61,0
4574509,Remove duplicate chars using regex?,remove duplicate characters from string 'ffffffbbbbbbbqqq',"re.sub('([a-z])\\1+', '\\1', 'ffffffbbbbbbbqqq')",947,15,8,24,0,52,0,61,0
6018340,Capturing group with findall?,match regex 'abc(de)fg(123)' on string 'abcdefg123 and again abcdefg123',"re.findall('abc(de)fg(123)', 'abcdefg123 and again abcdefg123')",1117,19,0,3,0,37,0,61,0
6886493,Get all object attributes,Get all object attributes of an object,dir(),1183,21,4,23,1,12,1,61,0
6996603,Delete a file or folder,delete an empty directory,os.rmdir(),1191,21,9,54,1,20,0,61,0
8440117,How do I print a Celsius symbol with matplotlib?,print a celsius symbol on x axis of a plot `ax`,ax.set_xlabel('Temperature (\u2103)'),1332,25,4,13,1,10,1,61,0
9040939,How to find all possible sequences of elements in a list?,"find all possible sequences of elements in a list `[2, 3, 4]`","map(list, permutations([2, 3, 4]))",1385,26,7,35,1,29,0,61,0
10271484,How to perform element-wise multiplication of two lists in Python?,create a list containing the multiplication of each elements at the same index of list `lista` and list `listb`,"[(a * b) for a, b in zip(lista, listb)]",1479,29,7,26,1,53,0,61,0
11300383,How to find the count of a word in a string?,find the count of a word 'Hello' in a string `input_string`,input_string.count('Hello'),1559,31,0,44,0,1,0,61,0
12829889,Find Max in Nested Dictionary,Find a max value of the key `count` in a nested dictionary `d`,"max(d, key=lambda x: d[x]['count'])",1678,34,1,51,0,37,0,61,0
14104778,Set execute bit for a file using python,Change the mode of file 'my_script.sh' to permission number 484,"os.chmod('my_script.sh', 484)",1805,37,9,63,1,37,0,61,0
15103484,"How to use regular expression to separate numbers and characters in strings like ""30M1000N20M""",separate numbers and characters in string '20M10000N80M',"re.findall('([0-9]+|[A-Z])', '20M10000N80M')",1894,39,5,32,0,55,0,61,0
15411107,Delete a dictionary item if the key exists,"Delete an item with key ""key"" from `mydict`","mydict.pop('key', None)",1923,40,1,36,0,35,0,61,0
15650538,Sub matrix of a list of lists (without numpy),"Create sub matrix of a list of lists `[[2, 3, 4], [2, 3, 4], [2, 3, 4]]` (without numpy)","[[2, 3, 4], [2, 3, 4], [2, 3, 4]]",1937,40,6,4,0,40,0,61,0
16127862,"in Python, how to convert list of float numbers to string with certain format?",convert list `lst` of tuples of floats to list `str_list` of tuples of strings of floats in scientific notation with eight decimal point precision,str_list = [tuple('{0:.8e}'.format(flt) for flt in sublist) for sublist in lst],1969,41,5,54,0,7,0,61,0
16566069,Url decode UTF-8 in Python,decode a urllib escaped url string `url` with `utf8`,url = urllib.parse.unquote(url).decode('utf8'),1993,42,8,0,0,1,0,61,0
17331290,How to check for palindrome using Python logic,check if string `str` is palindrome,str(n) == str(n)[::-1],2052,43,0,21,0,64,0,61,0
17426386,How to transform a tuple to a string of values without comma and parentheses,"Concat each values in a tuple `(34.2424, -64.2344, 76.3534, 45.2344)` to get a string",""""""""""""".join(str(i) for i in (34.2424, -64.2344, 76.3534, 45.2344))",2056,44,5,18,0,64,0,61,0
17952279,Logarithmic y-axis bins in python,plot a data logarithmically in y axis,"plt.yscale('log', nonposy='clip')",2093,44,4,57,1,25,1,61,0
18723580,"python: rstrip one exact string, respecting order",strip the string `.txt` from anywhere in the string `Boat.txt.txt`,"""""""Boat.txt.txt"""""".replace('.txt', '')",2158,46,8,0,0,30,0,61,0
20668060,PyQt QPushButton Background color,change the background colour of the button `pushbutton` to red,self.pushButton.setStyleSheet('background-color: red'),2274,49,4,52,1,25,1,61,0
22187233,How to delete all instances of a character in a string in python?,delete all instances of a character 'i' in a string 'it is icy',"re.sub('i', '', 'it is icy')",2343,51,8,0,0,2,0,61,0
23359886,selecting rows in numpy ndarray based on the value of two columns,"selecting rows in Numpy ndarray 'a', where the value in the first column is 0 and value in the second column is 1","a[np.where((a[:, (0)] == 0) * (a[:, (1)] == 1))]",2378,52,6,18,0,57,0,61,0
25474338,regex for repeating words in a string in Python,regex for repeating words in a string `s`,"re.sub('(?<!\\S)((\\S+)(?:\\s+\\2))(?:\\s+\\2)+(?!\\S)', '\\1', s)",2424,53,0,60,0,34,0,61,0
29881993,How can I access elements inside a list within a dictionary python?,"join together with "","" elements inside a list indexed with 'category' within a dictionary `trans`",""""""","""""".join(trans['category'])",2534,56,1,41,0,56,0,61,0
31258561,get current directory - Python,Get the current directory of a script,os.path.basename(os.path.dirname(os.path.realpath(__file__))),2577,57,9,56,1,3,0,61,0
32792602,Find string with regular expression in python,search for occurrences of regex pattern `pattern` in string `url`,print(pattern.search(url).group(1)),2631,58,0,6,0,50,0,61,0
35005907,re.split with spaces in python,split string `s` based on white spaces,"re.findall('\\s+|\\S+', s)",2680,60,8,0,0,13,0,61,0
