question_id,intent,rewritten_intent,snippet,idx,time_batch,cluster,gradual_batch,gradual_new,recurring_batch,rec_new,sudden_batch,sudden_new
517355,String formatting in Python,Display `1 2 3` as a list of string,"print('[{0}, {1}, {2}]'.format(1, 2, 3))",221,0,5,37,0,13,0,47,0
674764,string find,find the index of sub string 'df' in string 'sdfasdf','sdfasdf'.index('df'),279,0,3,9,0,50,0,47,0
761804,Trimming a string,trim string `myString `,myString.strip(),319,0,8,0,0,37,0,47,0
764235,Dictionary to lowercase in Python,lowercase all keys and values in dictionary `{'My Key': 'My Value'}`,"dict((k.lower(), v) for k, v in {'My Key': 'My Value'}.items())",324,0,1,2,0,57,0,47,0
818949,How to convert strings numbers to integers in a list?,create list `changed_list ` containing elements of list `original_list` whilst converting strings containing digits to integers,changed_list = [(int(f) if f.isdigit() else f) for f in original_list],335,0,5,4,0,13,0,47,0
1024847,Add key to a dictionary,"Add key ""mynewkey"" to dictionary `d` with value ""mynewvalue""",d['mynewkey'] = 'mynewvalue',401,1,1,8,0,42,0,47,0
1269217,Calling a base class's classmethod in Python,Call a base class's class method `do` from derived class `Derived`,"super(Derived, cls).do(a)",437,2,4,51,1,46,1,47,0
1666700,How to count the number of times something occurs inside a certain string?,count number of times string 'brown' occurred in string 'The big brown fox is brown',"""""""The big brown fox is brown"""""".count('brown')",484,3,0,17,0,6,0,47,0
1747817,Create a dictionary with list comprehension,Create a dictionary `d` from list `iterable`,"d = dict(((key, value) for (key, value) in iterable))",498,4,1,4,0,37,0,47,0
2151517,Create Union of All Values Contained in Multiple Lists,get the union of values in list of lists `result_list`,return list(set(itertools.chain(*result_list))),558,5,7,41,1,2,0,47,0
2225564,Get a filtered list of files in a directory,create a list `files` containing all files in directory '.' that starts with numbers between 0 and 9 and ends with the extension '.jpg',"files = [f for f in os.listdir('.') if re.match('[0-9]+.*\\.jpg', f)]",574,6,9,44,1,21,0,47,0
3061761,Numpy array dimensions,get the dimensions of numpy array `a`,N.shape(a),700,9,6,39,0,38,0,47,0
3207219,list all files of a directory,list all files of a directory `mypath`,"onlyfiles = [f for f in listdir(mypath) if isfile(join(mypath, f))]",717,9,9,38,1,2,0,47,0
4143502,How to do a scatter plot with empty circles in Python?,do a scatter plot with empty circles,"plt.plot(np.random.randn(100), np.random.randn(100), 'o', mfc='none')",886,14,4,40,1,28,1,47,0
4267019,Double-decoding unicode in python,encode `u'X\xc3\xbcY\xc3\x9f'` as unicode and decode with utf-8,'X\xc3\xbcY\xc3\x9f'.encode('raw_unicode_escape').decode('utf-8'),904,14,8,0,0,41,0,47,0
4524723,Take screenshot in Python on Mac OS X,take screenshot 'screen.png' on mac os x,os.system('screencapture screen.png'),944,15,4,51,1,11,1,47,0
5212870,Sorting a Python list by two criteria,Sorting a Python list by two criteria,"sorted(list, key=lambda x: (x[0], -x[1]))",1046,18,7,41,1,59,0,47,0
5507948,How can I insert NULL data into MySQL database with Python?,insert row into mysql database with column 'column1' set to the value `value`,"cursor.execute('INSERT INTO table (`column1`) VALUES (%s)', (value,))",1074,18,4,47,1,46,1,47,0
6372228,how to parse a list or string into chunks of fixed length,Get a list of strings `split_text` with fixed chunk size `n` from a string `the_list`,"split_list = [the_list[i:i + n] for i in range(0, len(the_list), n)]",1137,20,8,0,0,36,0,47,0
6539881,Python: Converting from ISO-8859-1/latin1 to UTF-8,convert string `apple` from iso-8859-1/latin1 to utf-8,apple.decode('iso-8859-1').encode('utf8'),1157,20,8,0,0,22,0,47,0
7371935,Sort a string in lexicographic order python,"get a sorted list of the characters of string `s` in lexicographic order, with lowercase letters first","sorted(s, key=str.lower)",1230,22,0,50,0,20,0,47,0
9427163,Remove duplicate dict in list in Python,remove duplicate dict in list `l`,[dict(t) for t in set([tuple(d.items()) for d in l])],1413,27,1,8,0,56,0,47,0
9618050,Python regular expression with codons,match regex pattern 'TAA(?:[ATGC]{3})+?TAA' on string `seq`,"re.findall('TAA(?:[ATGC]{3})+?TAA', seq)",1433,28,0,10,0,3,0,47,0
9652832,How to I load a tsv file into a Pandas DataFrame?,load a tsv file `c:/~/trainSetRel3.txt` into a pandas data frame,"DataFrame.from_csv('c:/~/trainSetRel3.txt', sep='\t')",1439,28,3,53,0,22,0,47,0
10487278,Python - How to declare and add items to an array?,Insert item `12` to a list `my_list`,my_list.append(12),1494,29,7,22,1,62,0,47,0
11303225,How to remove multiple indexes from a list at the same time?,remove multiple values from a list `my_list` at the same time with index starting at `2` and ending just before `6`.,del my_list[2:6],1560,31,7,18,1,32,0,47,0
11303238,Finding recurring patterns in a string,find recurring patterns in a string '42344343434',"re.findall('^(.+?)((.+)\\3+)$', '42344343434')[0][:-1]",1561,31,0,12,0,5,0,47,0
13794532,Python regular expression for Beautiful Soup,Find all `div` tags whose classes has the value `comment-` in a beautiful soup object `soup`,"soup.find_all('div', class_=re.compile('comment-'))",1778,36,4,62,1,28,1,47,0
14406214,Moving x-axis to the top of a plot in matplotlib,move an x-axis label to the top of a plot `ax` in matplotlib,ax.xaxis.set_label_position('top'),1828,38,4,18,1,12,1,47,0
14986218,From a list of lists to a dictionary,Convert a list of lists `lol` to a dictionary with key as second value of a list and value as list itself,{x[1]: x for x in lol},1882,39,1,5,0,42,0,47,0
17960441,"in Numpy, how to zip two 2-D arrays?",zip two 2-d arrays `a` and `b`,"np.array(zip(a.ravel(), b.ravel()), dtype='i4,i4').reshape(a.shape)",2095,45,6,10,0,30,0,47,0
18292500,Python logging typeerror,Log message 'test' on the root logger.,logging.info('test'),2119,45,4,15,1,26,1,47,0
20025882,Append string to the start of each value in a said column of a pandas dataframe (elegantly),append string 'str' at the beginning of each value in column 'col' of dataframe `df`,df['col'] = 'str' + df['col'].astype(str),2237,48,3,58,0,53,0,47,0
27744882,Finding consecutive consonants in a word,find consecutive consonants in a word `CONCENTRATION` using regex,"re.findall('[bcdfghjklmnpqrstvwxyz]+', 'CONCERTATION', re.IGNORECASE)",2470,54,0,28,0,14,0,47,0
30241279,Flask - How to make an app externally visible through a router?,run app `app` on host '192.168.0.58' and port 9000 in Flask,"app.run(host='192.168.0.58', port=9000, debug=False)",2546,56,4,40,1,11,1,47,0
30843103,How to get the index of an integer from a list if the list contains a boolean?,get the index of an integer `1` from a list `lst` if the list also contains boolean items,"next(i for i, x in enumerate(lst) if not isinstance(x, bool) and x == 1)",2568,57,7,22,1,24,0,47,0
31818050,round number to nearest integer,round number `h` to nearest integer,h = int(round(h)),2600,57,5,13,0,1,0,47,0
39353758,pandas pivot table of sales,pivot dataframe `df` so that values for `upc` become column headings and values for `saleid` become the index,"df.pivot_table(index='saleid', columns='upc', aggfunc='size', fill_value=0)",2759,62,3,44,0,1,0,47,0
39414085,How to convert the following string in python?,lower-case the string obtained by replacing the occurrences of regex pattern '(?<=[a-z])([A-Z])' in string `s` with eplacement '-\\1',"re.sub('(?<=[a-z])([A-Z])', '-\\1', s).lower()",2763,62,0,64,0,35,0,47,0
